loan_id,age,annual_income,loan_amount,loan_term_months,interest_rate,credit_score,employment_years,num_credit_lines,debt_to_income,loan_purpose,home_ownership,default
L00001,60,89135,42725,24,18.45,364,5,1,0.479,car,RENT,0
L00002,50,58956,47434,60,8.47,515,8,8,0.805,education,MORTGAGE,0
L00003,36,80065,22215,12,7.21,325,16,4,0.277,debt_consolidation,RENT,0
L00004,64,18115,12110,48,20.93,343,29,7,0.669,debt_consolidation,MORTGAGE,1
L00005,29,69655,42112,24,19.76,389,19,4,0.605,education,MORTGAGE,1
L00006,42,42120,23555,12,11.22,432,15,7,0.559,home_improvement,RENT,1
L00007,60,41832,18462,12,17.51,460,25,1,0.441,home_improvement,OWN,0
L00008,40,50529,15696,36,7.36,679,28,1,0.311,vacation,MORTGAGE,0
L00009,44,29357,3031,60,14.63,560,25,2,0.103,debt_consolidation,OWN,0
L00010,32,62970,25765,48,5.36,682,11,5,0.409,home_improvement,RENT,0
L00011,32,58432,49858,60,12.44,668,17,6,0.853,debt_consolidation,OWN,0
L00012,45,59791,17816,36,6.42,410,8,2,0.298,debt_consolidation,OWN,0
L00013,57,70966,19868,48,14.03,376,2,1,0.28,car,MORTGAGE,0
L00014,61,82266,12437,48,13.01,508,9,9,0.151,car,MORTGAGE,0
L00015,45,48453,17453,24,13.44,312,10,7,0.36,education,RENT,0
L00016,24,63592,24222,48,5.86,847,1,8,0.381,debt_consolidation,RENT,0
L00017,43,60273,16258,12,11.87,324,7,6,0.27,car,RENT,0
L00018,23,61797,36318,60,19.37,845,19,9,0.588,education,MORTGAGE,0
L00019,45,62066,14977,60,12.01,439,10,8,0.241,home_improvement,OWN,0
L00020,51,83629,39450,24,18.59,574,17,4,0.472,debt_consolidation,MORTGAGE,0
L00021,59,46725,49207,48,12.02,669,19,5,1.053,car,RENT,0
L00022,23,27536,20213,36,13.04,521,6,2,0.734,home_improvement,MORTGAGE,0
L00023,42,42438,38519,12,15.71,336,13,1,0.908,debt_consolidation,RENT,0
L00024,54,68630,47682,24,23.06,428,6,6,0.695,education,MORTGAGE,0
L00025,33,55419,12223,48,7.07,615,0,3,0.221,debt_consolidation,OWN,0
L00026,43,46583,41369,36,5.63,622,28,4,0.888,car,MORTGAGE,0
L00027,46,35623,22843,48,16.55,732,11,1,0.641,home_improvement,RENT,0
L00028,48,58983,5856,24,23.03,517,27,6,0.099,debt_consolidation,MORTGAGE,0
L00029,63,66601,14661,36,23.8,547,0,8,0.22,debt_consolidation,RENT,0
L00030,49,60505,17591,36,14.2,410,2,4,0.291,education,RENT,0
L00031,37,50440,8182,36,13.89,446,1,8,0.162,vacation,RENT,0
L00032,36,57639,9970,36,17.25,643,2,3,0.173,debt_consolidation,OWN,0
L00033,24,57535,49922,48,15.56,808,3,7,0.868,vacation,RENT,0
L00034,58,58414,36862,36,17.05,804,13,3,0.631,vacation,RENT,0
L00035,28,33682,32755,48,21.61,433,22,6,0.972,home_improvement,OWN,0
L00036,42,58551,46863,36,19.18,763,17,4,0.8,medical,RENT,0
L00037,30,47069,21416,36,14.44,490,22,6,0.455,education,RENT,0
L00038,60,73731,15672,24,13.78,462,4,7,0.213,vacation,OWN,0
L00039,39,57392,19932,48,17.15,755,14,8,0.347,home_improvement,RENT,0
L00040,25,70038,48996,48,13.66,360,15,6,0.7,education,RENT,1
L00041,46,49567,10559,60,13.7,304,7,4,0.213,car,MORTGAGE,0
L00042,35,50217,2064,24,5.31,336,23,9,0.041,vacation,RENT,0
L00043,30,81896,5299,48,8.31,759,20,7,0.065,medical,MORTGAGE,0
L00044,47,62854,6849,24,14.28,516,25,9,0.109,car,RENT,0
L00045,23,42138,7639,24,20.63,438,7,3,0.181,education,MORTGAGE,0
L00046,41,71145,13055,24,10.3,398,27,5,0.183,vacation,RENT,0
L00047,49,45400,24058,12,14.93,563,29,1,0.53,vacation,MORTGAGE,0
L00048,28,59062,31427,48,11.55,523,24,8,0.532,medical,OWN,0
L00049,29,88060,18980,24,6.99,310,6,1,0.216,debt_consolidation,RENT,0
L00050,56,29236,12866,12,23.21,626,5,1,0.44,medical,RENT,0
L00051,35,51835,5889,12,21.24,649,6,7,0.114,home_improvement,RENT,0
L00052,38,62348,33335,36,6.49,678,22,8,0.535,home_improvement,RENT,0
L00053,57,68764,28162,36,18.68,530,18,3,0.41,medical,RENT,0
L00054,61,32657,25913,48,11.6,440,21,2,0.793,medical,MORTGAGE,0
L00055,25,27355,26687,36,23.9,348,21,7,0.976,medical,RENT,0
L00056,23,74633,35220,48,10.75,750,26,5,0.472,medical,RENT,0
L00057,27,42032,12995,12,9.54,790,24,1,0.309,medical,MORTGAGE,0
L00058,63,41278,4631,12,15.79,504,0,2,0.112,vacation,MORTGAGE,0
L00059,25,82904,36954,48,20.87,708,12,3,0.446,education,RENT,0
L00060,50,56254,7967,36,8.66,706,6,6,0.142,education,MORTGAGE,0
L00061,39,56372,24758,36,18.48,350,0,1,0.439,car,OWN,0
L00062,47,51763,23742,48,6.17,474,9,8,0.459,home_improvement,RENT,0
L00063,55,32968,39116,60,22.46,560,12,2,1.186,home_improvement,RENT,0
L00064,31,67162,28580,36,6.54,779,3,5,0.426,education,RENT,0
L00065,57,62370,36227,24,22.37,522,28,8,0.581,education,RENT,0
L00066,35,58036,3942,36,14.33,568,6,5,0.068,car,RENT,0
L00067,52,52906,49664,60,13.51,617,5,8,0.939,medical,RENT,0
L00068,36,49738,30069,12,23.49,684,5,6,0.605,education,OWN,0
L00069,29,71424,23806,12,23.82,518,20,7,0.333,education,MORTGAGE,0
L00070,35,52456,16407,12,17.35,353,10,8,0.313,car,OWN,0
L00071,44,53846,16557,36,7.42,499,22,3,0.307,medical,MORTGAGE,0
L00072,61,64538,18445,12,14.62,638,8,5,0.286,home_improvement,MORTGAGE,0
L00073,42,58743,19878,60,15.05,604,29,7,0.338,education,MORTGAGE,0
L00074,37,84560,19564,60,14.77,544,21,9,0.231,debt_consolidation,MORTGAGE,0
L00075,39,23295,15093,36,15.82,507,25,6,0.648,home_improvement,RENT,0
L00076,45,60398,37556,24,5.36,810,6,1,0.622,home_improvement,RENT,0
L00077,47,42299,28451,36,18.51,558,8,8,0.673,debt_consolidation,OWN,0
L00078,46,38042,45168,12,18.54,679,22,6,1.187,car,RENT,0
L00079,62,46772,26086,36,7.19,462,5,1,0.558,vacation,RENT,0
L00080,50,55984,18489,60,15.83,640,18,4,0.33,medical,RENT,0
L00081,36,56783,30004,36,15.8,829,13,6,0.528,medical,MORTGAGE,0
L00082,22,27688,22471,36,17.97,333,0,1,0.812,home_improvement,RENT,1
L00083,46,45260,28284,24,6.62,622,25,5,0.625,debt_consolidation,RENT,0
L00084,28,60061,38693,60,16.9,480,15,3,0.644,home_improvement,RENT,0
L00085,30,39215,20292,48,10.33,646,8,7,0.517,home_improvement,MORTGAGE,0
L00086,45,34933,20433,48,14.63,491,22,8,0.585,education,RENT,0
L00087,22,15000,16568,60,19.69,545,14,3,1.105,car,RENT,0
L00088,29,43062,47424,48,18.41,544,18,3,1.101,medical,MORTGAGE,0
L00089,45,34306,11466,12,7.26,432,9,3,0.334,vacation,MORTGAGE,0
L00090,32,37289,27521,48,16.23,496,15,6,0.738,debt_consolidation,MORTGAGE,0
L00091,38,50107,38672,12,23.41,646,24,6,0.772,vacation,MORTGAGE,0
L00092,29,44203,17467,60,7.98,348,2,3,0.395,debt_consolidation,RENT,0
L00093,56,34007,34019,48,21.21,363,18,6,1.0,medical,MORTGAGE,0
L00094,56,16914,12419,48,18.35,403,12,9,0.734,car,RENT,0
L00095,54,60441,18676,12,19.71,512,13,8,0.309,vacation,MORTGAGE,0
L00096,26,68550,31255,12,10.36,816,6,7,0.456,debt_consolidation,RENT,0
L00097,63,47858,33514,36,10.47,418,1,7,0.7,home_improvement,RENT,0
L00098,60,50216,45182,24,22.21,541,25,8,0.9,medical,RENT,0
L00099,62,55050,24650,48,11.84,579,13,7,0.448,car,RENT,0
L00100,49,83418,24754,24,6.2,723,22,3,0.297,education,OWN,0
L00101,28,26781,14165,24,16.41,662,22,8,0.529,home_improvement,OWN,0
L00102,30,47539,12683,48,7.37,605,16,8,0.267,car,OWN,0
L00103,29,24004,34556,12,20.14,785,12,1,1.44,debt_consolidation,RENT,1
L00104,33,61521,17442,36,17.19,613,25,5,0.284,home_improvement,RENT,0
L00105,55,52408,6860,60,21.62,812,26,5,0.131,education,OWN,0
L00106,54,58653,5729,48,19.91,466,1,1,0.098,education,MORTGAGE,0
L00107,44,57756,33351,48,7.13,693,4,6,0.577,car,RENT,0
L00108,45,72832,49168,60,12.24,362,29,6,0.675,medical,OWN,0
L00109,58,64686,26346,24,19.72,571,3,4,0.407,vacation,MORTGAGE,0
L00110,56,69949,10619,36,12.93,336,29,6,0.152,education,RENT,0
L00111,61,35820,13164,24,23.47,315,2,6,0.368,education,RENT,0
L00112,43,76477,40878,60,18.98,642,25,1,0.535,vacation,RENT,0
L00113,48,41997,8955,60,5.29,645,13,5,0.213,home_improvement,MORTGAGE,0
L00114,56,43032,2106,36,21.72,838,10,2,0.049,medical,RENT,0
L00115,22,59875,6754,60,6.92,532,7,7,0.113,medical,RENT,0
L00116,56,60434,46293,60,7.67,715,22,9,0.766,car,MORTGAGE,0
L00117,58,35706,23662,36,18.96,566,8,9,0.663,home_improvement,RENT,0
L00118,35,51880,8408,48,21.43,625,15,9,0.162,medical,OWN,0
L00119,24,81788,42403,24,15.19,742,2,7,0.518,car,RENT,0
L00120,22,28569,3225,48,10.49,375,9,7,0.113,medical,MORTGAGE,0
L00121,26,81733,14196,48,11.67,546,0,1,0.174,home_improvement,MORTGAGE,0
L00122,47,50649,6250,24,11.51,612,8,6,0.123,medical,OWN,0
L00123,35,15000,17372,48,11.21,642,15,5,1.158,medical,RENT,0
L00124,60,30398,19279,36,9.62,481,8,8,0.634,medical,RENT,0
L00125,48,37657,46865,24,16.57,698,27,8,1.245,vacation,OWN,0
L00126,30,43769,32193,12,22.11,540,11,4,0.736,debt_consolidation,RENT,0
L00127,36,53115,46823,48,10.83,591,0,1,0.882,home_improvement,OWN,0
L00128,36,15000,28868,60,8.55,353,15,6,1.925,vacation,OWN,1
L00129,47,58362,40187,24,20.93,444,29,1,0.689,debt_consolidation,MORTGAGE,0
L00130,63,36008,30475,12,19.09,655,7,5,0.846,education,RENT,0
L00131,34,80029,46552,60,22.69,776,13,5,0.582,medical,OWN,0
L00132,53,50136,4433,12,8.14,321,13,3,0.088,medical,MORTGAGE,0
L00133,60,71971,12998,48,7.74,630,9,5,0.181,vacation,OWN,0
L00134,53,74986,46343,60,15.29,591,0,6,0.618,car,MORTGAGE,0
L00135,25,74498,33133,48,16.67,535,5,5,0.445,home_improvement,RENT,0
L00136,51,44804,36069,60,14.12,328,8,1,0.805,debt_consolidation,MORTGAGE,0
L00137,58,44574,8858,24,16.38,459,18,7,0.199,medical,MORTGAGE,0
L00138,44,50950,10950,36,8.43,829,21,3,0.215,home_improvement,RENT,0
L00139,60,66452,10938,36,14.11,849,15,7,0.165,medical,RENT,0
L00140,36,45807,27168,12,17.5,400,18,5,0.593,medical,RENT,0
L00141,64,52853,34099,60,13.22,589,10,3,0.645,medical,OWN,0
L00142,50,59924,7644,48,17.91,676,29,6,0.128,home_improvement,OWN,0
L00143,57,38711,45846,24,13.57,472,20,1,1.184,vacation,RENT,0
L00144,34,37574,11260,24,11.34,642,10,6,0.3,home_improvement,MORTGAGE,0
L00145,53,52151,49458,24,10.77,490,13,4,0.948,home_improvement,MORTGAGE,0
L00146,28,54535,38075,36,12.81,738,6,4,0.698,education,MORTGAGE,0
L00147,43,62809,18488,48,5.44,642,26,5,0.294,car,OWN,0
L00148,49,67093,2395,24,17.7,424,25,9,0.036,car,OWN,0
L00149,23,35216,12845,24,21.06,659,11,1,0.365,vacation,MORTGAGE,0
L00150,63,40382,38059,12,11.74,802,19,3,0.942,car,RENT,0
L00151,27,37526,20394,60,5.87,472,19,4,0.543,vacation,MORTGAGE,0
L00152,49,80424,30457,60,23.75,693,22,2,0.379,medical,OWN,0
L00153,49,52835,47906,60,10.01,760,4,9,0.907,medical,RENT,0
L00154,41,55290,39305,12,7.41,419,0,7,0.711,home_improvement,RENT,0
L00155,51,56039,44628,36,12.03,572,10,1,0.796,medical,RENT,0
L00156,32,42117,23352,12,19.03,657,14,9,0.554,car,RENT,0
L00157,49,83156,23146,24,10.58,685,9,6,0.278,debt_consolidation,OWN,0
L00158,46,62398,19435,48,15.92,618,28,2,0.311,home_improvement,MORTGAGE,1
L00159,60,55712,41386,24,12.9,560,14,1,0.743,vacation,RENT,0
L00160,54,35105,39491,24,7.24,580,27,6,1.125,medical,RENT,0
L00161,22,34085,21968,48,11.28,628,12,7,0.645,home_improvement,OWN,0
L00162,48,49439,49605,60,18.77,423,14,6,1.003,home_improvement,RENT,0
L00163,34,42400,10539,12,16.63,775,1,7,0.249,home_improvement,RENT,0
L00164,62,35786,3263,36,7.28,577,21,6,0.091,medical,RENT,0
L00165,24,48322,15305,24,8.1,392,12,8,0.317,vacation,RENT,0
L00166,60,51104,26398,24,17.17,846,11,2,0.517,home_improvement,RENT,0
L00167,27,57552,45702,36,20.45,427,24,9,0.794,home_improvement,RENT,1
L00168,29,45929,34080,12,11.64,831,22,9,0.742,home_improvement,MORTGAGE,0
L00169,48,36863,12265,24,16.31,466,3,9,0.333,education,RENT,0
L00170,30,37487,34152,36,8.24,535,27,7,0.911,medical,RENT,0
L00171,58,76833,29724,24,10.92,331,11,9,0.387,education,MORTGAGE,0
L00172,54,32468,32624,60,5.39,530,14,1,1.005,car,OWN,0
L00173,63,61537,36119,60,19.6,490,12,3,0.587,vacation,RENT,0
L00174,45,64351,41958,24,12.62,807,1,2,0.652,home_improvement,RENT,0
L00175,36,52817,31389,24,20.51,756,19,1,0.594,education,OWN,0
L00176,53,86820,18650,60,18.46,554,15,5,0.215,home_improvement,OWN,0
L00177,53,64030,28014,24,20.75,578,13,1,0.438,education,RENT,0
L00178,45,88172,12885,12,10.43,355,20,3,0.146,home_improvement,RENT,0
L00179,62,43280,9434,12,8.52,405,1,6,0.218,medical,MORTGAGE,0
L00180,33,43588,32028,48,23.47,491,16,6,0.735,car,OWN,0
L00181,60,64495,3022,12,18.63,577,15,3,0.047,home_improvement,RENT,0
L00182,23,50293,26331,24,20.85,843,3,4,0.524,education,RENT,0
L00183,24,85341,4037,24,5.25,474,10,7,0.047,home_improvement,RENT,0
L00184,58,61150,10756,36,11.73,384,12,6,0.176,medical,RENT,0
L00185,38,36197,48326,12,19.11,515,5,2,1.335,vacation,MORTGAGE,1
L00186,23,23737,19443,60,6.48,313,16,9,0.819,vacation,RENT,0
L00187,23,53591,36192,60,15.78,336,0,6,0.675,car,MORTGAGE,1
L00188,49,53395,6123,48,13.15,326,8,2,0.115,vacation,RENT,0
L00189,44,60647,18603,36,5.33,369,20,7,0.307,home_improvement,RENT,0
L00190,58,76792,2405,60,9.48,453,17,4,0.031,medical,RENT,0
L00191,53,74424,44597,48,10.41,737,10,1,0.599,home_improvement,OWN,0
L00192,54,44579,20702,12,7.13,570,13,9,0.464,home_improvement,OWN,0
L00193,22,31711,44719,36,17.0,840,1,8,1.41,car,MORTGAGE,0
L00194,40,32785,28250,36,9.61,373,19,5,0.862,vacation,OWN,0
L00195,23,41737,43751,24,10.27,448,10,3,1.048,vacation,RENT,0
L00196,47,48398,23442,12,22.07,805,1,4,0.484,vacation,MORTGAGE,0
L00197,53,60491,19693,36,13.88,309,3,3,0.326,education,RENT,0
L00198,27,40582,26005,48,12.45,801,26,8,0.641,home_improvement,OWN,1
L00199,53,60047,46793,60,18.75,361,12,5,0.779,medical,RENT,0
L00200,25,61516,39697,12,22.28,687,5,8,0.645,medical,RENT,0
L00201,32,57580,30988,12,5.48,531,6,1,0.538,home_improvement,MORTGAGE,0
L00202,38,34684,34333,36,13.52,827,21,9,0.99,debt_consolidation,RENT,0
L00203,59,63420,31992,36,16.6,849,19,3,0.504,home_improvement,MORTGAGE,0
L00204,45,92462,11522,36,11.05,744,25,1,0.125,education,MORTGAGE,0
L00205,26,59426,47406,48,19.68,620,2,3,0.798,vacation,RENT,0
L00206,55,15000,43470,24,23.46,382,3,2,2.898,home_improvement,RENT,1
L00207,27,77335,45532,36,22.93,733,27,7,0.589,education,MORTGAGE,0
L00208,43,42350,14121,24,10.05,316,20,4,0.333,debt_consolidation,MORTGAGE,0
L00209,32,95782,16219,24,9.3,668,19,7,0.169,home_improvement,RENT,0
L00210,37,57094,3617,12,23.19,554,2,3,0.063,vacation,MORTGAGE,0
L00211,54,24675,45016,60,13.71,755,0,6,1.824,car,MORTGAGE,1
L00212,30,17835,26276,60,8.96,832,18,7,1.473,medical,OWN,0
L00213,27,82715,36351,48,18.43,691,26,7,0.439,debt_consolidation,MORTGAGE,0
L00214,37,74906,8704,48,10.4,619,20,5,0.116,car,RENT,0
L00215,50,95068,42756,60,10.08,519,12,6,0.45,medical,OWN,1
L00216,24,55196,19959,60,21.71,713,13,3,0.362,car,RENT,0
L00217,41,53982,30522,12,8.09,331,21,4,0.565,home_improvement,RENT,0
L00218,57,48111,11953,12,6.22,315,27,6,0.248,home_improvement,MORTGAGE,0
L00219,40,43150,28567,60,10.11,708,15,3,0.662,medical,RENT,0
L00220,47,47936,24560,36,16.53,472,29,7,0.512,medical,OWN,0
L00221,24,58914,4613,36,7.34,478,28,3,0.078,home_improvement,MORTGAGE,0
L00222,40,39809,38660,12,13.96,796,3,9,0.971,home_improvement,RENT,0
L00223,41,24952,47104,24,16.92,403,16,4,1.888,education,RENT,0
L00224,53,57877,41501,60,21.13,616,9,2,0.717,medical,OWN,0
L00225,28,39408,39199,48,9.37,480,28,6,0.995,medical,RENT,0
L00226,62,15000,26496,36,20.53,431,6,9,1.766,education,MORTGAGE,0
L00227,54,64946,19765,24,9.46,454,12,2,0.304,medical,RENT,0
L00228,61,35054,27721,36,17.86,658,24,4,0.791,vacation,OWN,0
L00229,60,66912,5515,24,13.18,534,12,5,0.082,education,RENT,0
L00230,39,66481,6454,60,7.18,464,21,9,0.097,vacation,RENT,0
L00231,61,60104,42537,60,18.57,726,13,7,0.708,home_improvement,RENT,0
L00232,22,99942,24873,60,9.14,787,5,5,0.249,vacation,RENT,0
L00233,32,52515,10384,12,8.36,512,15,6,0.198,debt_consolidation,OWN,0
L00234,49,49858,15727,24,11.81,456,8,9,0.315,home_improvement,OWN,0
L00235,46,67306,5534,48,17.41,374,19,4,0.082,debt_consolidation,RENT,0
L00236,44,54001,35523,48,9.45,734,15,2,0.658,car,RENT,0
L00237,52,75888,33889,60,8.49,477,20,5,0.447,debt_consolidation,OWN,0
L00238,51,32161,27465,48,5.19,611,20,7,0.854,car,MORTGAGE,0
L00239,63,32460,32593,36,13.96,426,29,4,1.004,debt_consolidation,OWN,0
L00240,56,68784,23330,24,13.14,676,11,1,0.339,car,RENT,0
L00241,28,34033,10302,24,9.44,644,15,8,0.303,car,MORTGAGE,0
L00242,37,65963,14907,24,6.02,524,4,5,0.226,home_improvement,MORTGAGE,0
L00243,47,61660,26430,36,13.16,316,23,2,0.429,medical,RENT,0
L00244,23,42499,43752,12,19.98,796,10,3,1.029,medical,OWN,0
L00245,22,61609,49153,36,18.59,772,0,5,0.798,home_improvement,OWN,0
L00246,33,32777,9181,24,21.36,610,9,4,0.28,car,MORTGAGE,0
L00247,26,37001,48213,24,5.18,436,10,9,1.303,medical,OWN,0
L00248,58,50730,14875,24,23.36,774,14,9,0.293,medical,MORTGAGE,0
L00249,53,56420,29219,48,11.49,516,25,8,0.518,debt_consolidation,RENT,0
L00250,30,49534,38182,12,23.82,495,26,2,0.771,vacation,RENT,0
L00251,62,62796,17005,36,9.8,500,2,5,0.271,home_improvement,MORTGAGE,1
L00252,56,61992,44269,24,13.96,665,23,8,0.714,vacation,MORTGAGE,0
L00253,40,82528,16245,60,11.72,827,14,8,0.197,car,MORTGAGE,0
L00254,37,53284,8457,12,11.76,699,10,7,0.159,debt_consolidation,MORTGAGE,0
L00255,24,76502,8749,60,21.0,824,8,4,0.114,medical,MORTGAGE,0
L00256,41,71573,35064,12,19.18,513,1,3,0.49,education,OWN,0
L00257,45,96291,11821,24,23.85,640,11,8,0.123,debt_consolidation,OWN,0
L00258,54,52709,34761,12,16.66,628,19,8,0.659,home_improvement,OWN,0
L00259,45,47433,40051,12,13.8,418,29,5,0.844,car,RENT,0
L00260,32,77638,15119,24,6.71,724,15,3,0.195,debt_consolidation,OWN,0
L00261,29,61937,9664,60,23.93,672,23,5,0.156,debt_consolidation,RENT,0
L00262,57,78069,31281,60,15.48,478,15,4,0.401,debt_consolidation,RENT,0
L00263,59,67902,42279,48,18.31,731,20,8,0.623,medical,RENT,0
L00264,61,17078,33821,60,12.73,701,0,2,1.98,car,MORTGAGE,1
L00265,41,61773,40233,60,15.41,693,15,8,0.651,medical,RENT,0
L00266,56,60601,26647,12,22.91,378,5,6,0.44,debt_consolidation,RENT,0
L00267,46,57395,47325,48,8.16,723,13,4,0.825,medical,RENT,0
L00268,56,52619,6382,24,10.56,417,24,3,0.121,medical,RENT,0
L00269,46,26341,18449,24,7.89,667,24,5,0.7,home_improvement,RENT,0
L00270,50,70735,19263,36,20.05,405,10,6,0.272,vacation,RENT,0
L00271,39,61727,26643,48,6.18,404,0,1,0.432,vacation,RENT,0
L00272,39,74835,11408,12,6.55,602,19,1,0.152,home_improvement,MORTGAGE,0
L00273,23,27302,25606,36,10.67,447,16,3,0.938,home_improvement,MORTGAGE,0
L00274,56,64128,29603,36,14.77,449,22,2,0.462,education,RENT,0
L00275,37,50776,48458,24,12.72,555,18,1,0.954,medical,MORTGAGE,0
L00276,62,57588,7069,60,5.85,381,1,8,0.123,education,OWN,0
L00277,57,50983,21623,12,23.19,315,13,1,0.424,medical,MORTGAGE,0
L00278,54,64784,46440,48,23.1,492,7,8,0.717,car,OWN,1
L00279,25,52068,18891,36,10.31,373,24,5,0.363,vacation,RENT,1
L00280,54,36065,9704,12,18.9,576,22,4,0.269,medical,MORTGAGE,0
L00281,35,56555,30290,24,15.99,360,21,8,0.536,car,RENT,0
L00282,42,51144,29460,36,9.51,835,25,8,0.576,education,RENT,0
L00283,41,53498,19509,36,9.98,834,28,8,0.365,vacation,RENT,0
L00284,29,15000,19269,24,14.33,642,26,3,1.285,car,MORTGAGE,0
L00285,28,67287,9975,24,12.97,694,5,8,0.148,car,OWN,0
L00286,24,49336,46837,24,10.53,557,8,1,0.949,home_improvement,RENT,0
L00287,38,30733,8565,12,20.34,497,4,4,0.279,debt_consolidation,MORTGAGE,0
L00288,54,71606,24467,12,14.15,352,4,5,0.342,debt_consolidation,MORTGAGE,0
L00289,33,66454,6870,12,17.44,570,17,6,0.103,debt_consolidation,RENT,0
L00290,43,49108,20909,60,8.6,500,21,5,0.426,car,RENT,0
L00291,43,34260,11117,36,15.14,695,13,5,0.324,medical,OWN,0
L00292,51,58204,3938,12,11.04,677,11,5,0.068,education,RENT,0
L00293,59,57215,30390,60,15.0,834,27,9,0.531,debt_consolidation,MORTGAGE,0
L00294,59,71638,46322,36,19.84,387,11,3,0.647,medical,MORTGAGE,0
L00295,29,47012,38000,12,19.61,697,21,2,0.808,vacation,RENT,0
L00296,48,76508,22128,24,11.73,481,5,2,0.289,education,RENT,0
L00297,48,45275,33781,48,18.19,582,3,8,0.746,education,RENT,1
L00298,55,30775,5465,12,22.88,832,26,5,0.178,debt_consolidation,OWN,0
L00299,42,34618,2440,48,16.89,489,14,5,0.07,car,RENT,0
L00300,51,53876,7413,12,7.82,504,22,6,0.138,home_improvement,OWN,0
L00301,54,53820,13663,24,17.91,343,14,9,0.254,car,RENT,0
L00302,49,60901,40523,48,6.99,599,24,7,0.665,education,RENT,0
L00303,54,53373,39780,60,21.57,578,16,5,0.745,medical,OWN,0
L00304,26,72591,21547,24,14.82,684,2,5,0.297,vacation,OWN,0
L00305,40,50300,18126,48,12.32,610,9,9,0.36,education,OWN,0
L00306,25,19067,41520,48,6.08,827,24,9,2.178,car,RENT,0
L00307,56,52820,2005,24,12.23,573,29,2,0.038,education,RENT,0
L00308,38,18877,39544,24,22.16,781,20,7,2.095,home_improvement,MORTGAGE,0
L00309,49,59885,9038,24,5.4,750,21,1,0.151,home_improvement,MORTGAGE,0
L00310,51,74029,8414,36,14.02,831,7,4,0.114,vacation,MORTGAGE,0
L00311,50,37247,24123,60,22.69,830,8,2,0.648,debt_consolidation,RENT,0
L00312,27,80534,5970,12,12.5,824,23,9,0.074,car,RENT,0
L00313,56,70170,13050,48,13.14,316,2,6,0.186,education,OWN,0
L00314,62,76716,4606,12,15.99,329,25,4,0.06,car,MORTGAGE,0
L00315,58,58412,18482,24,13.8,769,0,3,0.316,home_improvement,MORTGAGE,0
L00316,45,37130,35293,60,8.2,603,10,4,0.951,medical,MORTGAGE,0
L00317,50,69054,8337,60,5.35,392,12,2,0.121,car,RENT,0
L00318,52,43757,35948,36,16.59,461,11,5,0.822,home_improvement,MORTGAGE,0
L00319,56,57121,26451,24,22.5,627,28,9,0.463,medical,MORTGAGE,0
L00320,54,51915,28265,48,7.02,553,20,6,0.544,debt_consolidation,RENT,0
L00321,42,75244,27714,36,9.01,739,6,2,0.368,debt_consolidation,RENT,0
L00322,53,68145,22875,24,12.03,843,1,6,0.336,home_improvement,OWN,0
L00323,44,53549,15057,36,20.37,419,0,9,0.281,home_improvement,RENT,0
L00324,54,19871,34400,12,10.12,813,19,4,1.731,debt_consolidation,OWN,0
L00325,24,43565,7922,24,21.76,848,2,1,0.182,home_improvement,MORTGAGE,0
L00326,39,67676,5071,48,6.04,396,3,2,0.075,vacation,MORTGAGE,0
L00327,46,60041,24025,48,22.88,669,16,5,0.4,car,MORTGAGE,0
L00328,63,27942,29503,24,15.65,716,17,7,1.056,vacation,OWN,0
L00329,52,22481,25765,36,17.52,556,16,8,1.146,medical,RENT,0
L00330,24,58519,37560,60,11.99,427,18,3,0.642,home_improvement,MORTGAGE,0
L00331,61,35972,48612,24,19.86,658,3,9,1.351,home_improvement,RENT,0
L00332,45,37705,34782,48,8.16,455,28,2,0.922,medical,RENT,1
L00333,53,67106,20799,12,5.93,356,16,4,0.31,car,MORTGAGE,0
L00334,43,76640,37453,48,12.51,375,21,4,0.489,debt_consolidation,RENT,0
L00335,44,41487,29476,60,21.22,457,1,6,0.71,vacation,RENT,0
L00336,23,54194,18212,48,19.34,384,9,6,0.336,car,RENT,0
L00337,48,53663,11428,60,14.83,621,11,3,0.213,debt_consolidation,MORTGAGE,0
L00338,63,52044,33419,24,15.87,608,12,9,0.642,debt_consolidation,RENT,0
L00339,23,55730,10159,48,7.47,829,10,5,0.182,home_improvement,RENT,0
L00340,47,68616,26310,36,20.97,583,20,2,0.383,medical,MORTGAGE,0
L00341,38,42869,38868,36,19.95,341,7,6,0.907,education,OWN,1
L00342,61,27545,41142,48,17.47,433,27,3,1.494,home_improvement,RENT,1
L00343,54,85420,8004,48,13.86,703,28,8,0.094,education,OWN,0
L00344,30,74609,40289,12,23.32,792,19,3,0.54,medical,RENT,0
L00345,64,35134,13412,48,21.7,521,4,5,0.382,home_improvement,RENT,0
L00346,60,57441,13755,12,17.24,528,24,4,0.239,vacation,MORTGAGE,0
L00347,50,73192,21017,12,12.06,751,1,4,0.287,home_improvement,RENT,0
L00348,63,68482,5890,12,16.74,605,11,2,0.086,vacation,MORTGAGE,0
L00349,47,63316,30840,12,15.93,418,27,8,0.487,education,OWN,0
L00350,56,51935,19175,24,12.49,623,1,3,0.369,car,RENT,0
L00351,46,86091,11191,36,10.83,458,5,4,0.13,car,OWN,0
L00352,45,58975,2151,12,12.73,538,21,6,0.036,education,RENT,0
L00353,34,45730,21447,36,15.9,695,18,9,0.469,education,RENT,0
L00354,28,70679,24751,12,13.13,619,11,4,0.35,home_improvement,OWN,0
L00355,57,56729,31175,36,10.01,488,24,3,0.55,car,RENT,0
L00356,41,61296,26288,48,19.46,608,12,5,0.429,debt_consolidation,MORTGAGE,0
L00357,22,58656,48629,48,15.1,548,16,9,0.829,vacation,RENT,0
L00358,29,63941,49800,36,6.29,837,11,1,0.779,education,OWN,0
L00359,37,37387,39367,12,12.0,805,2,5,1.053,medical,MORTGAGE,0
L00360,35,28880,14274,24,21.81,693,23,4,0.494,vacation,RENT,0
L00361,33,80814,14218,36,19.35,705,7,5,0.176,home_improvement,MORTGAGE,0
L00362,44,59492,25792,60,11.14,480,15,7,0.434,car,OWN,0
L00363,36,68875,4977,24,22.83,320,3,7,0.072,car,MORTGAGE,0
L00364,49,23324,19226,60,6.46,454,23,7,0.824,debt_consolidation,RENT,0
L00365,55,74200,31022,36,23.26,493,26,1,0.418,car,MORTGAGE,0
L00366,23,45613,5793,12,9.67,523,25,9,0.127,home_improvement,OWN,0
L00367,53,40488,3659,60,5.17,698,12,7,0.09,home_improvement,MORTGAGE,0
L00368,44,53859,39930,36,13.24,579,7,4,0.741,medical,MORTGAGE,0
L00369,43,37396,45473,24,11.82,309,0,4,1.216,vacation,OWN,0
L00370,46,54968,18040,12,15.24,675,2,2,0.328,vacation,MORTGAGE,0
L00371,43,52545,6270,60,20.14,771,0,6,0.119,vacation,OWN,0
L00372,43,74087,15286,36,21.01,451,14,3,0.206,medical,OWN,0
L00373,63,82240,5603,12,12.62,423,17,1,0.068,medical,RENT,0
L00374,27,81667,48540,12,13.17,723,19,5,0.594,medical,RENT,0
L00375,36,15000,19600,48,7.82,822,2,6,1.307,debt_consolidation,OWN,0
L00376,64,38166,4291,12,5.9,812,28,5,0.112,medical,MORTGAGE,0
L00377,58,15000,15123,36,17.18,470,14,5,1.008,car,MORTGAGE,0
L00378,54,33516,5811,24,6.22,424,26,8,0.173,education,MORTGAGE,0
L00379,29,43308,15347,48,18.94,474,21,1,0.354,debt_consolidation,OWN,0
L00380,26,62390,33276,36,15.24,803,27,8,0.533,car,RENT,0
L00381,60,45641,48619,36,8.77,684,27,7,1.065,vacation,RENT,0
L00382,25,46142,17513,36,15.25,405,4,1,0.38,home_improvement,RENT,0
L00383,27,58271,7142,60,8.48,827,20,9,0.123,vacation,RENT,0
L00384,53,24232,25246,60,13.34,337,9,4,1.042,medical,MORTGAGE,0
L00385,51,39905,27507,24,20.19,694,6,7,0.689,home_improvement,MORTGAGE,0
L00386,56,45935,28714,36,13.78,776,22,3,0.625,vacation,RENT,0
L00387,61,51356,14194,60,7.83,766,24,8,0.276,debt_consolidation,RENT,0
L00388,37,56385,9526,60,18.75,804,7,4,0.169,medical,RENT,0
L00389,34,82011,21362,60,8.55,614,2,2,0.26,vacation,RENT,0
L00390,63,71350,48281,24,19.03,584,17,2,0.677,home_improvement,OWN,0
L00391,51,41152,46852,24,14.11,763,16,8,1.139,car,RENT,0
L00392,40,50296,48117,36,13.62,563,15,8,0.957,vacation,RENT,0
L00393,38,49070,49836,48,21.18,728,25,1,1.016,debt_consolidation,MORTGAGE,0
L00394,40,45745,6595,36,18.46,664,21,6,0.144,home_improvement,RENT,0
L00395,49,59905,32394,60,5.63,480,28,9,0.541,vacation,MORTGAGE,0
L00396,47,21523,17402,60,10.63,543,12,9,0.809,car,OWN,0
L00397,58,70852,29140,12,21.55,612,3,2,0.411,medical,RENT,0
L00398,47,85483,24595,36,5.35,375,2,8,0.288,medical,MORTGAGE,0
L00399,44,50142,44723,60,15.36,561,10,8,0.892,medical,OWN,0
L00400,30,49791,48764,60,18.83,530,26,4,0.979,education,RENT,0
L00401,33,57826,26911,48,16.82,679,1,4,0.465,home_improvement,RENT,0
L00402,22,73348,27752,12,19.45,608,17,5,0.378,education,MORTGAGE,0
L00403,22,49162,21405,36,18.79,687,26,7,0.435,car,RENT,0
L00404,55,71811,26220,24,18.15,624,3,1,0.365,car,RENT,0
L00405,53,63792,35953,36,20.61,755,16,9,0.564,vacation,RENT,0
L00406,46,97509,38053,36,17.27,811,5,3,0.39,medical,RENT,0
L00407,61,49084,5447,48,12.65,642,9,4,0.111,home_improvement,MORTGAGE,0
L00408,22,19431,12662,36,13.97,815,10,7,0.652,education,MORTGAGE,0
L00409,37,29207,6899,48,18.62,741,4,5,0.236,education,OWN,0
L00410,60,55214,30582,48,21.65,848,25,5,0.554,medical,RENT,0
L00411,26,73501,3935,60,10.17,561,24,1,0.054,education,MORTGAGE,0
L00412,43,43254,44213,24,11.5,762,17,2,1.022,medical,OWN,0
L00413,50,50843,44042,48,22.68,526,24,5,0.866,vacation,MORTGAGE,0
L00414,24,67327,12335,12,15.99,822,24,2,0.183,vacation,RENT,0
L00415,33,37625,19669,12,8.4,488,9,1,0.523,vacation,OWN,0
L00416,47,43997,10545,24,17.61,508,8,3,0.24,debt_consolidation,MORTGAGE,0
L00417,37,33980,42247,48,23.82,312,15,1,1.243,debt_consolidation,RENT,1
L00418,58,76208,40023,24,20.65,461,9,8,0.525,education,MORTGAGE,0
L00419,43,82750,20269,60,19.17,792,9,8,0.245,home_improvement,MORTGAGE,0
L00420,50,26570,39830,12,8.95,734,3,8,1.499,home_improvement,RENT,0
L00421,35,52440,9066,36,21.65,304,20,7,0.173,vacation,MORTGAGE,0
L00422,49,80330,12712,12,14.99,501,23,7,0.158,car,RENT,0
L00423,26,62176,17991,48,21.9,715,13,2,0.289,home_improvement,MORTGAGE,0
L00424,51,46193,37790,24,11.27,311,7,9,0.818,education,MORTGAGE,0
L00425,26,27169,23649,12,6.18,696,0,7,0.87,debt_consolidation,MORTGAGE,0
L00426,33,75753,36315,36,14.04,640,15,5,0.479,education,MORTGAGE,0
L00427,37,61489,32806,36,10.13,672,25,4,0.534,education,OWN,0
L00428,47,28486,14210,24,18.59,677,16,8,0.499,debt_consolidation,MORTGAGE,0
L00429,47,76418,38972,24,23.19,524,9,5,0.51,medical,MORTGAGE,0
L00430,42,26192,42358,12,18.13,481,5,6,1.617,vacation,RENT,1
L00431,60,51031,36136,48,21.85,596,6,4,0.708,education,RENT,0
L00432,57,50236,46297,60,13.61,606,17,2,0.922,car,OWN,0
L00433,54,84130,17945,36,19.66,730,1,7,0.213,vacation,RENT,0
L00434,51,50301,31665,24,21.02,417,20,2,0.63,debt_consolidation,MORTGAGE,0
L00435,58,50236,44477,60,18.51,651,8,7,0.885,car,OWN,0
L00436,44,30464,15644,60,14.65,345,4,7,0.514,home_improvement,RENT,0
L00437,31,43472,6917,60,16.89,526,7,1,0.159,medical,RENT,0
L00438,26,40288,21868,48,18.31,655,23,3,0.543,education,MORTGAGE,0
L00439,57,41225,13877,24,9.81,593,4,3,0.337,debt_consolidation,MORTGAGE,0
L00440,55,55113,15224,36,20.38,539,23,6,0.276,medical,RENT,0
L00441,52,15000,5052,24,23.06,647,14,3,0.337,education,MORTGAGE,0
L00442,31,27815,29272,12,13.84,440,7,9,1.052,education,OWN,1
L00443,40,53001,43150,36,18.32,503,4,5,0.814,vacation,OWN,0
L00444,53,57182,32668,24,19.0,568,4,6,0.571,car,MORTGAGE,0
L00445,22,50798,19316,36,17.58,612,19,6,0.38,vacation,RENT,0
L00446,26,54265,9240,12,15.4,717,16,8,0.17,medical,OWN,0
L00447,25,47635,33559,36,21.75,436,8,3,0.705,debt_consolidation,RENT,0
L00448,37,54666,5238,60,13.53,650,1,9,0.096,medical,RENT,0
L00449,45,62814,45175,48,6.16,460,0,7,0.719,debt_consolidation,RENT,0
L00450,37,62688,2565,12,21.05,472,21,6,0.041,medical,RENT,0
L00451,23,42598,23762,36,17.81,429,20,1,0.558,vacation,OWN,0
L00452,49,71471,7558,12,21.14,378,10,4,0.106,medical,RENT,0
L00453,53,57827,18375,60,7.63,356,14,5,0.318,home_improvement,OWN,0
L00454,48,77179,27710,48,5.58,699,0,2,0.359,vacation,OWN,0
L00455,41,80791,13103,12,22.75,662,6,1,0.162,medical,MORTGAGE,0
L00456,45,29030,17174,60,7.81,634,22,2,0.592,medical,OWN,0
L00457,33,39537,43490,60,20.38,433,18,8,1.1,car,MORTGAGE,0
L00458,56,69643,23793,60,20.64,313,23,6,0.342,vacation,RENT,0
L00459,54,25031,29597,36,18.47,582,14,2,1.182,car,MORTGAGE,0
L00460,54,80563,10753,24,7.49,720,5,9,0.133,vacation,RENT,0
L00461,64,48810,40397,12,17.68,426,19,8,0.828,debt_consolidation,MORTGAGE,0
L00462,58,65350,8318,24,21.89,517,25,4,0.127,vacation,RENT,0
L00463,33,52904,35069,60,13.09,788,25,7,0.663,vacation,OWN,0
L00464,24,29936,22151,24,12.86,559,9,3,0.74,medical,RENT,0
L00465,22,73999,42274,60,13.41,517,11,6,0.571,home_improvement,RENT,0
L00466,54,104513,10701,60,6.56,788,12,3,0.102,education,MORTGAGE,0
L00467,61,45729,8962,48,21.95,742,14,3,0.196,vacation,MORTGAGE,0
L00468,31,49197,40197,48,21.51,398,18,9,0.817,car,RENT,0
L00469,64,15000,32041,24,23.96,481,16,6,2.136,home_improvement,MORTGAGE,1
L00470,50,79327,9248,12,16.12,468,12,8,0.117,vacation,RENT,0
L00471,34,71411,21829,24,19.27,532,1,4,0.306,home_improvement,MORTGAGE,0
L00472,33,23799,4203,12,8.85,392,17,4,0.177,debt_consolidation,MORTGAGE,0
L00473,52,17832,27370,24,17.68,771,28,8,1.535,home_improvement,RENT,0
L00474,23,19913,37247,36,17.34,815,10,7,1.87,debt_consolidation,RENT,0
L00475,56,66613,12386,36,22.12,384,4,5,0.186,home_improvement,RENT,0
L00476,44,68409,2434,12,20.79,818,3,2,0.036,home_improvement,RENT,0
L00477,38,38379,44998,48,22.83,680,1,6,1.172,car,MORTGAGE,0
L00478,47,63986,36474,12,21.51,706,26,1,0.57,education,MORTGAGE,0
L00479,29,57859,26644,24,21.51,531,15,7,0.46,car,MORTGAGE,0
L00480,50,48389,40493,60,6.21,550,24,9,0.837,medical,RENT,0
L00481,47,72463,20288,36,21.07,384,6,5,0.28,home_improvement,OWN,1
L00482,31,33311,5959,60,16.54,618,7,5,0.179,debt_consolidation,RENT,0
L00483,47,75655,49289,36,12.23,492,7,7,0.651,home_improvement,MORTGAGE,0
L00484,55,41886,13143,24,6.07,599,1,5,0.314,vacation,RENT,0
L00485,62,87067,41593,36,17.88,657,14,4,0.478,debt_consolidation,MORTGAGE,0
L00486,28,36904,41115,12,11.24,752,4,1,1.114,vacation,OWN,0
L00487,25,48671,47609,60,13.89,805,18,6,0.978,medical,OWN,0
L00488,32,56054,24540,60,17.95,364,9,9,0.438,vacation,RENT,0
L00489,50,55941,37481,24,22.32,521,8,4,0.67,medical,MORTGAGE,0
L00490,57,63834,31969,60,20.68,765,24,4,0.501,medical,OWN,0
L00491,46,31857,13561,24,13.56,371,21,5,0.426,medical,MORTGAGE,1
L00492,42,54328,24578,48,12.37,773,28,6,0.452,vacation,OWN,0
L00493,57,57486,14787,12,9.56,318,19,3,0.257,medical,RENT,0
L00494,31,45500,8512,36,12.08,821,7,9,0.187,medical,RENT,0
L00495,58,62273,12596,36,7.11,714,4,1,0.202,car,MORTGAGE,0
L00496,30,30765,33746,36,23.45,663,18,6,1.097,education,RENT,0
L00497,45,49123,21930,48,15.9,827,12,6,0.446,home_improvement,MORTGAGE,0
L00498,56,41442,49950,12,7.43,379,26,8,1.205,medical,OWN,0
L00499,56,49178,32201,60,11.7,489,13,5,0.655,debt_consolidation,RENT,0
L00500,57,81046,20687,60,15.39,447,7,9,0.255,debt_consolidation,OWN,0
L00501,39,81396,37989,12,15.12,742,15,9,0.467,car,OWN,0
L00502,60,77867,32183,12,5.67,564,29,2,0.413,vacation,MORTGAGE,0
L00503,53,46679,22758,36,23.07,808,29,5,0.488,vacation,MORTGAGE,0
L00504,45,71337,3082,60,10.23,600,27,7,0.043,vacation,RENT,0
L00505,44,57022,43405,12,5.31,765,21,2,0.761,medical,MORTGAGE,0
L00506,53,55820,32832,60,6.45,664,4,7,0.588,education,RENT,0
L00507,58,53607,47891,12,16.02,698,0,9,0.893,education,MORTGAGE,0
L00508,33,86651,47810,24,7.62,792,18,8,0.552,vacation,RENT,1
L00509,34,79585,48901,36,5.79,841,22,9,0.614,vacation,RENT,0
L00510,44,68408,19976,12,12.21,779,18,4,0.292,home_improvement,OWN,0
L00511,46,51934,40376,48,16.83,467,16,8,0.777,education,RENT,1
L00512,56,55712,7526,12,7.12,390,23,9,0.135,medical,MORTGAGE,0
L00513,62,64550,33086,24,10.95,599,22,2,0.513,medical,RENT,0
L00514,51,45611,23563,48,12.94,473,20,3,0.517,debt_consolidation,RENT,0
L00515,38,71889,8472,48,8.03,672,27,1,0.118,debt_consolidation,RENT,0
L00516,41,38417,4775,12,14.62,323,9,1,0.124,home_improvement,RENT,0
L00517,46,62053,17828,24,6.62,500,4,6,0.287,car,OWN,0
L00518,43,15000,46776,48,5.88,306,21,1,3.118,medical,OWN,1
L00519,34,45088,19974,36,14.88,305,6,5,0.443,debt_consolidation,RENT,0
L00520,40,92398,24388,36,9.71,460,15,6,0.264,vacation,RENT,0
L00521,57,73651,17055,60,6.81,547,28,9,0.232,medical,RENT,0
L00522,33,82638,20615,60,13.05,465,2,6,0.249,medical,RENT,0
L00523,62,42988,39886,24,22.39,727,26,4,0.928,medical,MORTGAGE,1
L00524,40,56867,24838,48,18.76,444,11,1,0.437,education,MORTGAGE,0
L00525,33,78075,42728,36,20.5,810,13,6,0.547,debt_consolidation,MORTGAGE,0
L00526,30,66395,14464,36,21.57,842,27,7,0.218,home_improvement,MORTGAGE,0
L00527,28,64154,42364,24,23.48,808,19,5,0.66,debt_consolidation,MORTGAGE,0
L00528,49,84350,9240,48,19.5,519,0,6,0.11,vacation,OWN,0
L00529,35,36271,6942,24,16.56,375,6,8,0.191,vacation,RENT,0
L00530,52,51683,21622,12,11.94,618,25,1,0.418,car,MORTGAGE,0
L00531,40,23426,15536,36,8.45,337,17,8,0.663,debt_consolidation,OWN,0
L00532,37,35288,3600,24,18.05,813,22,2,0.102,debt_consolidation,RENT,0
L00533,26,74335,7700,24,23.9,545,21,2,0.104,car,OWN,0
L00534,56,38487,40839,12,13.88,439,3,8,1.061,car,MORTGAGE,0
L00535,33,68239,12248,60,18.75,557,15,2,0.179,medical,MORTGAGE,0
L00536,46,84852,47291,36,14.41,680,10,8,0.557,medical,RENT,0
L00537,42,51797,19093,24,13.21,777,17,5,0.369,vacation,MORTGAGE,0
L00538,57,64357,21355,36,12.8,484,22,9,0.332,home_improvement,MORTGAGE,0
L00539,44,68379,19177,60,14.59,602,15,9,0.28,vacation,RENT,0
L00540,37,33013,21483,24,11.97,793,6,8,0.651,education,MORTGAGE,0
L00541,60,43903,45815,12,19.23,463,20,9,1.044,debt_consolidation,MORTGAGE,0
L00542,63,36934,40533,36,21.61,502,24,7,1.097,home_improvement,RENT,1
L00543,60,45338,2026,12,21.77,707,2,8,0.045,medical,MORTGAGE,1
L00544,35,67889,41461,60,9.33,509,24,6,0.611,car,RENT,0
L00545,52,44286,23706,60,22.02,400,4,9,0.535,car,MORTGAGE,0
L00546,26,54367,26660,36,11.49,745,17,2,0.49,vacation,MORTGAGE,0
L00547,56,36235,41377,60,10.88,667,24,3,1.142,debt_consolidation,OWN,0
L00548,44,77075,44082,48,18.81,538,29,2,0.572,debt_consolidation,RENT,0
L00549,50,45188,18258,36,10.79,590,16,6,0.404,car,MORTGAGE,0
L00550,64,82413,40077,48,6.01,671,0,3,0.486,vacation,MORTGAGE,0
L00551,32,56096,34779,60,12.1,730,15,1,0.62,education,RENT,0
L00552,39,29674,26154,36,18.71,579,14,4,0.881,vacation,MORTGAGE,0
L00553,33,51921,31684,48,11.21,766,12,5,0.61,medical,RENT,0
L00554,30,35870,17389,60,16.96,615,6,4,0.485,medical,RENT,0
L00555,31,65608,28324,24,17.54,376,2,6,0.432,medical,MORTGAGE,0
L00556,38,50295,29685,24,18.94,450,23,3,0.59,education,MORTGAGE,0
L00557,59,57937,29195,12,22.05,695,22,6,0.504,home_improvement,MORTGAGE,0
L00558,28,48351,23797,24,13.22,795,26,1,0.492,vacation,RENT,0
L00559,34,45003,48439,48,8.16,596,12,6,1.076,vacation,RENT,0
L00560,61,37474,7774,24,11.06,706,15,8,0.207,education,MORTGAGE,0
L00561,63,70052,33633,36,13.21,586,22,8,0.48,medical,RENT,0
L00562,30,51883,2796,36,18.56,792,0,1,0.054,car,RENT,0
L00563,48,49335,42047,36,5.25,835,0,7,0.852,medical,MORTGAGE,0
L00564,23,51432,30389,24,11.0,755,27,4,0.591,home_improvement,OWN,0
L00565,26,42780,9188,24,19.82,791,15,6,0.215,education,RENT,0
L00566,50,49395,25696,12,17.75,308,29,6,0.52,car,RENT,0
L00567,58,58701,4024,60,18.9,431,1,5,0.069,vacation,MORTGAGE,0
L00568,59,36385,9666,12,20.42,376,17,9,0.266,home_improvement,MORTGAGE,1
L00569,40,38991,37985,48,19.88,430,26,8,0.974,home_improvement,RENT,0
L00570,29,79809,8584,36,17.96,711,20,6,0.108,education,OWN,0
L00571,22,48470,27462,24,13.35,389,24,4,0.567,car,RENT,1
L00572,43,45071,29044,60,23.69,797,22,4,0.644,medical,MORTGAGE,0
L00573,38,30810,7285,60,15.81,653,29,9,0.236,medical,RENT,0
L00574,28,70312,9370,24,8.85,570,17,4,0.133,debt_consolidation,MORTGAGE,0
L00575,46,35993,19903,12,10.56,691,4,7,0.553,car,OWN,0
L00576,25,54724,34499,60,18.18,731,4,6,0.63,medical,OWN,0
L00577,57,24252,34368,12,22.57,771,7,2,1.417,home_improvement,MORTGAGE,1
L00578,27,69727,24995,24,8.4,607,8,5,0.358,education,OWN,0
L00579,52,76183,41624,12,6.56,807,23,3,0.546,medical,MORTGAGE,0
L00580,40,63721,37200,36,21.75,354,13,9,0.584,education,RENT,0
L00581,60,27379,24841,24,22.39,336,12,1,0.907,medical,RENT,0
L00582,48,70097,6866,24,10.25,354,17,4,0.098,education,OWN,0
L00583,31,40107,15566,60,12.17,823,3,4,0.388,home_improvement,OWN,0
L00584,47,33922,39822,60,17.54,762,17,9,1.174,car,OWN,0
L00585,40,48097,43876,60,11.27,777,21,1,0.912,debt_consolidation,MORTGAGE,0
L00586,60,47739,30552,36,21.67,510,19,2,0.64,education,OWN,1
L00587,24,45909,36549,36,7.04,525,14,1,0.796,medical,MORTGAGE,0
L00588,34,77926,26914,48,5.72,306,6,1,0.345,education,OWN,0
L00589,49,91212,45830,24,8.96,839,12,1,0.502,education,RENT,0
L00590,41,30355,46542,60,10.44,511,1,3,1.533,medical,RENT,1
L00591,49,42601,24333,24,7.15,488,8,4,0.571,medical,MORTGAGE,0
L00592,29,57569,17958,12,6.25,374,29,2,0.312,car,RENT,0
L00593,62,48003,22954,36,19.36,413,4,1,0.478,home_improvement,RENT,0
L00594,60,62189,11638,48,8.12,450,0,5,0.187,home_improvement,RENT,0
L00595,22,71487,36147,12,22.36,735,27,6,0.506,home_improvement,RENT,0
L00596,24,68488,11675,24,11.99,383,26,2,0.17,home_improvement,OWN,0
L00597,34,65975,26054,36,17.74,511,18,3,0.395,home_improvement,RENT,0
L00598,49,84863,45034,60,9.28,760,19,3,0.531,home_improvement,OWN,0
L00599,46,26398,33661,12,9.57,476,18,2,1.275,medical,RENT,0
L00600,54,81641,19184,36,15.92,611,21,4,0.235,medical,MORTGAGE,0
L00601,59,47566,49963,24,15.65,458,28,5,1.05,home_improvement,MORTGAGE,0
L00602,27,69132,27822,24,19.61,485,12,8,0.402,home_improvement,MORTGAGE,1
L00603,53,36466,12929,12,19.4,770,5,6,0.355,car,OWN,0
L00604,42,38647,7267,12,17.74,608,9,9,0.188,education,RENT,0
L00605,37,66918,38025,12,13.53,545,28,3,0.568,car,MORTGAGE,0
L00606,42,20282,14069,48,21.92,683,10,9,0.694,vacation,RENT,0
L00607,32,72809,2981,60,16.83,341,22,4,0.041,medical,RENT,0
L00608,58,77679,45436,36,23.81,584,29,8,0.585,home_improvement,MORTGAGE,0
L00609,57,58200,20472,24,20.57,599,24,7,0.352,education,MORTGAGE,0
L00610,56,57551,21336,24,5.84,735,15,7,0.371,medical,MORTGAGE,0
L00611,40,39994,27587,60,11.09,668,25,9,0.69,vacation,MORTGAGE,0
L00612,41,67140,13656,12,15.87,785,24,2,0.203,car,MORTGAGE,0
L00613,39,61257,29326,12,18.71,735,22,5,0.479,vacation,MORTGAGE,0
L00614,62,38412,20510,24,15.46,727,26,3,0.534,debt_consolidation,RENT,0
L00615,35,47953,42831,60,19.94,480,0,7,0.893,car,MORTGAGE,0
L00616,36,52131,20975,24,10.37,639,18,3,0.402,medical,MORTGAGE,0
L00617,52,47929,11665,12,8.49,790,4,5,0.243,car,RENT,0
L00618,22,30467,29097,36,6.02,794,25,5,0.955,vacation,OWN,0
L00619,24,67582,27741,12,15.89,462,27,2,0.41,home_improvement,RENT,0
L00620,37,50616,8437,36,18.08,755,26,1,0.167,education,MORTGAGE,0
L00621,44,55276,27185,48,11.2,391,5,6,0.492,vacation,OWN,0
L00622,32,44591,12375,60,16.66,404,5,1,0.278,vacation,RENT,0
L00623,33,63554,29107,48,5.99,738,4,9,0.458,home_improvement,RENT,0
L00624,31,58576,32484,12,6.89,797,5,5,0.555,education,MORTGAGE,0
L00625,53,76830,37629,60,18.33,627,24,1,0.49,medical,OWN,0
L00626,37,63650,47610,12,11.99,840,12,8,0.748,education,RENT,0
L00627,29,51351,27835,60,17.76,808,29,1,0.542,medical,OWN,0
L00628,59,41685,31743,60,20.8,550,0,4,0.761,car,RENT,0
L00629,33,70587,32917,12,21.2,490,0,7,0.466,vacation,RENT,0
L00630,45,49913,40995,12,8.27,346,24,4,0.821,car,OWN,0
L00631,49,51909,13424,60,14.24,550,13,5,0.259,home_improvement,OWN,0
L00632,29,51904,11643,60,18.94,363,7,7,0.224,debt_consolidation,RENT,0
L00633,49,47771,12310,12,19.71,619,8,4,0.258,medical,OWN,0
L00634,57,52218,20951,12,19.91,823,22,5,0.401,home_improvement,RENT,0
L00635,47,89671,28568,24,9.34,591,9,7,0.319,medical,MORTGAGE,0
L00636,29,36139,17233,24,8.66,328,5,1,0.477,car,RENT,1
L00637,49,40338,15200,24,16.21,736,8,3,0.377,debt_consolidation,RENT,0
L00638,49,79917,23548,48,19.08,346,17,1,0.295,education,RENT,0
L00639,58,48253,12532,60,11.06,716,14,3,0.26,vacation,RENT,0
L00640,62,46888,25465,36,6.99,750,3,2,0.543,education,RENT,0
L00641,57,73627,23291,48,18.62,373,1,5,0.316,medical,RENT,0
L00642,48,29436,44448,60,10.69,352,29,5,1.51,vacation,MORTGAGE,0
L00643,38,69786,32580,36,8.16,532,5,9,0.467,car,RENT,0
L00644,30,55821,28149,24,7.81,499,16,8,0.504,medical,RENT,0
L00645,54,63366,23346,36,10.98,848,6,3,0.368,education,MORTGAGE,0
L00646,41,63028,12619,12,16.26,396,22,1,0.2,car,RENT,0
L00647,34,43696,41918,12,11.81,348,22,5,0.959,vacation,MORTGAGE,0
L00648,49,73921,3766,60,5.39,821,29,3,0.051,car,RENT,0
L00649,50,45097,5549,48,6.84,339,19,5,0.123,car,RENT,0
L00650,34,62359,20693,24,10.52,452,14,9,0.332,car,OWN,1
L00651,56,77279,33922,60,17.53,405,23,1,0.439,home_improvement,RENT,0
L00652,27,79820,44402,24,6.87,510,20,1,0.556,home_improvement,MORTGAGE,0
L00653,39,50191,36744,12,15.65,501,1,9,0.732,medical,RENT,0
L00654,26,63336,14165,48,7.28,732,20,3,0.224,car,OWN,0
L00655,46,48529,25564,48,9.02,446,11,5,0.527,education,OWN,0
L00656,23,100068,37258,12,8.27,798,9,9,0.372,car,RENT,0
L00657,31,69042,27301,36,6.28,581,24,5,0.395,car,MORTGAGE,0
L00658,51,56513,46763,48,17.76,609,25,3,0.827,home_improvement,OWN,0
L00659,26,60626,22765,36,13.8,350,16,9,0.375,vacation,MORTGAGE,1
L00660,54,62327,46787,24,20.79,794,26,7,0.751,car,MORTGAGE,0
L00661,22,62861,9425,48,6.88,708,17,7,0.15,debt_consolidation,RENT,0
L00662,39,50680,14857,12,7.75,572,15,8,0.293,medical,OWN,0
L00663,53,47902,29463,36,10.82,757,9,5,0.615,home_improvement,RENT,0
L00664,32,52266,24444,24,19.55,419,7,2,0.468,vacation,RENT,0
L00665,42,34485,43457,24,10.81,345,28,9,1.26,debt_consolidation,RENT,0
L00666,47,67928,38744,48,12.76,542,20,3,0.57,car,MORTGAGE,0
L00667,46,40569,16205,48,10.73,610,27,2,0.399,education,RENT,0
L00668,43,35920,2704,60,6.52,630,24,5,0.075,education,RENT,0
L00669,48,54741,7452,60,22.85,310,21,8,0.136,home_improvement,RENT,0
L00670,34,52657,47617,48,15.42,723,12,3,0.904,car,RENT,1
L00671,54,59493,40862,60,19.97,347,15,6,0.687,medical,RENT,0
L00672,55,44772,5681,12,17.51,676,7,9,0.127,home_improvement,RENT,0
L00673,62,47934,22522,12,14.77,307,11,2,0.47,debt_consolidation,RENT,0
L00674,56,67458,20300,60,6.7,825,16,8,0.301,education,RENT,0
L00675,22,66361,11566,48,17.21,669,15,7,0.174,vacation,MORTGAGE,0
L00676,42,65611,9501,12,7.95,739,8,3,0.145,vacation,MORTGAGE,0
L00677,27,55611,3845,24,12.87,783,24,1,0.069,medical,RENT,0
L00678,49,58040,41181,48,16.95,572,18,6,0.71,vacation,MORTGAGE,0
L00679,38,59147,42758,36,19.86,430,16,2,0.723,vacation,RENT,0
L00680,26,43191,44396,36,18.02,820,23,3,1.028,medical,MORTGAGE,0
L00681,52,81532,15230,48,17.76,413,7,5,0.187,education,RENT,0
L00682,26,78968,19754,60,7.83,831,11,8,0.25,debt_consolidation,MORTGAGE,0
L00683,59,69296,36404,12,11.58,798,8,2,0.525,home_improvement,MORTGAGE,0
L00684,24,47334,24564,12,5.82,638,29,6,0.519,education,MORTGAGE,0
L00685,44,64704,34362,48,18.67,320,5,1,0.531,home_improvement,MORTGAGE,0
L00686,58,72610,20227,24,23.1,332,24,7,0.279,medical,OWN,0
L00687,58,32982,26760,60,10.02,432,27,4,0.811,education,RENT,0
L00688,31,85501,31723,24,6.67,325,9,1,0.371,car,OWN,0
L00689,31,23691,49475,48,14.04,663,8,9,2.088,medical,RENT,1
L00690,40,67682,19215,48,21.28,391,27,9,0.284,medical,RENT,0
L00691,38,81159,7538,24,15.49,844,28,3,0.093,medical,OWN,0
L00692,42,52964,23699,36,5.89,537,3,6,0.447,medical,MORTGAGE,0
L00693,35,52291,45085,48,23.51,317,10,7,0.862,vacation,RENT,1
L00694,30,67017,14454,60,20.74,573,20,4,0.216,vacation,OWN,0
L00695,22,88333,43223,24,7.5,588,21,6,0.489,education,MORTGAGE,0
L00696,34,49940,23711,36,22.51,326,5,9,0.475,debt_consolidation,RENT,0
L00697,25,40942,17059,24,13.56,733,25,6,0.417,medical,RENT,0
L00698,22,47372,3286,36,12.07,407,17,7,0.069,home_improvement,MORTGAGE,0
L00699,61,27054,36297,36,13.76,623,3,6,1.342,car,MORTGAGE,0
L00700,53,71159,44768,60,20.86,830,11,7,0.629,vacation,RENT,0
L00701,55,45746,41423,48,17.53,403,8,1,0.905,home_improvement,RENT,1
L00702,49,51249,36645,36,6.13,631,14,6,0.715,vacation,RENT,0
L00703,52,71373,44709,48,23.19,661,22,9,0.626,education,RENT,0
L00704,29,48215,28485,60,7.81,588,8,3,0.591,debt_consolidation,RENT,0
L00705,60,68663,34267,48,19.17,743,5,6,0.499,car,MORTGAGE,0
L00706,47,36314,47823,12,17.09,336,10,4,1.317,vacation,MORTGAGE,0
L00707,55,72256,29086,36,8.56,647,6,7,0.403,car,MORTGAGE,0
L00708,24,61154,18484,60,8.24,342,24,7,0.302,car,RENT,0
L00709,33,53405,5087,24,21.54,425,13,9,0.095,education,RENT,0
L00710,22,57356,40596,60,12.97,308,27,4,0.708,home_improvement,OWN,0
L00711,26,31838,20675,36,17.44,825,15,8,0.649,vacation,OWN,0
L00712,51,56944,26680,60,14.58,430,14,8,0.469,car,RENT,0
L00713,51,52449,19077,24,18.82,624,19,8,0.364,education,MORTGAGE,0
L00714,38,32330,40174,12,14.11,483,8,8,1.243,medical,MORTGAGE,0
L00715,44,42920,13432,36,10.46,581,18,6,0.313,car,MORTGAGE,0
L00716,36,52673,5491,36,11.9,352,29,8,0.104,car,OWN,0
L00717,58,44068,48126,60,21.32,832,11,6,1.092,vacation,MORTGAGE,0
L00718,42,15000,48122,48,13.89,676,29,2,3.208,medical,RENT,0
L00719,35,74374,5392,48,9.06,594,10,3,0.072,car,MORTGAGE,0
L00720,23,52442,4268,24,22.76,507,27,6,0.081,vacation,RENT,0
L00721,32,15000,40400,12,20.14,776,29,7,2.693,vacation,RENT,0
L00722,60,93429,38551,12,6.06,368,7,4,0.413,education,RENT,0
L00723,59,77345,30088,60,23.98,736,2,1,0.389,car,RENT,0
L00724,55,48718,16479,60,18.2,600,18,4,0.338,debt_consolidation,MORTGAGE,0
L00725,59,39835,27465,48,8.05,326,2,6,0.689,debt_consolidation,RENT,1
L00726,55,62257,24357,12,9.51,405,24,8,0.391,home_improvement,MORTGAGE,0
L00727,39,58641,7969,12,18.16,310,25,4,0.136,debt_consolidation,RENT,0
L00728,51,64757,10981,12,19.82,515,29,1,0.17,debt_consolidation,RENT,0
L00729,36,39886,23032,24,9.54,620,2,5,0.577,vacation,OWN,0
L00730,48,74759,43618,24,9.88,759,5,7,0.583,vacation,RENT,0
L00731,55,46477,26408,60,10.84,825,10,6,0.568,education,OWN,0
L00732,59,67253,26241,48,16.36,459,29,3,0.39,car,RENT,0
L00733,54,40655,49940,36,8.26,763,19,7,1.228,car,MORTGAGE,0
L00734,45,102666,19402,48,6.98,821,13,4,0.189,vacation,RENT,0
L00735,36,67519,27766,24,17.9,572,1,5,0.411,car,OWN,0
L00736,51,106916,5657,24,19.8,540,11,7,0.053,vacation,RENT,0
L00737,63,69896,23230,60,14.52,466,15,2,0.332,debt_consolidation,MORTGAGE,0
L00738,38,44893,20680,36,11.91,626,27,4,0.461,car,MORTGAGE,0
L00739,26,69928,19158,12,13.21,828,2,4,0.274,debt_consolidation,RENT,0
L00740,50,71210,21195,36,12.38,572,20,6,0.298,home_improvement,RENT,0
L00741,25,61719,44340,36,23.24,675,15,7,0.718,education,OWN,0
L00742,31,66347,37950,36,19.59,674,9,4,0.572,education,MORTGAGE,0
L00743,38,68711,14979,60,8.95,633,19,1,0.218,car,RENT,0
L00744,31,37113,9867,24,12.3,302,4,1,0.266,vacation,MORTGAGE,0
L00745,38,35832,17155,12,15.34,542,12,5,0.479,education,OWN,0
L00746,41,40704,15006,36,16.65,350,11,1,0.369,vacation,OWN,1
L00747,45,57295,6329,12,13.9,649,26,3,0.11,education,MORTGAGE,0
L00748,26,50982,24551,36,20.39,473,0,9,0.482,home_improvement,OWN,0
L00749,55,37439,37865,24,19.58,415,19,3,1.011,vacation,MORTGAGE,1
L00750,27,68955,3404,12,14.6,660,10,3,0.049,debt_consolidation,OWN,0
L00751,23,60094,39869,48,21.23,654,25,9,0.663,vacation,RENT,0
L00752,34,58040,3369,24,19.27,375,18,5,0.058,home_improvement,MORTGAGE,0
L00753,64,50356,41433,12,19.79,380,28,8,0.823,medical,MORTGAGE,0
L00754,64,48191,20448,36,23.17,528,14,9,0.424,medical,MORTGAGE,0
L00755,32,39856,37533,36,10.06,371,17,6,0.942,debt_consolidation,RENT,0
L00756,44,71807,26175,24,10.09,702,15,7,0.365,medical,RENT,0
L00757,37,42337,2716,24,21.89,517,6,7,0.064,vacation,OWN,0
L00758,52,58769,15850,36,19.67,751,9,7,0.27,home_improvement,OWN,0
L00759,32,84916,3711,12,22.6,666,24,4,0.044,education,RENT,0
L00760,37,49019,27801,48,6.2,611,15,2,0.567,debt_consolidation,RENT,0
L00761,29,72292,23751,60,16.93,597,16,2,0.329,medical,MORTGAGE,0
L00762,25,65236,41029,24,7.75,323,27,7,0.629,vacation,MORTGAGE,0
L00763,61,60606,27173,36,14.57,409,6,7,0.448,education,MORTGAGE,0
L00764,25,62746,8086,12,7.96,351,10,7,0.129,education,MORTGAGE,0
L00765,46,53291,49130,24,7.43,589,27,8,0.922,vacation,RENT,0
L00766,24,55625,13223,12,5.23,743,16,3,0.238,car,MORTGAGE,0
L00767,53,45133,18220,24,16.97,766,4,5,0.404,car,MORTGAGE,0
L00768,24,55746,15392,36,11.82,558,0,6,0.276,home_improvement,MORTGAGE,0
L00769,48,44465,22051,12,7.0,623,2,8,0.496,debt_consolidation,RENT,0
L00770,50,73101,4246,36,11.13,637,15,8,0.058,medical,RENT,0
L00771,53,24409,22010,12,8.21,721,23,3,0.902,medical,MORTGAGE,0
L00772,40,63658,4822,24,22.89,558,28,4,0.076,vacation,MORTGAGE,0
L00773,42,61058,26667,60,11.08,364,14,6,0.437,medical,MORTGAGE,0
L00774,26,59428,19234,60,11.35,462,3,4,0.324,home_improvement,MORTGAGE,1
L00775,39,73440,32654,48,20.96,463,11,4,0.445,car,RENT,1
L00776,49,49849,11669,48,17.31,338,0,5,0.234,vacation,MORTGAGE,0
L00777,63,59597,23784,36,18.49,619,16,7,0.399,debt_consolidation,MORTGAGE,0
L00778,43,24102,31672,12,17.08,659,23,2,1.314,vacation,MORTGAGE,0
L00779,42,47524,3082,48,22.98,568,14,2,0.065,medical,MORTGAGE,0
L00780,27,70403,13148,24,8.93,623,29,9,0.187,home_improvement,RENT,0
L00781,22,30895,29494,60,23.79,625,23,4,0.955,debt_consolidation,MORTGAGE,0
L00782,26,57875,42935,12,20.79,556,19,5,0.742,vacation,OWN,0
L00783,62,42804,11557,60,16.19,499,19,3,0.27,medical,MORTGAGE,0
L00784,33,53002,46496,12,17.59,737,9,2,0.877,vacation,OWN,0
L00785,47,43881,38719,48,17.33,403,10,8,0.882,debt_consolidation,OWN,1
L00786,55,32550,49445,48,6.11,671,17,4,1.519,medical,MORTGAGE,0
L00787,35,61948,43735,36,9.14,463,1,1,0.706,car,RENT,0
L00788,47,54107,41536,12,23.27,412,27,6,0.768,education,RENT,0
L00789,48,66027,16039,24,15.15,848,5,6,0.243,debt_consolidation,MORTGAGE,0
L00790,30,69299,4303,48,12.19,405,15,2,0.062,car,RENT,0
L00791,47,77054,49931,36,19.48,663,23,2,0.648,car,RENT,0
L00792,43,57402,41925,48,14.97,320,6,8,0.73,medical,MORTGAGE,0
L00793,51,77835,20281,60,5.25,428,22,7,0.261,vacation,OWN,1
L00794,64,37436,24209,48,18.99,782,18,2,0.647,vacation,RENT,0
L00795,38,71361,30173,12,18.91,498,11,1,0.423,home_improvement,RENT,0
L00796,47,63269,44287,36,8.14,820,17,8,0.7,debt_consolidation,RENT,0
L00797,57,59195,27190,12,23.18,719,9,2,0.459,debt_consolidation,OWN,0
L00798,22,63005,35012,24,9.25,525,6,5,0.556,medical,RENT,0
L00799,29,37706,43716,24,13.7,508,3,6,1.159,medical,MORTGAGE,1
L00800,56,33458,43783,48,7.18,544,16,1,1.309,home_improvement,OWN,0
L00801,36,85776,45787,36,16.46,587,16,2,0.534,home_improvement,RENT,0
L00802,43,51963,22191,36,12.13,365,3,4,0.427,car,RENT,0
L00803,35,51706,4779,36,11.71,452,20,2,0.092,education,OWN,0
L00804,47,35158,20230,36,20.71,790,4,6,0.575,home_improvement,RENT,0
L00805,49,28327,48491,48,5.18,734,0,4,1.712,vacation,OWN,0
L00806,44,53410,25405,12,20.16,517,18,3,0.476,car,MORTGAGE,0
L00807,35,48851,14803,48,15.86,728,21,6,0.303,education,RENT,0
L00808,45,55031,29825,12,23.74,801,25,9,0.542,home_improvement,RENT,0
L00809,23,56568,15698,60,16.2,520,22,8,0.278,education,MORTGAGE,0
L00810,47,99810,36560,60,6.05,734,10,2,0.366,vacation,RENT,0
L00811,35,48905,17376,12,5.96,579,0,3,0.355,vacation,RENT,0
L00812,28,83438,20118,48,21.78,391,7,2,0.241,car,RENT,0
L00813,24,84556,15117,24,20.98,823,3,7,0.179,car,MORTGAGE,0
L00814,44,68565,41983,48,11.57,438,28,9,0.612,vacation,MORTGAGE,0
L00815,64,50767,39956,24,16.74,322,24,1,0.787,medical,RENT,0
L00816,39,30493,49469,48,14.3,716,26,3,1.622,car,OWN,0
L00817,59,63602,40049,36,23.38,647,26,6,0.63,debt_consolidation,RENT,0
L00818,56,73338,24242,36,23.05,536,21,4,0.331,medical,MORTGAGE,0
L00819,36,86458,2944,60,23.69,482,14,1,0.034,debt_consolidation,RENT,0
L00820,46,37900,33695,60,21.46,807,16,9,0.889,education,RENT,0
L00821,58,50616,3511,12,22.28,497,17,7,0.069,education,MORTGAGE,0
L00822,49,38010,47486,24,9.13,422,2,7,1.249,education,RENT,1
L00823,31,43597,24502,36,20.79,845,17,1,0.562,home_improvement,RENT,0
L00824,60,66958,26805,48,18.47,680,25,9,0.4,car,MORTGAGE,0
L00825,38,42772,28993,12,23.29,814,6,8,0.678,car,MORTGAGE,0
L00826,60,40163,10369,48,15.85,305,27,5,0.258,vacation,MORTGAGE,0
L00827,43,69345,46888,36,6.62,603,16,4,0.676,car,MORTGAGE,0
L00828,47,63113,48489,36,16.35,491,24,1,0.768,education,OWN,0
L00829,46,61300,37383,36,18.05,675,17,9,0.61,debt_consolidation,RENT,0
L00830,38,43248,19997,36,9.19,824,19,8,0.462,medical,RENT,0
L00831,34,78274,17629,48,12.49,335,7,2,0.225,home_improvement,RENT,1
L00832,41,55260,33949,12,16.37,369,10,4,0.614,medical,RENT,0
L00833,46,97843,4840,36,12.11,588,2,4,0.049,debt_consolidation,OWN,0
L00834,25,57900,16051,60,12.12,404,24,7,0.277,home_improvement,RENT,0
L00835,31,15000,29523,12,7.53,612,6,3,1.968,vacation,RENT,0
L00836,24,15000,3774,60,22.87,354,14,8,0.252,car,RENT,0
L00837,62,66231,15262,48,19.26,406,9,7,0.23,car,RENT,0
L00838,39,78408,5871,36,5.02,606,11,4,0.075,vacation,MORTGAGE,0
L00839,57,40891,10273,12,19.55,335,11,9,0.251,debt_consolidation,RENT,0
L00840,43,92817,19229,36,19.06,432,18,6,0.207,vacation,RENT,0
L00841,55,84933,29385,36,5.18,324,18,3,0.346,education,MORTGAGE,0
L00842,29,58789,44176,12,12.02,336,14,7,0.751,debt_consolidation,MORTGAGE,0
L00843,61,64710,31289,36,16.53,318,20,6,0.484,home_improvement,OWN,1
L00844,40,71101,5260,36,13.6,334,20,8,0.074,medical,OWN,0
L00845,63,89019,34019,24,19.78,662,25,5,0.382,medical,OWN,0
L00846,62,67278,5145,24,13.08,717,4,6,0.076,vacation,RENT,0
L00847,58,58382,33753,12,7.92,729,27,1,0.578,car,RENT,0
L00848,27,67101,9802,12,23.55,817,12,8,0.146,vacation,OWN,0
L00849,47,64672,4263,36,9.6,766,24,1,0.066,car,RENT,0
L00850,55,71639,28913,60,18.64,498,8,3,0.404,vacation,RENT,0
L00851,27,26739,10155,12,7.72,845,21,2,0.38,vacation,RENT,0
L00852,58,60685,2922,36,11.25,510,26,6,0.048,medical,RENT,0
L00853,54,63287,8695,60,13.4,800,26,8,0.137,education,MORTGAGE,0
L00854,43,53688,22672,24,8.65,540,22,8,0.422,car,RENT,0
L00855,42,69114,40526,12,13.55,469,9,7,0.586,education,RENT,0
L00856,27,89581,47344,36,7.99,593,7,7,0.529,education,OWN,0
L00857,27,57487,21014,24,15.62,614,8,8,0.366,education,OWN,0
L00858,25,67450,9816,48,17.61,426,5,5,0.146,medical,OWN,0
L00859,51,83912,27743,24,6.19,767,23,3,0.331,education,RENT,0
L00860,32,57908,42324,36,21.55,666,17,2,0.731,car,OWN,0
L00861,51,39007,30539,60,8.52,320,9,3,0.783,home_improvement,MORTGAGE,0
L00862,52,66084,32102,48,9.28,615,23,3,0.486,education,RENT,0
L00863,45,15370,40698,48,17.57,389,14,7,2.648,education,RENT,1
L00864,30,15000,13633,48,13.91,703,12,1,0.909,home_improvement,MORTGAGE,0
L00865,24,60994,25384,12,14.49,817,10,7,0.416,education,RENT,0
L00866,52,15000,5512,36,7.43,750,1,6,0.367,home_improvement,RENT,1
L00867,61,31326,8066,48,20.31,449,7,2,0.257,debt_consolidation,RENT,0
L00868,58,48158,33500,24,16.72,745,17,1,0.696,medical,RENT,0
L00869,57,42014,15207,60,7.57,379,2,9,0.362,medical,RENT,1
L00870,45,52339,22106,36,12.11,316,22,2,0.422,home_improvement,RENT,0
L00871,52,75031,16322,24,20.4,437,26,4,0.218,vacation,RENT,0
L00872,27,59292,36828,12,15.8,807,24,9,0.621,medical,RENT,0
L00873,23,39892,48781,48,7.06,373,2,9,1.223,car,RENT,0
L00874,41,79379,21418,24,12.08,373,20,1,0.27,medical,MORTGAGE,0
L00875,49,29280,4387,36,9.61,349,24,2,0.15,medical,MORTGAGE,0
L00876,32,58993,10031,24,14.83,309,6,2,0.17,car,RENT,0
L00877,25,27278,3799,12,21.02,402,29,2,0.139,home_improvement,MORTGAGE,0
L00878,36,59541,37548,60,13.29,687,17,8,0.631,home_improvement,MORTGAGE,0
L00879,27,49264,35895,48,13.23,684,20,8,0.729,car,MORTGAGE,0
L00880,51,74480,26914,36,22.2,598,20,8,0.361,medical,RENT,0
L00881,59,67972,42133,48,15.95,638,8,4,0.62,education,MORTGAGE,1
L00882,23,44431,16635,48,15.76,688,17,8,0.374,medical,MORTGAGE,0
L00883,36,40979,42379,48,9.98,773,0,7,1.034,home_improvement,RENT,0
L00884,32,49328,47414,24,16.55,441,3,8,0.961,education,MORTGAGE,0
L00885,29,88760,9535,24,15.94,469,3,1,0.107,debt_consolidation,MORTGAGE,0
L00886,47,84143,49272,60,12.54,312,16,3,0.586,home_improvement,RENT,1
L00887,26,37571,44132,12,23.82,748,25,6,1.175,car,OWN,0
L00888,27,69404,4808,36,21.76,473,22,1,0.069,education,RENT,0
L00889,47,23834,15055,24,19.24,431,1,4,0.632,debt_consolidation,RENT,0
L00890,25,46947,29605,48,15.21,839,26,9,0.631,debt_consolidation,RENT,0
L00891,40,38303,28665,12,13.78,568,14,7,0.748,car,OWN,0
L00892,41,74247,34767,36,8.51,550,12,1,0.468,education,OWN,1
L00893,54,31767,6297,36,10.81,669,8,6,0.198,vacation,MORTGAGE,0
L00894,41,62728,45977,36,19.71,825,6,6,0.733,home_improvement,OWN,0
L00895,33,55012,22943,36,13.62,805,28,2,0.417,medical,RENT,0
L00896,22,51841,35216,60,21.76,477,28,6,0.679,education,RENT,0
L00897,47,85088,7008,36,7.81,846,11,2,0.082,home_improvement,MORTGAGE,0
L00898,35,86674,23277,12,14.66,558,11,8,0.269,car,OWN,0
L00899,59,52400,18820,24,17.29,559,13,7,0.359,medical,MORTGAGE,0
L00900,58,48773,8012,12,14.82,434,22,6,0.164,vacation,RENT,0
L00901,32,27876,24253,48,21.9,760,14,6,0.87,car,OWN,0
L00902,57,54923,31202,60,23.8,788,0,9,0.568,home_improvement,RENT,0
L00903,34,90159,31236,60,7.2,380,29,9,0.346,debt_consolidation,RENT,0
L00904,64,52682,3620,48,7.47,666,8,2,0.069,car,MORTGAGE,0
L00905,24,68117,48352,12,7.48,358,25,3,0.71,car,OWN,0
L00906,54,29845,35716,12,17.94,373,15,7,1.197,home_improvement,RENT,0
L00907,27,47174,11319,48,12.08,538,8,9,0.24,vacation,MORTGAGE,0
L00908,31,63324,18575,36,18.93,428,15,6,0.293,home_improvement,RENT,0
L00909,26,56905,14204,36,12.7,711,1,1,0.25,home_improvement,RENT,0
L00910,44,69844,13952,24,16.92,614,9,7,0.2,vacation,MORTGAGE,0
L00911,31,44151,19787,12,19.63,673,24,1,0.448,vacation,RENT,0
L00912,23,23500,35872,12,15.42,736,17,5,1.526,car,MORTGAGE,0
L00913,34,75197,31376,48,15.25,437,12,9,0.417,debt_consolidation,MORTGAGE,0
L00914,61,38149,2548,48,6.68,754,1,9,0.067,home_improvement,RENT,0
L00915,23,64118,13640,36,12.8,308,28,1,0.213,debt_consolidation,OWN,0
L00916,41,63115,28437,12,15.37,531,28,6,0.451,vacation,RENT,0
L00917,22,25052,24145,12,13.78,696,12,3,0.964,vacation,RENT,0
L00918,58,73884,9903,60,22.11,617,23,9,0.134,home_improvement,MORTGAGE,0
L00919,30,44801,20168,24,22.22,806,2,3,0.45,car,RENT,0
L00920,38,55990,28863,24,20.62,821,29,2,0.516,home_improvement,RENT,0
L00921,30,48552,45381,36,12.13,386,14,8,0.935,car,OWN,1
L00922,32,84206,30548,12,18.63,617,2,3,0.363,medical,OWN,0
L00923,36,79182,10990,60,12.51,632,22,5,0.139,car,MORTGAGE,0
L00924,45,22377,13467,12,9.42,659,9,6,0.602,home_improvement,MORTGAGE,0
L00925,59,95658,25901,48,11.52,540,5,1,0.271,home_improvement,MORTGAGE,0
L00926,56,42790,25301,36,6.35,355,22,7,0.591,car,MORTGAGE,0
L00927,51,92843,39006,24,11.3,409,21,7,0.42,debt_consolidation,RENT,0
L00928,52,50388,21644,12,13.75,348,13,5,0.43,car,OWN,0
L00929,26,48863,6367,36,23.15,315,8,9,0.13,medical,RENT,0
L00930,35,50548,40419,24,10.95,372,17,2,0.8,medical,MORTGAGE,0
L00931,32,47785,18204,12,22.15,501,7,5,0.381,debt_consolidation,RENT,0
L00932,30,100439,21755,60,9.35,392,26,2,0.217,medical,MORTGAGE,0
L00933,55,53625,4093,36,8.63,332,5,2,0.076,home_improvement,MORTGAGE,0
L00934,33,49558,6001,12,14.86,718,14,9,0.121,debt_consolidation,MORTGAGE,0
L00935,56,56386,32783,24,17.78,502,13,7,0.581,debt_consolidation,OWN,0
L00936,56,37587,24940,24,5.84,611,14,4,0.664,debt_consolidation,RENT,1
L00937,22,83748,9810,60,9.2,768,19,8,0.117,education,OWN,0
L00938,61,28520,46040,36,13.66,693,5,4,1.614,car,RENT,0
L00939,43,43947,39322,36,11.29,510,21,1,0.895,car,MORTGAGE,0
L00940,50,71859,28008,12,18.54,455,11,3,0.39,debt_consolidation,MORTGAGE,0
L00941,29,55762,20901,24,14.71,621,9,1,0.375,medical,MORTGAGE,0
L00942,32,64885,29433,24,8.05,734,18,2,0.454,education,RENT,0
L00943,62,82596,43465,60,21.99,339,7,2,0.526,education,RENT,0
L00944,58,73068,24189,60,10.57,339,4,7,0.331,home_improvement,MORTGAGE,0
L00945,35,57474,47139,36,18.89,752,26,4,0.82,home_improvement,RENT,0
L00946,51,92608,30730,24,19.82,489,9,9,0.332,car,MORTGAGE,1
L00947,56,43689,11236,12,23.3,314,10,2,0.257,vacation,MORTGAGE,0
L00948,42,53194,48537,48,14.47,423,19,9,0.912,debt_consolidation,RENT,0
L00949,58,54452,9061,12,16.7,579,13,6,0.166,vacation,OWN,0
L00950,26,53156,20588,60,11.36,347,13,8,0.387,home_improvement,MORTGAGE,1
L00951,40,35754,5902,12,17.89,488,28,7,0.165,car,OWN,0
L00952,35,26494,36120,24,13.8,603,1,8,1.363,car,OWN,0
L00953,47,62509,36364,36,13.32,404,29,9,0.582,car,RENT,0
L00954,25,43597,43535,48,21.25,668,25,8,0.999,car,RENT,0
L00955,46,89340,35447,36,5.95,800,16,6,0.397,car,MORTGAGE,0
L00956,63,53694,30874,48,21.76,759,14,8,0.575,debt_consolidation,RENT,0
L00957,46,50473,22096,48,21.19,546,28,8,0.438,education,MORTGAGE,0
L00958,39,74698,14020,24,14.62,563,22,2,0.188,vacation,OWN,0
L00959,61,62239,46864,24,14.31,505,25,2,0.753,education,MORTGAGE,0
L00960,29,51840,46153,60,11.87,806,26,1,0.89,home_improvement,MORTGAGE,0
L00961,60,43466,43277,60,23.89,829,2,2,0.996,home_improvement,MORTGAGE,0
L00962,61,120838,23685,48,7.11,663,2,7,0.196,education,RENT,0
L00963,35,61512,40502,60,16.21,639,2,3,0.658,car,OWN,0
L00964,53,74519,17675,24,17.95,706,25,4,0.237,car,RENT,0
L00965,59,36586,26365,60,22.75,752,27,4,0.721,education,RENT,0
L00966,54,44596,24276,48,19.82,449,28,4,0.544,car,OWN,0
L00967,44,93022,14693,36,17.23,492,2,2,0.158,education,MORTGAGE,0
L00968,36,80144,25513,12,7.22,446,17,6,0.318,medical,RENT,0
L00969,54,63237,25621,60,12.1,705,5,1,0.405,home_improvement,RENT,0
L00970,46,48131,25711,24,7.64,482,13,5,0.534,car,OWN,0
L00971,38,50787,42175,36,21.74,405,25,2,0.83,vacation,MORTGAGE,1
L00972,54,42830,46554,24,19.24,535,2,9,1.087,medical,RENT,0
L00973,23,34176,29785,60,19.39,478,0,2,0.872,debt_consolidation,RENT,0
L00974,35,71629,4542,48,17.39,731,9,6,0.063,medical,MORTGAGE,0
L00975,61,64698,19062,12,14.63,700,12,4,0.295,medical,RENT,0
L00976,61,68249,7366,12,7.85,824,28,6,0.108,medical,MORTGAGE,0
L00977,60,48935,28465,36,11.26,839,8,2,0.582,vacation,OWN,0
L00978,27,59601,34286,12,7.6,622,21,2,0.575,home_improvement,RENT,0
L00979,27,47223,42178,48,18.77,560,21,7,0.893,car,OWN,0
L00980,24,41908,44603,24,8.04,698,25,3,1.064,vacation,MORTGAGE,0
L00981,28,85007,15647,48,18.34,636,24,3,0.184,vacation,RENT,0
L00982,29,57187,40309,36,18.15,599,1,7,0.705,education,RENT,0
L00983,63,64134,45201,36,13.73,418,9,8,0.705,car,OWN,1
L00984,36,70043,45315,12,7.57,712,24,7,0.647,education,RENT,0
L00985,50,57412,11860,48,10.98,683,29,3,0.207,education,OWN,1
L00986,54,59331,12745,24,11.08,779,11,3,0.215,medical,MORTGAGE,0
L00987,51,35440,8818,48,18.31,604,18,7,0.249,education,MORTGAGE,0
L00988,60,38869,16101,24,7.16,495,2,3,0.414,debt_consolidation,RENT,0
L00989,48,37939,7028,24,20.75,632,18,2,0.185,medical,RENT,0
L00990,57,65898,34725,48,19.46,319,0,7,0.527,medical,RENT,0
L00991,50,56276,45722,60,8.54,732,25,3,0.812,education,MORTGAGE,0
L00992,59,38871,23087,48,18.66,725,14,5,0.594,education,RENT,0
L00993,54,65441,47538,24,17.7,528,22,7,0.726,home_improvement,RENT,0
L00994,58,64782,11438,36,19.21,823,25,2,0.177,medical,MORTGAGE,0
L00995,48,42490,20156,36,8.59,516,12,8,0.474,debt_consolidation,OWN,0
L00996,54,54499,20548,12,7.99,674,6,2,0.377,vacation,RENT,0
L00997,25,64848,41879,36,9.49,335,1,4,0.646,education,RENT,0
L00998,43,39549,26767,60,11.95,327,21,4,0.677,medical,OWN,1
L00999,23,65192,40881,24,20.08,671,19,8,0.627,vacation,MORTGAGE,0
L01000,31,60418,4563,48,19.02,385,10,1,0.076,education,OWN,1
L01001,26,37014,10498,48,22.58,487,22,9,0.284,home_improvement,RENT,0
L01002,31,58956,10131,60,6.11,604,15,6,0.172,education,RENT,0
L01003,54,61581,27107,36,5.22,721,13,4,0.44,debt_consolidation,MORTGAGE,0
L01004,59,43731,30793,24,18.28,379,29,6,0.704,car,MORTGAGE,0
L01005,34,45148,4696,36,10.31,485,22,6,0.104,car,RENT,0
L01006,52,36848,25705,12,11.35,304,14,9,0.698,education,RENT,1
L01007,57,46918,25397,36,15.39,796,19,4,0.541,home_improvement,OWN,0
L01008,45,54782,9704,12,6.95,808,18,8,0.177,debt_consolidation,OWN,0
L01009,36,45198,18442,48,17.21,301,6,1,0.408,education,RENT,0
L01010,50,28272,11765,24,11.18,516,8,6,0.416,vacation,OWN,0
L01011,29,42605,12002,12,17.02,836,3,5,0.282,home_improvement,MORTGAGE,0
L01012,26,47488,13390,36,20.85,556,5,3,0.282,medical,OWN,0
L01013,50,69703,46436,36,8.25,752,22,4,0.666,vacation,RENT,0
L01014,25,65705,20946,48,22.69,723,9,8,0.319,education,MORTGAGE,0
L01015,33,70051,8641,60,15.08,623,2,2,0.123,medical,RENT,0
L01016,23,41697,35709,60,22.54,798,20,8,0.856,medical,RENT,0
L01017,48,57547,47583,36,8.95,496,27,7,0.827,vacation,OWN,0
L01018,52,15000,41309,60,16.49,803,29,1,2.754,medical,OWN,1
L01019,57,62720,17624,24,12.67,571,0,2,0.281,car,MORTGAGE,0
L01020,57,65996,11966,60,19.71,317,5,7,0.181,vacation,RENT,0
L01021,47,48670,25814,24,16.51,406,4,3,0.53,home_improvement,RENT,1
L01022,64,60317,36189,36,14.4,828,22,2,0.6,car,MORTGAGE,0
L01023,48,27731,7765,36,22.35,424,14,1,0.28,home_improvement,RENT,0
L01024,26,40580,32222,36,12.17,782,24,7,0.794,debt_consolidation,RENT,0
L01025,41,68778,19223,48,9.18,303,10,3,0.279,home_improvement,OWN,0
L01026,32,64202,38769,60,16.55,650,19,6,0.604,vacation,MORTGAGE,0
L01027,31,47586,14647,12,16.86,650,24,8,0.308,home_improvement,OWN,0
L01028,61,69604,40016,12,13.34,527,12,6,0.575,debt_consolidation,RENT,0
L01029,59,57489,6959,36,14.25,315,5,7,0.121,medical,OWN,0
L01030,27,45924,29257,60,23.23,724,4,6,0.637,vacation,MORTGAGE,0
L01031,29,51709,33984,24,18.92,763,1,7,0.657,education,MORTGAGE,0
L01032,44,46802,24212,12,7.1,545,16,5,0.517,car,RENT,0
L01033,47,33692,29215,36,9.03,476,23,9,0.867,car,MORTGAGE,0
L01034,64,77620,38657,12,23.54,842,11,3,0.498,home_improvement,MORTGAGE,0
L01035,33,44775,31057,12,18.8,808,11,6,0.694,car,MORTGAGE,0
L01036,47,40017,36094,12,22.39,532,21,9,0.902,debt_consolidation,MORTGAGE,0
L01037,34,27471,40669,36,10.77,337,13,1,1.48,education,RENT,0
L01038,61,15000,38126,36,19.1,790,6,5,2.542,car,OWN,0
L01039,39,67626,36353,48,18.57,743,21,4,0.538,home_improvement,MORTGAGE,0
L01040,46,69284,15500,48,10.6,319,25,9,0.224,car,RENT,0
L01041,54,76474,46328,48,15.47,410,28,1,0.606,medical,RENT,0
L01042,61,52317,18772,12,16.92,786,13,4,0.359,medical,RENT,0
L01043,64,49204,5332,60,14.14,388,6,1,0.108,car,MORTGAGE,0
L01044,33,45860,24218,36,20.72,618,8,3,0.528,vacation,MORTGAGE,0
L01045,57,47501,37588,48,20.82,417,13,4,0.791,education,OWN,1
L01046,25,75156,17472,60,21.16,733,20,1,0.232,car,MORTGAGE,0
L01047,26,54522,6959,48,20.27,538,16,5,0.128,medical,MORTGAGE,0
L01048,58,61805,19443,48,14.27,371,16,6,0.315,medical,MORTGAGE,0
L01049,29,47043,47134,60,12.25,698,24,1,1.002,debt_consolidation,RENT,0
L01050,63,78775,27874,48,20.8,703,20,4,0.354,home_improvement,OWN,0
L01051,49,20714,3301,12,14.31,550,29,4,0.159,debt_consolidation,MORTGAGE,0
L01052,52,33030,45319,12,9.68,494,12,1,1.372,vacation,RENT,0
L01053,30,61834,26080,12,14.64,521,28,2,0.422,home_improvement,RENT,0
L01054,50,86510,22683,24,7.7,481,26,5,0.262,car,RENT,0
L01055,35,50948,31656,48,18.14,555,28,2,0.621,car,MORTGAGE,0
L01056,61,39837,24455,24,11.38,387,17,3,0.614,vacation,OWN,0
L01057,62,73011,6112,36,9.95,791,18,9,0.084,education,OWN,0
L01058,43,60826,47531,60,23.17,635,16,5,0.781,medical,RENT,0
L01059,32,78223,46542,36,19.76,837,5,1,0.595,education,RENT,0
L01060,44,31773,18882,24,19.95,706,11,5,0.594,car,MORTGAGE,0
L01061,22,76810,34145,12,16.85,588,5,3,0.445,debt_consolidation,RENT,0
L01062,58,27127,43388,48,20.94,661,2,1,1.599,medical,OWN,0
L01063,42,49812,34735,48,19.42,740,14,3,0.697,car,RENT,0
L01064,47,62430,9245,12,16.38,329,2,6,0.148,medical,RENT,0
L01065,57,58348,46599,48,23.26,847,22,5,0.799,education,MORTGAGE,0
L01066,44,74090,4105,60,8.64,522,14,1,0.055,home_improvement,MORTGAGE,0
L01067,22,22120,44513,60,22.92,423,0,2,2.012,car,RENT,1
L01068,61,57538,23711,60,12.63,514,20,5,0.412,car,RENT,0
L01069,36,76593,7630,36,15.04,417,28,9,0.1,medical,RENT,0
L01070,42,56067,5206,12,7.33,526,2,5,0.093,home_improvement,RENT,0
L01071,30,34437,20953,60,15.26,743,4,5,0.608,debt_consolidation,OWN,0
L01072,30,73135,37396,24,16.61,848,26,1,0.511,home_improvement,OWN,0
L01073,31,43330,12068,60,23.96,736,13,5,0.279,debt_consolidation,MORTGAGE,0
L01074,47,40162,15394,36,23.53,311,3,8,0.383,vacation,MORTGAGE,0
L01075,62,37897,3067,24,23.36,421,21,9,0.081,education,RENT,0
L01076,56,51423,17245,12,11.62,846,27,3,0.335,home_improvement,MORTGAGE,0
L01077,46,58295,11859,12,23.83,788,8,4,0.203,debt_consolidation,MORTGAGE,0
L01078,47,32156,31164,60,13.65,550,17,7,0.969,medical,OWN,0
L01079,32,35854,41410,24,21.18,781,9,7,1.155,debt_consolidation,MORTGAGE,0
L01080,59,42499,17377,24,9.11,849,7,1,0.409,vacation,MORTGAGE,0
L01081,23,37810,38834,60,14.61,579,29,6,1.027,debt_consolidation,OWN,0
L01082,28,55661,35715,60,23.35,636,12,9,0.642,education,MORTGAGE,0
L01083,39,61501,22773,48,22.99,467,1,5,0.37,home_improvement,OWN,0
L01084,48,59029,35939,48,17.99,627,19,8,0.609,debt_consolidation,OWN,0
L01085,55,59055,8114,60,20.16,545,24,9,0.137,home_improvement,RENT,0
L01086,48,85077,34939,36,8.35,600,19,3,0.411,vacation,MORTGAGE,0
L01087,38,62626,14818,48,18.71,499,6,1,0.237,debt_consolidation,RENT,0
L01088,64,69111,11335,60,16.74,799,10,2,0.164,debt_consolidation,OWN,0
L01089,45,47536,44819,24,6.74,312,4,5,0.943,vacation,OWN,1
L01090,46,71992,8209,48,7.15,665,28,7,0.114,education,OWN,0
L01091,28,46677,45148,36,7.06,396,17,6,0.967,debt_consolidation,MORTGAGE,0
L01092,27,62406,5577,12,18.76,370,7,4,0.089,home_improvement,OWN,0
L01093,45,30315,10380,24,7.69,656,26,9,0.342,education,RENT,0
L01094,54,57992,6076,36,13.89,843,25,4,0.105,car,MORTGAGE,0
L01095,50,37443,34925,36,11.78,549,9,3,0.933,education,MORTGAGE,0
L01096,64,71848,42545,36,15.46,553,1,5,0.592,car,MORTGAGE,0
L01097,43,70765,43205,24,18.42,481,2,4,0.611,home_improvement,RENT,0
L01098,47,46600,13095,36,18.01,465,25,2,0.281,debt_consolidation,OWN,0
L01099,49,91892,21179,12,14.79,303,22,3,0.23,home_improvement,MORTGAGE,0
L01100,42,49854,41968,48,13.82,762,4,7,0.842,vacation,RENT,0
L01101,28,25983,30400,24,12.56,444,15,2,1.17,home_improvement,MORTGAGE,0
L01102,38,40975,20761,36,21.38,464,9,1,0.507,car,RENT,1
L01103,41,36205,49615,60,11.29,643,10,2,1.37,education,OWN,0
L01104,62,61832,43809,48,9.93,404,18,8,0.709,medical,OWN,0
L01105,41,32763,3810,24,19.12,847,15,8,0.116,vacation,OWN,0
L01106,43,45294,23574,60,11.84,613,11,2,0.52,debt_consolidation,OWN,0
L01107,49,60661,30562,60,21.09,468,1,6,0.504,education,RENT,0
L01108,61,57495,42663,36,11.23,819,10,7,0.742,home_improvement,MORTGAGE,0
L01109,28,54772,20510,24,18.34,735,21,1,0.374,vacation,RENT,0
L01110,22,57268,8953,36,5.86,811,25,7,0.156,car,OWN,0
L01111,53,48330,41091,12,12.33,708,0,8,0.85,debt_consolidation,RENT,0
L01112,34,26132,24131,60,11.52,735,23,9,0.923,home_improvement,OWN,1
L01113,51,47856,28883,12,20.52,614,4,8,0.604,education,OWN,0
L01114,44,63437,40373,36,23.37,841,20,3,0.636,home_improvement,MORTGAGE,0
L01115,40,52535,7891,48,13.76,362,13,8,0.15,debt_consolidation,OWN,0
L01116,53,62046,37844,60,20.67,331,17,3,0.61,education,RENT,0
L01117,51,44437,20728,48,18.29,510,6,6,0.466,medical,OWN,0
L01118,50,72898,35387,24,23.38,762,4,4,0.485,medical,MORTGAGE,0
L01119,50,15000,13094,60,20.41,379,7,7,0.873,vacation,RENT,0
L01120,51,57545,4407,12,6.47,642,20,8,0.077,home_improvement,RENT,0
L01121,37,79279,14644,48,18.55,531,14,6,0.185,vacation,OWN,0
L01122,61,81958,37772,24,15.17,428,24,4,0.461,debt_consolidation,RENT,0
L01123,40,50827,22298,60,5.31,318,4,8,0.439,education,RENT,0
L01124,39,31128,45446,24,9.77,656,12,7,1.46,vacation,RENT,0
L01125,22,79596,38807,12,22.51,718,18,8,0.488,home_improvement,RENT,0
L01126,35,54066,36072,60,22.6,380,28,7,0.667,medical,RENT,1
L01127,23,52138,40398,24,20.18,417,1,3,0.775,medical,OWN,0
L01128,49,38928,30669,36,23.65,793,4,3,0.788,debt_consolidation,RENT,0
L01129,51,32502,32161,60,20.32,791,25,9,0.99,car,RENT,0
L01130,59,65149,9282,60,5.19,524,28,7,0.142,vacation,RENT,0
L01131,25,67057,28539,60,10.47,718,25,1,0.426,debt_consolidation,OWN,0
L01132,22,58627,5307,60,5.58,436,4,3,0.091,medical,MORTGAGE,0
L01133,29,41247,19745,36,6.79,525,5,1,0.479,home_improvement,OWN,0
L01134,50,35830,41433,12,9.16,633,15,6,1.156,home_improvement,OWN,0
L01135,60,29219,39062,36,14.57,528,1,2,1.337,education,MORTGAGE,0
L01136,24,44910,36555,36,21.1,622,4,7,0.814,car,RENT,0
L01137,53,36894,3073,24,21.38,407,14,8,0.083,car,RENT,0
L01138,31,24232,34683,48,16.71,744,0,6,1.431,medical,RENT,0
L01139,31,66724,27741,48,22.64,306,18,5,0.416,car,RENT,0
L01140,40,31256,24286,24,14.5,427,2,4,0.777,car,RENT,0
L01141,55,72710,5599,36,21.89,652,18,9,0.077,home_improvement,OWN,0
L01142,54,62093,29293,24,13.63,566,14,8,0.472,education,RENT,0
L01143,44,60298,17389,60,10.27,513,2,5,0.288,vacation,MORTGAGE,0
L01144,49,84975,46113,24,22.41,546,7,1,0.543,home_improvement,MORTGAGE,0
L01145,53,31855,14318,24,12.37,673,14,8,0.449,education,MORTGAGE,0
L01146,28,70727,5055,60,14.56,720,0,8,0.071,home_improvement,RENT,0
L01147,50,49642,19043,48,11.25,340,5,7,0.384,medical,MORTGAGE,0
L01148,29,101279,8320,60,17.59,647,21,7,0.082,education,MORTGAGE,0
L01149,22,48145,41281,12,23.91,442,16,8,0.857,education,MORTGAGE,0
L01150,24,45238,6642,24,5.48,440,15,1,0.147,medical,OWN,0
L01151,45,62659,29158,24,22.1,406,12,3,0.465,education,MORTGAGE,0
L01152,44,51239,11321,48,5.07,332,0,4,0.221,vacation,RENT,0
L01153,29,41347,16432,36,11.92,499,2,6,0.397,debt_consolidation,RENT,0
L01154,58,37535,24757,60,8.2,418,23,9,0.66,car,RENT,1
L01155,24,81247,39234,36,19.39,528,5,4,0.483,education,MORTGAGE,1
L01156,54,34057,28044,12,5.96,484,19,6,0.823,car,RENT,1
L01157,49,59015,23971,60,15.52,514,20,9,0.406,home_improvement,RENT,0
L01158,29,74011,46226,12,10.6,429,25,9,0.625,home_improvement,MORTGAGE,0
L01159,55,74880,27727,12,7.54,571,29,6,0.37,education,RENT,0
L01160,56,44170,24559,12,19.66,307,2,5,0.556,education,MORTGAGE,0
L01161,53,51288,10284,60,9.13,702,14,3,0.201,education,MORTGAGE,0
L01162,45,47796,45526,60,9.25,668,29,5,0.953,vacation,RENT,0
L01163,35,27369,19665,48,10.23,836,14,3,0.719,education,RENT,0
L01164,53,64675,29476,24,16.15,352,10,5,0.456,car,OWN,0
L01165,64,55693,12991,36,17.53,546,26,1,0.233,home_improvement,MORTGAGE,0
L01166,37,80930,21561,36,5.33,636,21,6,0.266,home_improvement,MORTGAGE,0
L01167,25,40182,6511,12,9.6,580,5,7,0.162,education,RENT,0
L01168,58,74596,12796,60,13.19,332,5,2,0.172,medical,RENT,0
L01169,42,75866,5881,60,11.31,847,8,3,0.078,debt_consolidation,RENT,0
L01170,35,55847,17668,12,21.8,642,13,9,0.316,education,MORTGAGE,0
L01171,52,15924,37181,24,19.97,538,25,8,2.335,vacation,RENT,1
L01172,39,45773,36312,36,16.89,791,28,4,0.793,debt_consolidation,RENT,0
L01173,28,87145,30106,48,11.42,476,10,8,0.345,debt_consolidation,MORTGAGE,0
L01174,31,60347,29222,24,18.31,343,23,8,0.484,education,OWN,1
L01175,28,67481,17729,60,21.03,603,5,6,0.263,vacation,RENT,0
L01176,54,53395,6784,12,16.3,568,17,1,0.127,car,MORTGAGE,0
L01177,44,50978,40394,36,19.9,699,19,2,0.792,education,OWN,0
L01178,42,21387,39282,12,19.23,730,14,4,1.837,home_improvement,OWN,0
L01179,40,69305,35913,60,15.86,720,21,4,0.518,vacation,MORTGAGE,0
L01180,40,74434,11102,12,10.93,430,8,2,0.149,home_improvement,OWN,1
L01181,57,37884,46266,36,19.17,709,10,9,1.221,education,OWN,0
L01182,50,51780,40218,12,8.93,524,1,2,0.777,education,MORTGAGE,1
L01183,39,49352,19950,36,19.81,442,5,6,0.404,medical,OWN,0
L01184,23,62562,6507,12,20.29,839,25,5,0.104,debt_consolidation,MORTGAGE,0
L01185,22,45201,48303,12,20.62,424,26,4,1.069,medical,OWN,0
L01186,26,71764,39016,36,13.99,511,25,6,0.544,debt_consolidation,OWN,0
L01187,41,56283,15523,12,8.66,727,25,4,0.276,car,RENT,0
L01188,32,15000,26667,24,6.89,736,22,9,1.778,vacation,RENT,0
L01189,63,62968,5992,48,19.12,537,13,7,0.095,car,MORTGAGE,0
L01190,23,72934,43290,24,21.84,627,13,3,0.594,debt_consolidation,RENT,0
L01191,24,34262,10027,48,17.37,418,23,4,0.293,education,RENT,0
L01192,44,62357,24144,24,7.74,345,12,1,0.387,medical,MORTGAGE,0
L01193,33,87939,27530,48,22.76,383,24,6,0.313,debt_consolidation,RENT,0
L01194,41,57017,46740,12,23.79,651,4,2,0.82,education,MORTGAGE,0
L01195,26,75549,17305,36,13.23,312,8,4,0.229,car,OWN,0
L01196,58,47041,45561,36,16.3,471,24,5,0.969,education,RENT,0
L01197,59,54676,23731,60,19.77,533,28,8,0.434,education,RENT,0
L01198,51,51316,22673,48,18.99,480,10,3,0.442,car,RENT,0
L01199,30,48031,35297,60,23.39,350,6,6,0.735,medical,RENT,1
L01200,55,52341,27842,60,7.18,694,1,1,0.532,education,RENT,0
L01201,56,25647,25827,48,16.03,728,23,9,1.007,medical,RENT,0
L01202,43,49044,39502,36,18.15,573,11,1,0.805,education,MORTGAGE,0
L01203,45,79080,48666,48,21.91,506,4,2,0.615,education,OWN,0
L01204,38,37653,28173,12,21.61,447,28,1,0.748,car,MORTGAGE,0
L01205,31,35809,20909,60,23.58,599,26,8,0.584,debt_consolidation,OWN,0
L01206,51,56101,33007,60,14.73,752,23,4,0.588,debt_consolidation,RENT,0
L01207,44,57001,14985,48,20.78,848,1,2,0.263,vacation,RENT,0
L01208,53,61794,24525,60,13.12,682,13,7,0.397,car,RENT,0
L01209,38,52952,48757,36,13.02,833,6,8,0.921,vacation,MORTGAGE,0
L01210,38,56293,37510,60,9.81,532,4,9,0.666,education,MORTGAGE,0
L01211,35,48684,39403,48,20.55,428,3,5,0.809,car,RENT,1
L01212,30,32035,39193,36,23.73,536,9,3,1.223,vacation,OWN,1
L01213,61,53714,43429,36,9.87,784,28,1,0.809,home_improvement,MORTGAGE,0
L01214,23,68042,5830,60,6.07,540,15,8,0.086,debt_consolidation,MORTGAGE,0
L01215,46,64270,2533,48,20.5,522,5,6,0.039,debt_consolidation,OWN,0
L01216,60,23603,49018,60,16.78,398,20,5,2.077,home_improvement,RENT,1
L01217,30,59534,22946,12,23.23,572,5,7,0.385,medical,RENT,0
L01218,43,38930,25504,12,9.79,698,8,5,0.655,home_improvement,MORTGAGE,0
L01219,64,80058,47015,36,6.35,816,0,4,0.587,debt_consolidation,MORTGAGE,0
L01220,25,60872,30255,60,14.36,729,28,5,0.497,car,OWN,0
L01221,47,71133,38855,12,6.62,822,15,7,0.546,vacation,RENT,0
L01222,50,55381,43721,24,9.97,647,26,6,0.789,debt_consolidation,MORTGAGE,0
L01223,55,53811,48061,12,7.39,750,16,9,0.893,home_improvement,MORTGAGE,0
L01224,44,81925,43850,60,9.26,341,12,2,0.535,car,RENT,0
L01225,58,72509,37123,60,7.02,393,5,7,0.512,debt_consolidation,RENT,0
L01226,32,57121,36723,12,23.12,785,1,1,0.643,home_improvement,OWN,0
L01227,27,51406,37739,60,10.29,816,7,8,0.734,debt_consolidation,RENT,0
L01228,39,24270,7539,60,13.43,449,22,4,0.311,home_improvement,RENT,0
L01229,42,60842,9493,24,22.07,798,21,8,0.156,education,RENT,0
L01230,63,52730,37604,36,17.87,670,3,8,0.713,home_improvement,MORTGAGE,0
L01231,57,64971,23311,60,16.74,784,8,4,0.359,debt_consolidation,MORTGAGE,0
L01232,62,70440,39707,48,18.41,682,22,4,0.564,car,RENT,0
L01233,59,77192,5644,36,20.75,491,6,5,0.073,debt_consolidation,MORTGAGE,0
L01234,55,61065,22445,36,21.68,520,20,7,0.368,debt_consolidation,MORTGAGE,0
L01235,38,36165,37934,48,17.21,346,0,6,1.049,education,RENT,0
L01236,58,16312,11511,12,21.91,426,13,1,0.706,car,MORTGAGE,0
L01237,46,40155,2183,24,15.17,306,29,6,0.054,education,OWN,0
L01238,59,79002,11475,60,10.27,415,1,3,0.145,debt_consolidation,MORTGAGE,0
L01239,33,87822,21230,12,21.72,665,7,9,0.242,education,OWN,0
L01240,44,50717,28008,48,15.29,345,10,3,0.552,vacation,OWN,0
L01241,63,28702,13332,24,22.22,692,4,9,0.464,vacation,RENT,0
L01242,43,43328,49941,24,5.76,322,17,5,1.153,vacation,RENT,0
L01243,42,75480,44756,24,12.55,430,11,8,0.593,home_improvement,OWN,0
L01244,48,44361,6722,48,23.01,426,20,9,0.152,medical,MORTGAGE,0
L01245,52,65604,17194,12,9.74,744,23,9,0.262,education,OWN,0
L01246,27,58034,28631,60,22.89,608,19,7,0.493,debt_consolidation,RENT,0
L01247,48,67780,29912,24,23.12,732,18,1,0.441,medical,RENT,0
L01248,61,87724,19166,24,21.76,772,4,8,0.218,education,MORTGAGE,0
L01249,55,65616,48840,12,15.71,347,28,7,0.744,vacation,RENT,0
L01250,33,57644,17976,24,17.29,381,6,4,0.312,car,RENT,0
L01251,28,89710,40623,24,21.52,408,1,6,0.453,vacation,MORTGAGE,0
L01252,31,61291,48062,48,19.74,562,16,2,0.784,debt_consolidation,MORTGAGE,0
L01253,38,40726,14046,36,16.97,330,12,4,0.345,medical,MORTGAGE,0
L01254,47,67374,35444,12,23.66,657,10,8,0.526,medical,RENT,1
L01255,42,63054,25634,12,18.03,779,4,4,0.407,education,RENT,0
L01256,49,49457,6090,12,23.53,488,12,4,0.123,home_improvement,MORTGAGE,1
L01257,23,45683,47266,48,6.09,304,28,4,1.035,car,MORTGAGE,0
L01258,64,49631,32008,48,7.64,585,22,9,0.645,vacation,MORTGAGE,0
L01259,22,45425,24107,60,13.58,693,12,2,0.531,car,OWN,0
L01260,57,50216,47545,48,12.31,754,7,7,0.947,debt_consolidation,MORTGAGE,0
L01261,47,39829,10382,12,19.87,725,10,3,0.261,home_improvement,RENT,0
L01262,50,61950,49774,60,8.05,326,7,4,0.803,vacation,RENT,1
L01263,42,60601,11034,36,23.55,426,9,1,0.182,debt_consolidation,RENT,0
L01264,32,61213,10526,24,10.99,434,24,3,0.172,car,MORTGAGE,0
L01265,61,53877,26073,24,13.15,834,26,2,0.484,home_improvement,RENT,0
L01266,32,51802,48698,60,10.22,630,10,7,0.94,vacation,RENT,0
L01267,57,80956,3110,36,16.01,691,27,6,0.038,car,MORTGAGE,0
L01268,60,56213,18445,24,6.11,307,0,1,0.328,vacation,RENT,0
L01269,61,77747,2386,60,7.84,560,6,8,0.031,home_improvement,RENT,0
L01270,56,37064,20584,48,19.17,498,25,9,0.555,home_improvement,MORTGAGE,0
L01271,55,65605,47674,12,8.54,685,7,1,0.727,car,MORTGAGE,0
L01272,45,41775,36451,36,9.47,771,5,5,0.873,vacation,OWN,0
L01273,43,44989,49801,24,20.07,478,25,7,1.107,medical,MORTGAGE,0
L01274,26,47585,32549,12,6.77,749,13,2,0.684,debt_consolidation,RENT,0
L01275,54,46457,8321,60,13.31,539,27,6,0.179,home_improvement,MORTGAGE,0
L01276,57,46547,26440,24,5.44,823,19,8,0.568,vacation,MORTGAGE,0
L01277,41,76910,33566,12,11.59,482,6,8,0.436,car,RENT,0
L01278,40,55817,43446,48,18.28,657,2,8,0.778,car,MORTGAGE,0
L01279,56,59050,34521,36,6.71,675,1,6,0.585,home_improvement,RENT,0
L01280,64,46771,46692,60,21.88,837,21,6,0.998,education,RENT,0
L01281,38,70424,25798,24,22.28,381,17,3,0.366,home_improvement,MORTGAGE,0
L01282,64,61391,15565,48,6.99,657,21,2,0.254,education,RENT,0
L01283,55,49439,25027,36,23.82,484,25,5,0.506,medical,RENT,1
L01284,30,26482,43500,36,10.65,587,2,9,1.643,car,RENT,0
L01285,47,58893,34095,48,6.6,361,13,4,0.579,vacation,RENT,0
L01286,23,65362,7631,24,5.1,806,17,5,0.117,education,MORTGAGE,0
L01287,30,37380,26329,36,12.76,761,12,6,0.704,debt_consolidation,MORTGAGE,0
L01288,30,49682,45020,60,16.97,329,7,6,0.906,debt_consolidation,OWN,0
L01289,61,64668,47206,12,11.31,330,3,4,0.73,medical,RENT,0
L01290,38,26723,39937,60,20.9,592,14,4,1.494,education,OWN,0
L01291,22,43320,8787,36,18.62,472,11,8,0.203,education,RENT,0
L01292,46,61784,40000,12,11.65,427,13,5,0.647,vacation,RENT,0
L01293,64,74890,28875,48,18.95,385,19,5,0.386,debt_consolidation,RENT,0
L01294,61,94344,26514,12,22.87,614,6,9,0.281,debt_consolidation,RENT,0
L01295,63,90255,24580,12,6.77,327,23,4,0.272,vacation,OWN,1
L01296,46,57587,22291,12,10.82,421,11,7,0.387,education,MORTGAGE,0
L01297,60,46283,6288,36,13.8,550,28,5,0.136,vacation,MORTGAGE,0
L01298,56,71616,8734,24,14.46,702,8,9,0.122,home_improvement,MORTGAGE,0
L01299,24,45215,19464,36,15.3,742,9,8,0.43,debt_consolidation,RENT,0
L01300,58,41282,41008,24,10.71,571,7,8,0.993,education,MORTGAGE,0
L01301,51,49505,9814,48,17.68,412,29,3,0.198,debt_consolidation,MORTGAGE,0
L01302,59,47247,45154,48,17.26,693,19,9,0.956,medical,MORTGAGE,0
L01303,55,62427,9851,48,15.98,318,1,8,0.158,home_improvement,RENT,0
L01304,33,44156,3600,48,7.16,764,25,3,0.082,home_improvement,OWN,0
L01305,40,56532,8866,48,14.06,490,15,1,0.157,debt_consolidation,OWN,0
L01306,58,83709,5692,60,11.77,792,20,5,0.068,car,RENT,0
L01307,38,57198,22373,36,14.33,462,22,4,0.391,car,MORTGAGE,0
L01308,31,82301,35100,24,22.52,594,17,8,0.426,vacation,RENT,0
L01309,33,76637,48477,48,14.13,372,19,6,0.633,home_improvement,RENT,0
L01310,37,65656,48877,60,5.27,608,21,5,0.744,debt_consolidation,OWN,0
L01311,45,48625,16847,60,13.34,601,23,9,0.346,education,RENT,0
L01312,40,73729,16507,60,20.59,607,9,6,0.224,debt_consolidation,MORTGAGE,0
L01313,29,50500,11963,36,19.82,423,28,3,0.237,debt_consolidation,RENT,0
L01314,52,54963,8106,48,14.75,560,5,6,0.147,education,RENT,0
L01315,42,60943,9333,60,9.75,494,5,4,0.153,education,OWN,0
L01316,38,54903,33913,60,13.84,650,21,5,0.618,medical,RENT,0
L01317,44,42035,33283,48,15.71,788,19,6,0.792,car,MORTGAGE,0
L01318,58,27512,41423,36,24.0,499,12,9,1.506,medical,MORTGAGE,1
L01319,37,72264,40076,60,17.24,807,18,3,0.555,debt_consolidation,OWN,0
L01320,27,65266,31815,24,18.19,745,16,1,0.487,debt_consolidation,MORTGAGE,0
L01321,29,24029,22584,12,14.34,379,1,2,0.94,home_improvement,OWN,0
L01322,46,41557,27382,12,11.74,768,17,8,0.659,home_improvement,MORTGAGE,0
L01323,39,58223,3064,12,20.45,741,25,4,0.053,car,MORTGAGE,0
L01324,46,62966,43848,36,14.4,571,6,7,0.696,education,MORTGAGE,0
L01325,33,27667,45883,60,23.9,642,26,2,1.658,vacation,RENT,0
L01326,36,53393,8820,12,13.69,423,13,8,0.165,debt_consolidation,RENT,0
L01327,47,64713,10512,12,6.29,522,21,9,0.162,home_improvement,MORTGAGE,0
L01328,62,48672,38725,48,17.97,789,14,7,0.796,car,MORTGAGE,0
L01329,47,59604,21615,60,5.89,596,7,1,0.363,medical,OWN,0
L01330,53,46224,41776,60,9.76,418,8,2,0.904,debt_consolidation,RENT,0
L01331,31,71365,19884,48,11.72,375,20,9,0.279,vacation,OWN,0
L01332,37,40612,49455,60,19.05,557,10,7,1.218,car,MORTGAGE,0
L01333,28,34442,19952,24,14.39,831,2,3,0.579,education,RENT,0
L01334,38,55520,11711,36,5.54,650,19,5,0.211,vacation,MORTGAGE,0
L01335,44,29196,22473,48,16.72,576,13,1,0.77,debt_consolidation,MORTGAGE,0
L01336,47,17107,20249,12,12.82,554,26,3,1.184,car,OWN,0
L01337,42,74507,11597,60,22.51,563,7,4,0.156,education,RENT,0
L01338,43,37283,23984,24,14.49,328,2,4,0.643,home_improvement,MORTGAGE,0
L01339,28,30994,18388,24,18.47,766,17,7,0.593,vacation,RENT,0
L01340,35,40388,49137,36,9.16,334,22,5,1.217,medical,OWN,1
L01341,36,39580,42727,24,19.46,593,13,9,1.08,medical,RENT,0
L01342,28,52441,20782,60,18.7,502,19,7,0.396,vacation,OWN,0
L01343,30,35317,8608,60,22.18,367,28,2,0.244,debt_consolidation,RENT,0
L01344,29,63967,35115,24,5.64,430,7,8,0.549,debt_consolidation,MORTGAGE,0
L01345,44,66632,47180,60,13.5,410,16,2,0.708,debt_consolidation,MORTGAGE,1
L01346,50,32050,44773,60,17.9,823,7,7,1.397,medical,MORTGAGE,0
L01347,39,43874,8500,12,6.81,587,4,5,0.194,medical,RENT,0
L01348,52,45584,37342,48,12.8,342,11,6,0.819,home_improvement,RENT,0
L01349,51,52029,22209,60,22.9,593,1,4,0.427,debt_consolidation,RENT,0
L01350,60,74488,22977,60,13.28,584,16,5,0.308,medical,RENT,0
L01351,56,75525,40040,36,23.72,318,12,5,0.53,medical,RENT,0
L01352,39,99979,43462,48,6.08,806,21,7,0.435,debt_consolidation,OWN,0
L01353,63,15000,5521,48,18.64,846,13,4,0.368,debt_consolidation,OWN,0
L01354,60,38362,3300,48,16.04,347,8,5,0.086,medical,RENT,0
L01355,38,87652,29075,24,14.51,518,8,4,0.332,education,RENT,0
L01356,35,22587,25979,12,23.45,487,8,4,1.15,vacation,OWN,0
L01357,52,87242,32802,12,7.46,330,26,8,0.376,medical,RENT,0
L01358,45,57652,14225,36,22.02,558,19,5,0.247,home_improvement,MORTGAGE,1
L01359,56,58314,13481,48,18.13,643,5,9,0.231,car,RENT,0
L01360,55,31963,23217,48,9.92,607,29,5,0.726,education,RENT,0
L01361,24,46879,46813,60,22.13,370,11,8,0.999,debt_consolidation,RENT,0
L01362,58,86452,39153,24,13.16,606,9,3,0.453,home_improvement,RENT,0
L01363,64,54141,16755,24,20.47,398,21,7,0.309,vacation,MORTGAGE,0
L01364,61,46999,26914,36,12.39,320,4,1,0.573,car,RENT,0
L01365,47,62302,37592,12,21.17,305,17,5,0.603,education,MORTGAGE,0
L01366,44,51540,28269,48,17.1,530,6,2,0.548,medical,RENT,0
L01367,60,61212,40732,36,7.68,381,12,8,0.665,debt_consolidation,OWN,0
L01368,36,39704,26555,24,17.34,516,0,6,0.669,medical,MORTGAGE,0
L01369,25,53611,21874,24,8.64,634,5,5,0.408,home_improvement,MORTGAGE,0
L01370,50,43460,38535,24,12.83,758,20,3,0.887,debt_consolidation,RENT,0
L01371,43,22528,48344,48,8.24,386,20,1,2.146,medical,MORTGAGE,0
L01372,46,63675,47036,48,5.42,814,7,8,0.739,debt_consolidation,OWN,0
L01373,34,32792,9925,48,9.03,812,8,5,0.303,home_improvement,RENT,0
L01374,39,52034,5107,60,15.19,777,6,9,0.098,medical,MORTGAGE,0
L01375,54,71669,22852,12,14.15,797,9,7,0.319,car,MORTGAGE,0
L01376,37,28039,32183,24,14.53,748,28,1,1.148,vacation,RENT,0
L01377,63,65884,29617,24,9.71,559,7,1,0.45,medical,MORTGAGE,0
L01378,23,49603,10722,60,18.02,836,29,7,0.216,debt_consolidation,RENT,0
L01379,56,37602,24631,24,18.38,499,1,7,0.655,education,RENT,0
L01380,63,91412,33622,24,11.8,762,17,9,0.368,medical,MORTGAGE,0
L01381,55,54989,9883,48,21.74,393,27,2,0.18,debt_consolidation,OWN,0
L01382,51,44774,21708,48,17.24,651,14,7,0.485,education,RENT,0
L01383,34,40956,48221,12,18.55,407,23,2,1.177,home_improvement,OWN,0
L01384,34,70860,19197,24,10.27,654,5,2,0.271,education,MORTGAGE,0
L01385,39,43982,23134,36,5.01,768,23,5,0.526,vacation,OWN,0
L01386,53,68617,42386,24,21.44,394,13,9,0.618,debt_consolidation,RENT,0
L01387,53,54955,35550,24,20.63,390,24,9,0.647,medical,RENT,0
L01388,56,75091,16642,12,7.34,343,24,1,0.222,education,MORTGAGE,0
L01389,60,36234,22439,36,12.11,755,26,7,0.619,home_improvement,MORTGAGE,0
L01390,50,38744,34243,24,17.57,683,21,3,0.884,education,MORTGAGE,0
L01391,50,49941,42557,36,17.39,322,23,1,0.852,car,MORTGAGE,0
L01392,37,51434,26583,48,21.35,322,17,2,0.517,medical,RENT,0
L01393,31,48617,30349,48,7.67,533,23,6,0.624,vacation,OWN,0
L01394,51,102365,16002,36,13.17,610,2,2,0.156,home_improvement,RENT,0
L01395,46,92138,21523,24,6.85,716,29,2,0.234,medical,RENT,0
L01396,60,60382,46749,36,12.4,632,0,4,0.774,debt_consolidation,RENT,0
L01397,41,62505,7007,36,5.29,402,22,3,0.112,debt_consolidation,MORTGAGE,0
L01398,26,50744,22435,48,22.07,799,0,8,0.442,debt_consolidation,RENT,0
L01399,22,36103,42343,36,15.01,782,13,8,1.173,medical,RENT,0
L01400,51,51722,27093,60,21.15,488,26,6,0.524,vacation,RENT,0
L01401,24,68880,13294,60,6.14,759,0,4,0.193,debt_consolidation,RENT,0
L01402,35,78501,40405,48,9.32,488,0,7,0.515,medical,OWN,1
L01403,51,72922,47538,24,9.93,650,3,9,0.652,medical,MORTGAGE,0
L01404,25,27824,49310,24,12.35,413,28,2,1.772,vacation,RENT,0
L01405,39,49793,12908,48,20.25,403,29,6,0.259,home_improvement,RENT,0
L01406,58,28560,14699,24,12.34,807,11,7,0.515,home_improvement,MORTGAGE,0
L01407,46,76039,36633,12,8.89,644,14,1,0.482,medical,OWN,0
L01408,22,47577,3376,60,6.23,320,28,6,0.071,home_improvement,MORTGAGE,0
L01409,36,54152,16255,12,6.51,686,29,8,0.3,car,RENT,0
L01410,30,63640,15647,12,19.44,508,27,7,0.246,vacation,MORTGAGE,0
L01411,36,104790,40176,12,13.45,782,3,2,0.383,medical,OWN,0
L01412,45,59828,10163,48,18.8,772,29,2,0.17,home_improvement,OWN,0
L01413,25,50711,41051,12,17.96,692,9,4,0.81,education,RENT,0
L01414,33,32661,36744,36,7.57,815,10,5,1.125,home_improvement,RENT,0
L01415,58,81255,8443,24,7.71,487,5,5,0.104,vacation,MORTGAGE,0
L01416,58,51730,15324,48,19.35,645,27,2,0.296,education,RENT,0
L01417,64,84828,23143,36,18.7,651,9,7,0.273,debt_consolidation,RENT,0
L01418,27,74901,42363,36,12.18,840,11,8,0.566,home_improvement,OWN,0
L01419,60,46666,6920,60,6.47,346,2,2,0.148,education,OWN,0
L01420,45,29939,19375,60,5.23,376,14,4,0.647,vacation,OWN,0
L01421,32,59906,39996,36,10.47,642,15,3,0.668,education,OWN,0
L01422,34,43931,13748,60,5.18,490,9,4,0.313,debt_consolidation,OWN,0
L01423,55,55708,30535,24,9.37,842,21,5,0.548,education,OWN,0
L01424,46,73882,17715,24,12.97,335,28,6,0.24,medical,MORTGAGE,0
L01425,28,25235,49252,60,7.31,723,22,2,1.952,debt_consolidation,OWN,0
L01426,25,59763,8450,12,6.98,650,10,6,0.141,home_improvement,OWN,0
L01427,29,68672,27010,36,22.03,487,15,9,0.393,medical,RENT,0
L01428,41,69545,2020,24,16.12,826,16,8,0.029,medical,MORTGAGE,0
L01429,50,30456,16717,60,22.75,633,13,1,0.549,debt_consolidation,RENT,0
L01430,31,62548,49348,60,11.57,782,15,9,0.789,medical,OWN,0
L01431,64,76663,44885,24,17.87,515,13,2,0.585,debt_consolidation,RENT,0
L01432,55,61178,11664,24,8.89,457,5,1,0.191,debt_consolidation,OWN,0
L01433,47,52917,3099,12,16.75,540,9,6,0.059,education,RENT,0
L01434,62,75513,25225,60,7.46,595,16,1,0.334,debt_consolidation,MORTGAGE,0
L01435,24,42502,4637,60,5.04,761,22,6,0.109,vacation,RENT,0
L01436,27,27463,43349,48,22.7,344,9,2,1.578,home_improvement,RENT,0
L01437,26,51389,42512,12,15.54,794,20,7,0.827,medical,MORTGAGE,0
L01438,26,64630,21797,24,22.61,474,9,7,0.337,car,RENT,0
L01439,44,73700,42225,24,11.34,645,13,4,0.573,education,RENT,0
L01440,30,64549,12807,36,11.23,355,19,2,0.198,home_improvement,OWN,0
L01441,56,70044,19738,24,12.61,640,16,7,0.282,car,MORTGAGE,0
L01442,41,73815,8402,60,18.41,407,8,1,0.114,debt_consolidation,RENT,0
L01443,63,48891,6521,24,15.75,513,14,2,0.133,medical,RENT,0
L01444,56,52337,10382,60,22.58,798,6,2,0.198,education,OWN,0
L01445,39,78169,47460,60,5.48,696,1,1,0.607,home_improvement,RENT,0
L01446,38,33217,39121,12,18.46,849,3,9,1.178,car,RENT,0
L01447,45,62724,17065,24,11.28,796,19,6,0.272,car,MORTGAGE,0
L01448,24,42099,21934,12,8.42,472,23,3,0.521,car,RENT,0
L01449,53,74804,16425,60,14.7,404,17,6,0.22,home_improvement,MORTGAGE,0
L01450,56,54677,15111,24,14.6,778,10,7,0.276,vacation,OWN,0
L01451,59,55136,42799,24,7.6,698,4,3,0.776,debt_consolidation,MORTGAGE,0
L01452,34,86119,17510,12,8.84,733,25,4,0.203,medical,MORTGAGE,0
L01453,46,35631,39851,12,12.76,493,7,1,1.118,car,OWN,0
L01454,30,58884,10816,60,12.77,765,21,6,0.184,education,OWN,0
L01455,25,51757,14317,60,11.03,640,19,6,0.277,home_improvement,MORTGAGE,0
L01456,35,64583,4175,24,7.82,358,4,9,0.065,education,RENT,0
L01457,58,89727,13341,24,5.08,837,1,2,0.149,car,RENT,0
L01458,55,44105,27654,48,23.43,777,4,5,0.627,home_improvement,MORTGAGE,0
L01459,32,33446,23608,48,22.93,402,2,5,0.706,education,RENT,0
L01460,62,40432,19579,36,14.19,832,11,7,0.484,vacation,RENT,0
L01461,24,50809,32194,60,23.91,621,18,5,0.634,car,MORTGAGE,0
L01462,49,56156,36837,36,17.8,848,6,4,0.656,car,OWN,0
L01463,50,57061,5358,36,6.31,313,18,2,0.094,medical,RENT,1
L01464,30,87447,20822,12,7.24,755,3,8,0.238,home_improvement,RENT,1
L01465,24,84247,43576,12,22.41,520,22,5,0.517,home_improvement,RENT,0
L01466,46,78453,39012,48,16.97,690,13,4,0.497,vacation,MORTGAGE,0
L01467,55,100259,21727,36,21.02,472,18,9,0.217,car,MORTGAGE,0
L01468,33,69833,36579,48,22.07,380,25,2,0.524,medical,RENT,0
L01469,63,74950,33018,60,13.51,635,25,3,0.441,education,MORTGAGE,0
L01470,30,69485,18555,24,5.92,524,28,8,0.267,debt_consolidation,RENT,0
L01471,36,66536,7906,12,8.58,334,17,4,0.119,medical,MORTGAGE,0
L01472,61,62099,42751,60,6.26,487,25,9,0.688,education,RENT,0
L01473,46,47856,6063,60,8.59,523,6,9,0.127,medical,OWN,0
L01474,26,32557,45214,12,12.8,793,14,9,1.389,education,RENT,0
L01475,32,52648,10644,12,7.25,610,20,1,0.202,medical,RENT,0
L01476,55,65183,44378,36,8.17,820,0,6,0.681,medical,RENT,0
L01477,45,56300,10142,48,13.47,839,11,6,0.18,car,RENT,0
L01478,36,35823,33644,60,11.46,668,25,8,0.939,medical,MORTGAGE,0
L01479,59,52014,35521,36,13.89,774,28,7,0.683,education,MORTGAGE,0
L01480,29,51075,13564,36,13.15,330,23,7,0.266,education,MORTGAGE,0
L01481,26,53877,41619,60,17.25,531,18,2,0.772,home_improvement,RENT,1
L01482,47,63836,7104,60,22.81,796,26,4,0.111,education,RENT,0
L01483,39,67712,29299,24,7.05,474,22,1,0.433,home_improvement,RENT,0
L01484,27,45999,49958,48,6.89,597,5,7,1.086,education,RENT,0
L01485,58,72660,15421,60,21.2,664,25,4,0.212,medical,RENT,0
L01486,34,75369,25211,12,14.62,385,27,9,0.335,education,OWN,0
L01487,49,60765,13202,24,19.56,388,12,6,0.217,home_improvement,RENT,0
L01488,26,66965,45871,48,9.09,353,29,6,0.685,car,MORTGAGE,0
L01489,34,72716,44185,12,20.75,660,5,9,0.608,debt_consolidation,MORTGAGE,0
L01490,38,35242,43127,12,22.55,775,12,8,1.224,medical,RENT,0
L01491,61,73985,5685,48,17.07,528,14,6,0.077,education,OWN,0
L01492,53,40778,26661,24,7.01,833,28,6,0.654,home_improvement,RENT,0
L01493,50,42531,44637,12,22.01,672,15,6,1.05,home_improvement,RENT,0
L01494,24,58533,20366,36,20.06,768,7,4,0.348,car,RENT,0
L01495,61,16407,39712,48,19.27,719,12,5,2.42,education,MORTGAGE,0
L01496,55,58161,26276,48,5.7,831,12,3,0.452,car,RENT,0
L01497,61,72672,17410,60,20.18,699,27,9,0.24,debt_consolidation,OWN,0
L01498,48,25373,11678,24,7.62,483,28,2,0.46,education,RENT,0
L01499,34,74602,26575,36,9.23,389,19,7,0.356,vacation,RENT,0
L01500,54,42421,43401,36,15.97,682,19,1,1.023,vacation,RENT,0
L01501,27,58723,43230,60,10.03,668,11,7,0.736,education,OWN,0
L01502,45,45035,15888,12,17.57,373,18,2,0.353,vacation,OWN,0
L01503,40,65312,18727,12,16.55,568,16,5,0.287,debt_consolidation,MORTGAGE,0
L01504,37,73449,5081,36,7.05,314,29,1,0.069,medical,RENT,0
L01505,61,66646,25021,24,17.46,628,25,5,0.375,vacation,RENT,0
L01506,49,54928,11449,12,22.56,691,2,4,0.208,vacation,MORTGAGE,0
L01507,54,46434,17657,48,8.06,733,14,1,0.38,education,RENT,0
L01508,62,53752,37059,60,16.34,643,16,1,0.689,home_improvement,RENT,0
L01509,34,66807,3532,24,11.5,494,5,7,0.053,home_improvement,RENT,0
L01510,64,67424,39130,12,13.73,335,23,3,0.58,medical,MORTGAGE,1
L01511,46,64914,18015,36,10.45,504,18,9,0.278,education,OWN,0
L01512,63,31913,39756,60,11.73,356,29,9,1.246,car,RENT,0
L01513,57,54585,8344,12,5.55,409,11,9,0.153,debt_consolidation,OWN,0
L01514,48,43598,43198,36,23.65,795,3,1,0.991,vacation,MORTGAGE,0
L01515,59,66968,11106,12,16.87,524,20,4,0.166,education,RENT,0
L01516,28,41230,36206,60,14.51,685,22,1,0.878,education,RENT,0
L01517,26,63136,49587,48,12.29,363,11,1,0.785,debt_consolidation,MORTGAGE,0
L01518,64,49920,11652,48,15.25,651,26,9,0.233,home_improvement,OWN,0
L01519,52,21176,26550,36,12.22,762,21,5,1.254,debt_consolidation,RENT,0
L01520,44,71757,8389,48,11.84,619,1,1,0.117,home_improvement,MORTGAGE,0
L01521,63,54544,24361,60,13.81,656,6,3,0.447,debt_consolidation,OWN,0
L01522,31,77967,37847,36,10.24,392,15,7,0.485,home_improvement,MORTGAGE,0
L01523,53,25024,41063,12,8.42,599,23,2,1.641,debt_consolidation,RENT,0
L01524,64,49752,15703,24,15.58,793,29,4,0.316,vacation,RENT,0
L01525,51,51104,20642,12,21.01,688,11,2,0.404,vacation,OWN,0
L01526,60,59863,43326,60,7.9,733,15,9,0.724,medical,OWN,0
L01527,52,31146,38509,36,5.62,401,13,9,1.236,debt_consolidation,RENT,1
L01528,39,64792,15881,12,9.69,677,0,7,0.245,car,MORTGAGE,0
L01529,57,89409,17414,36,23.61,637,21,7,0.195,medical,OWN,0
L01530,23,63541,16329,48,20.75,791,26,2,0.257,debt_consolidation,MORTGAGE,0
L01531,35,56671,24831,24,16.32,359,8,8,0.438,car,RENT,1
L01532,34,30205,43091,60,22.66,808,6,1,1.427,vacation,MORTGAGE,0
L01533,50,41063,9588,12,13.46,691,4,8,0.233,vacation,OWN,0
L01534,33,53994,2903,24,23.68,418,28,5,0.054,education,RENT,0
L01535,60,45464,46416,60,10.63,770,29,4,1.021,vacation,RENT,0
L01536,23,73472,44723,60,9.57,627,9,2,0.609,education,RENT,0
L01537,53,64606,37572,48,17.12,320,26,3,0.582,car,OWN,0
L01538,34,103462,19610,36,12.18,396,9,2,0.19,home_improvement,RENT,0
L01539,48,37344,36052,36,16.9,812,24,4,0.965,debt_consolidation,MORTGAGE,0
L01540,62,55596,35457,24,10.79,649,17,3,0.638,medical,MORTGAGE,0
L01541,38,30097,23527,48,16.74,431,6,5,0.782,education,MORTGAGE,0
L01542,61,15000,39550,60,10.24,845,24,7,2.637,medical,OWN,0
L01543,52,68008,31011,48,5.97,331,17,9,0.456,vacation,MORTGAGE,1
L01544,55,63939,39275,48,22.33,558,12,5,0.614,home_improvement,RENT,0
L01545,45,39617,36764,24,21.78,775,10,8,0.928,education,OWN,0
L01546,56,56674,34004,36,23.45,332,9,2,0.6,debt_consolidation,RENT,0
L01547,27,43673,26064,48,18.61,687,21,6,0.597,education,RENT,0
L01548,40,46104,30702,48,17.97,755,8,8,0.666,debt_consolidation,RENT,0
L01549,51,49234,22165,48,15.62,443,14,9,0.45,medical,OWN,0
L01550,28,38861,10631,12,7.39,523,13,4,0.274,medical,RENT,0
L01551,31,42100,23852,48,8.6,516,2,4,0.567,medical,MORTGAGE,0
L01552,62,42608,6507,48,10.5,455,23,7,0.153,debt_consolidation,MORTGAGE,0
L01553,53,62611,2527,60,21.91,819,13,4,0.04,education,RENT,0
L01554,55,15000,30981,12,8.29,335,20,5,2.065,medical,OWN,1
L01555,49,50902,37764,48,22.53,308,15,2,0.742,debt_consolidation,MORTGAGE,0
L01556,36,35421,38235,48,14.93,339,22,2,1.079,vacation,RENT,0
L01557,51,36072,49540,24,18.6,768,28,5,1.373,education,MORTGAGE,1
L01558,58,45538,35471,24,7.09,478,27,2,0.779,education,MORTGAGE,0
L01559,50,54741,2662,12,10.11,800,2,6,0.049,education,RENT,0
L01560,43,51140,26940,60,23.21,672,7,6,0.527,home_improvement,RENT,0
L01561,25,35846,43882,12,10.06,367,1,8,1.224,medical,MORTGAGE,1
L01562,41,67990,8256,12,10.63,723,28,1,0.121,debt_consolidation,MORTGAGE,0
L01563,53,38753,30432,24,8.75,814,23,7,0.785,vacation,RENT,0
L01564,57,41775,10367,24,7.45,663,1,7,0.248,car,RENT,0
L01565,25,60120,48228,60,9.43,750,22,9,0.802,vacation,OWN,0
L01566,48,60766,40065,48,17.2,815,17,4,0.659,home_improvement,RENT,0
L01567,38,43989,27511,60,13.65,628,6,7,0.625,vacation,MORTGAGE,0
L01568,33,15000,10573,48,15.52,669,16,6,0.705,medical,MORTGAGE,1
L01569,43,39061,17582,36,7.32,686,5,4,0.45,medical,OWN,0
L01570,38,57913,7378,24,20.24,846,9,8,0.127,car,RENT,0
L01571,31,67394,15500,36,19.9,413,6,3,0.23,education,MORTGAGE,0
L01572,22,53572,2305,36,5.41,337,3,8,0.043,debt_consolidation,RENT,0
L01573,43,46378,23881,24,12.29,844,10,5,0.515,vacation,RENT,0
L01574,47,96277,6697,36,6.31,676,15,4,0.07,car,OWN,0
L01575,39,48295,9222,12,20.05,698,26,3,0.191,medical,OWN,0
L01576,35,66020,9933,48,19.01,502,16,7,0.15,education,MORTGAGE,0
L01577,50,30969,19849,60,22.14,501,27,7,0.641,debt_consolidation,MORTGAGE,0
L01578,33,35376,26236,24,9.49,399,5,6,0.742,debt_consolidation,RENT,0
L01579,57,66651,46231,12,13.67,697,19,3,0.694,home_improvement,RENT,0
L01580,56,73802,35170,60,8.51,749,18,9,0.477,education,OWN,0
L01581,33,47985,14901,60,12.05,417,19,2,0.311,medical,RENT,1
L01582,28,21724,8940,60,14.92,720,21,3,0.412,debt_consolidation,MORTGAGE,0
L01583,50,51983,21054,36,6.01,542,20,1,0.405,home_improvement,OWN,0
L01584,32,58409,42863,36,18.58,840,17,7,0.734,home_improvement,MORTGAGE,0
L01585,54,56778,45610,36,15.32,526,14,2,0.803,medical,MORTGAGE,0
L01586,27,44858,6544,36,20.75,800,1,8,0.146,debt_consolidation,RENT,0
L01587,36,52248,27318,12,10.16,512,18,9,0.523,education,RENT,0
L01588,53,41504,8074,36,22.16,412,26,2,0.195,debt_consolidation,RENT,0
L01589,32,34986,41618,24,23.98,672,5,6,1.19,vacation,RENT,0
L01590,44,68602,35518,60,22.47,598,11,1,0.518,debt_consolidation,RENT,0
L01591,47,56760,27444,12,19.78,318,29,8,0.484,home_improvement,RENT,0
L01592,55,52287,22446,36,20.44,310,0,5,0.429,car,MORTGAGE,0
L01593,55,45871,30543,60,15.9,307,26,9,0.666,medical,RENT,1
L01594,50,51756,26789,12,8.61,452,22,3,0.518,car,MORTGAGE,0
L01595,25,57885,3617,60,17.86,849,23,2,0.062,debt_consolidation,RENT,0
L01596,38,86116,37298,12,18.54,434,22,7,0.433,education,RENT,0
L01597,56,66781,5333,48,23.72,672,10,7,0.08,education,RENT,0
L01598,34,43006,42002,12,15.28,760,18,5,0.977,home_improvement,RENT,0
L01599,62,43196,24152,36,10.16,534,21,7,0.559,car,OWN,0
L01600,60,40389,26091,60,17.99,554,29,6,0.646,medical,OWN,0
L01601,36,51390,2511,60,23.61,627,3,9,0.049,vacation,OWN,0
L01602,50,40375,49314,60,8.37,661,20,3,1.221,car,OWN,1
L01603,50,63546,39850,24,11.19,673,18,4,0.627,education,MORTGAGE,0
L01604,32,15000,18636,24,15.3,508,20,9,1.242,vacation,MORTGAGE,0
L01605,53,64633,22517,36,8.23,566,5,8,0.348,education,MORTGAGE,0
L01606,23,59956,33786,48,5.42,805,7,6,0.564,debt_consolidation,RENT,0
L01607,35,77729,10820,24,11.4,720,27,3,0.139,debt_consolidation,MORTGAGE,0
L01608,41,70782,38244,12,21.44,607,21,9,0.54,medical,MORTGAGE,0
L01609,43,42693,11178,36,5.83,436,8,9,0.262,vacation,MORTGAGE,0
L01610,32,68757,3725,48,13.15,718,9,6,0.054,vacation,OWN,0
L01611,48,51974,20477,12,19.48,494,9,2,0.394,medical,RENT,0
L01612,24,20182,48533,60,23.11,394,29,7,2.405,education,MORTGAGE,1
L01613,38,57858,36469,24,23.72,789,9,9,0.63,car,MORTGAGE,0
L01614,49,43763,10496,12,13.02,557,25,9,0.24,medical,MORTGAGE,0
L01615,50,55003,14270,48,23.06,324,3,3,0.259,debt_consolidation,OWN,1
L01616,42,84726,12472,36,5.67,531,17,2,0.147,vacation,RENT,0
L01617,37,59046,22724,12,19.17,631,11,5,0.385,home_improvement,RENT,0
L01618,58,36687,32416,36,17.21,520,24,7,0.884,education,MORTGAGE,0
L01619,41,72359,37575,60,9.74,596,10,3,0.519,home_improvement,RENT,0
L01620,27,61525,17654,48,14.64,502,15,4,0.287,debt_consolidation,OWN,0
L01621,40,34567,13078,48,7.46,642,18,2,0.378,vacation,MORTGAGE,0
L01622,26,26087,30030,24,21.56,504,10,2,1.151,vacation,RENT,0
L01623,24,37407,9572,48,11.8,376,22,7,0.256,medical,RENT,0
L01624,22,70053,19408,12,16.89,849,3,2,0.277,car,MORTGAGE,0
L01625,59,49571,21359,12,8.02,341,11,1,0.431,medical,RENT,0
L01626,36,56460,10698,12,8.92,754,27,4,0.189,home_improvement,RENT,0
L01627,55,30906,6856,60,23.85,481,16,6,0.222,vacation,MORTGAGE,0
L01628,56,70537,29527,48,19.31,494,23,4,0.419,car,MORTGAGE,0
L01629,46,18726,41492,48,23.28,687,12,1,2.216,medical,MORTGAGE,0
L01630,45,43203,11245,12,10.62,440,27,1,0.26,car,OWN,0
L01631,33,62532,45634,24,8.13,326,3,9,0.73,education,OWN,0
L01632,39,34792,44864,24,14.56,614,26,1,1.289,education,MORTGAGE,0
L01633,36,66054,30946,48,14.4,620,5,7,0.468,home_improvement,OWN,0
L01634,37,39354,39355,48,8.32,747,6,7,1.0,car,OWN,0
L01635,48,32930,39690,36,18.93,592,7,1,1.205,education,RENT,0
L01636,29,78156,39814,48,11.87,535,25,1,0.509,vacation,RENT,0
L01637,46,57770,33645,12,8.54,756,1,6,0.582,education,OWN,0
L01638,38,64342,21278,60,11.31,366,8,8,0.331,car,RENT,0
L01639,50,73327,9203,48,15.71,475,9,7,0.126,car,RENT,0
L01640,29,15000,23658,48,18.8,809,28,6,1.577,medical,MORTGAGE,0
L01641,36,66426,44596,12,14.16,390,18,3,0.671,car,RENT,0
L01642,48,41301,17797,36,14.99,465,0,7,0.431,car,RENT,0
L01643,28,43673,34806,48,7.64,737,15,6,0.797,home_improvement,RENT,0
L01644,24,62873,32958,24,22.38,350,17,8,0.524,car,OWN,0
L01645,50,48465,8265,24,22.65,565,7,4,0.171,medical,MORTGAGE,0
L01646,45,65701,8598,24,17.99,820,9,9,0.131,medical,MORTGAGE,0
L01647,24,54264,37183,60,5.33,386,21,1,0.685,vacation,MORTGAGE,0
L01648,41,58027,19142,60,15.2,351,10,7,0.33,education,MORTGAGE,0
L01649,36,46176,28998,48,16.96,478,16,9,0.628,home_improvement,MORTGAGE,0
L01650,46,35831,27890,48,23.9,577,26,1,0.778,debt_consolidation,RENT,0
L01651,51,41674,30878,48,23.93,538,24,3,0.741,vacation,OWN,0
L01652,35,53149,16306,60,21.29,638,6,7,0.307,car,RENT,0
L01653,28,88070,49345,48,6.21,371,25,9,0.56,education,RENT,0
L01654,38,81494,13885,12,23.11,673,26,1,0.17,home_improvement,MORTGAGE,0
L01655,41,43240,46145,36,16.64,816,2,6,1.067,vacation,RENT,0
L01656,57,56084,45826,24,20.22,537,28,2,0.817,medical,OWN,0
L01657,30,49820,9443,24,12.74,765,6,5,0.19,home_improvement,RENT,0
L01658,59,57344,33839,12,11.07,420,5,7,0.59,home_improvement,RENT,0
L01659,43,59660,19084,48,13.8,712,2,7,0.32,car,RENT,0
L01660,23,64495,25911,60,7.79,342,7,7,0.402,home_improvement,MORTGAGE,0
L01661,45,15000,6383,48,11.78,803,0,4,0.426,education,OWN,0
L01662,29,61596,28777,48,21.29,496,4,6,0.467,education,MORTGAGE,0
L01663,32,47819,36361,24,5.72,371,23,6,0.76,home_improvement,MORTGAGE,0
L01664,34,42311,16758,24,7.87,390,18,7,0.396,debt_consolidation,OWN,0
L01665,38,69296,31521,60,7.38,848,26,9,0.455,car,RENT,0
L01666,29,81402,22529,24,12.66,790,12,6,0.277,home_improvement,MORTGAGE,0
L01667,42,67402,25091,48,23.94,682,25,1,0.372,home_improvement,MORTGAGE,0
L01668,39,45666,41794,12,8.29,765,10,8,0.915,debt_consolidation,OWN,0
L01669,51,35631,33381,60,7.76,453,27,2,0.937,debt_consolidation,RENT,0
L01670,39,15000,37380,12,22.39,469,21,3,2.492,medical,OWN,1
L01671,52,58285,32932,48,21.76,571,25,5,0.565,car,RENT,0
L01672,59,65422,46097,60,5.61,409,10,6,0.705,debt_consolidation,MORTGAGE,0
L01673,53,53166,3908,12,19.28,450,1,7,0.074,home_improvement,OWN,0
L01674,32,71807,41722,60,17.45,730,8,4,0.581,debt_consolidation,RENT,0
L01675,46,31236,49953,48,19.59,750,1,3,1.599,vacation,RENT,0
L01676,54,51917,32358,60,14.4,322,20,9,0.623,medical,MORTGAGE,1
L01677,59,50494,32412,48,23.84,666,18,4,0.642,medical,MORTGAGE,0
L01678,62,53018,20174,60,5.83,538,25,9,0.381,education,OWN,0
L01679,29,76022,17496,60,9.45,733,11,9,0.23,car,OWN,0
L01680,32,53112,4928,24,12.53,426,8,3,0.093,medical,OWN,0
L01681,43,49693,32632,48,13.55,840,8,3,0.657,car,RENT,0
L01682,45,38139,34309,36,22.51,497,22,8,0.9,vacation,MORTGAGE,0
L01683,62,78914,11280,60,15.64,781,9,1,0.143,education,OWN,0
L01684,38,29238,42449,12,5.86,478,4,6,1.452,home_improvement,RENT,0
L01685,33,45046,23635,24,12.75,822,8,6,0.525,vacation,RENT,0
L01686,53,85490,28957,24,12.91,736,22,9,0.339,car,RENT,0
L01687,36,63428,38895,60,23.34,613,17,2,0.613,car,RENT,1
L01688,37,54636,6963,36,16.38,318,9,8,0.127,car,OWN,0
L01689,43,55390,29521,24,17.08,459,16,7,0.533,home_improvement,RENT,0
L01690,49,37965,34615,48,18.55,421,25,2,0.912,education,MORTGAGE,1
L01691,41,53766,46529,60,19.63,371,9,1,0.865,education,OWN,0
L01692,54,48702,48322,60,17.07,354,13,4,0.992,car,RENT,0
L01693,31,58233,23695,36,9.51,759,3,2,0.407,vacation,RENT,0
L01694,61,27887,11357,48,21.61,468,9,3,0.407,education,OWN,0
L01695,53,62161,27176,48,18.91,448,23,2,0.437,home_improvement,RENT,0
L01696,54,73299,20409,36,19.1,325,21,9,0.278,vacation,RENT,0
L01697,23,51331,2987,12,23.93,547,29,4,0.058,home_improvement,RENT,0
L01698,54,66647,3965,48,20.25,526,17,1,0.059,car,RENT,0
L01699,54,60586,42084,12,20.75,783,4,8,0.695,education,RENT,0
L01700,62,44060,33318,12,23.08,309,8,4,0.756,home_improvement,RENT,0
L01701,34,35946,28015,60,7.87,394,5,8,0.779,debt_consolidation,MORTGAGE,0
L01702,51,38469,31191,60,14.46,420,15,8,0.811,vacation,RENT,0
L01703,54,60272,48814,24,16.03,425,21,9,0.81,debt_consolidation,OWN,1
L01704,34,53989,2868,60,11.26,848,22,7,0.053,debt_consolidation,RENT,0
L01705,47,77951,39146,48,20.95,368,15,4,0.502,car,RENT,0
L01706,43,69235,31032,48,19.49,596,28,2,0.448,car,MORTGAGE,0
L01707,60,69198,30305,12,18.7,800,10,6,0.438,debt_consolidation,RENT,0
L01708,23,59735,24640,48,23.95,344,20,4,0.412,home_improvement,RENT,0
L01709,59,37680,20318,60,9.93,681,14,6,0.539,car,OWN,0
L01710,60,60856,15246,60,18.97,326,18,8,0.251,vacation,RENT,1
L01711,47,56149,35844,60,15.48,796,2,3,0.638,debt_consolidation,RENT,0
L01712,36,34509,34602,36,10.95,435,15,1,1.003,vacation,RENT,0
L01713,55,76779,23584,48,8.05,348,20,5,0.307,education,RENT,1
L01714,63,74841,17169,24,22.02,806,19,3,0.229,vacation,RENT,0
L01715,61,34405,27968,48,16.31,420,4,6,0.813,vacation,MORTGAGE,0
L01716,32,43519,8385,48,20.67,516,29,3,0.193,debt_consolidation,OWN,0
L01717,24,45100,10222,36,15.36,825,8,1,0.227,medical,OWN,0
L01718,27,65977,27444,48,9.18,342,4,9,0.416,education,MORTGAGE,0
L01719,30,63905,40248,12,11.41,395,3,5,0.63,car,MORTGAGE,0
L01720,27,55799,42545,60,12.25,326,12,2,0.762,vacation,OWN,1
L01721,30,59929,7362,60,23.49,541,19,2,0.123,debt_consolidation,MORTGAGE,0
L01722,60,31822,35718,36,5.11,786,16,9,1.122,medical,RENT,0
L01723,52,61864,10250,60,23.73,539,25,1,0.166,debt_consolidation,RENT,0
L01724,53,53184,4818,12,23.63,603,19,3,0.091,car,MORTGAGE,0
L01725,62,42777,38368,36,23.93,366,11,7,0.897,debt_consolidation,MORTGAGE,0
L01726,33,27414,46109,24,14.06,580,29,1,1.682,home_improvement,RENT,0
L01727,29,55485,17053,60,23.31,491,19,2,0.307,education,OWN,0
L01728,29,61425,29426,48,12.52,418,24,6,0.479,home_improvement,MORTGAGE,0
L01729,49,24355,49101,12,5.5,451,26,9,2.016,vacation,RENT,1
L01730,41,55332,41023,12,9.26,691,19,9,0.741,debt_consolidation,MORTGAGE,0
L01731,28,57200,26892,60,22.96,530,6,8,0.47,debt_consolidation,OWN,0
L01732,32,45023,45675,24,5.26,650,0,3,1.014,vacation,OWN,0
L01733,41,61837,31361,48,15.37,828,29,2,0.507,vacation,RENT,0
L01734,37,52612,18007,24,6.44,470,15,1,0.342,education,RENT,0
L01735,25,60097,16241,24,10.44,431,6,9,0.27,medical,RENT,0
L01736,27,64616,46858,60,6.67,656,29,5,0.725,debt_consolidation,RENT,0
L01737,43,64626,47073,48,21.33,341,1,3,0.728,car,OWN,0
L01738,47,73302,25902,60,16.23,604,11,5,0.353,car,MORTGAGE,0
L01739,24,61089,26506,60,22.14,305,10,3,0.434,car,OWN,0
L01740,62,46413,19562,12,18.08,628,7,9,0.421,vacation,RENT,0
L01741,63,43339,22239,60,23.45,469,0,1,0.513,vacation,RENT,0
L01742,35,35860,15065,36,14.69,637,25,1,0.42,vacation,OWN,0
L01743,32,57721,47415,48,17.14,368,2,3,0.821,car,RENT,1
L01744,39,78783,43291,12,15.95,838,7,6,0.549,medical,MORTGAGE,0
L01745,33,48547,40805,48,14.2,806,25,2,0.841,education,MORTGAGE,0
L01746,44,63092,35295,12,21.07,785,7,1,0.559,home_improvement,MORTGAGE,0
L01747,33,41458,20443,36,17.25,742,10,8,0.493,debt_consolidation,RENT,0
L01748,34,58506,11290,60,20.22,350,28,9,0.193,home_improvement,MORTGAGE,0
L01749,46,77668,2211,12,19.94,448,20,1,0.028,debt_consolidation,RENT,0
L01750,40,67352,20098,12,8.63,391,4,3,0.298,vacation,OWN,0
L01751,57,26725,21072,12,17.35,667,7,5,0.788,car,RENT,0
L01752,29,65272,45290,36,8.79,375,25,7,0.694,home_improvement,OWN,1
L01753,50,66092,21650,48,16.08,385,20,4,0.328,vacation,RENT,0
L01754,53,58122,17115,36,17.87,526,8,6,0.294,debt_consolidation,OWN,0
L01755,39,67015,7149,12,23.95,662,16,1,0.107,education,RENT,0
L01756,27,39996,43992,12,5.58,323,4,4,1.1,education,RENT,0
L01757,39,56138,19716,60,6.73,327,18,8,0.351,home_improvement,MORTGAGE,0
L01758,40,74983,34188,36,6.46,420,18,5,0.456,home_improvement,MORTGAGE,0
L01759,43,73359,15621,36,12.57,789,1,8,0.213,home_improvement,MORTGAGE,0
L01760,58,64864,8820,24,20.61,644,18,1,0.136,home_improvement,OWN,0
L01761,53,39106,49529,48,21.04,330,22,9,1.267,home_improvement,RENT,1
L01762,62,36271,44800,24,19.0,526,14,4,1.235,vacation,RENT,0
L01763,24,57061,32399,24,22.04,549,7,9,0.568,debt_consolidation,RENT,1
L01764,49,58253,16002,48,11.13,349,27,8,0.275,debt_consolidation,MORTGAGE,0
L01765,31,53193,45098,60,6.67,688,23,8,0.848,medical,RENT,0
L01766,56,40513,47511,60,6.1,587,26,2,1.173,car,MORTGAGE,0
L01767,50,62865,30750,48,21.19,774,7,3,0.489,education,MORTGAGE,0
L01768,36,56982,28074,48,18.88,305,0,9,0.493,home_improvement,OWN,1
L01769,54,60216,19310,36,18.27,711,13,3,0.321,education,MORTGAGE,0
L01770,28,65681,19006,36,11.45,623,10,8,0.289,debt_consolidation,RENT,0
L01771,33,50074,11671,36,12.22,698,6,5,0.233,car,OWN,0
L01772,51,46202,46345,36,23.2,581,17,7,1.003,car,MORTGAGE,0
L01773,42,74936,29894,12,6.21,490,26,4,0.399,vacation,OWN,0
L01774,52,41367,28193,12,19.7,799,14,8,0.682,home_improvement,RENT,0
L01775,45,46554,12222,60,10.88,733,9,4,0.263,medical,RENT,0
L01776,41,77216,25786,12,5.74,362,3,5,0.334,car,MORTGAGE,0
L01777,58,45153,33509,12,19.11,752,20,1,0.742,vacation,RENT,0
L01778,25,53224,2386,36,11.29,792,27,8,0.045,home_improvement,MORTGAGE,0
L01779,49,47584,3634,36,18.72,741,0,7,0.076,debt_consolidation,RENT,0
L01780,41,22902,42878,48,18.45,606,13,5,1.872,medical,OWN,0
L01781,45,52780,6133,36,15.16,425,19,6,0.116,home_improvement,OWN,0
L01782,53,36808,44144,48,19.77,564,19,1,1.199,vacation,OWN,0
L01783,62,59582,40349,48,16.04,306,24,8,0.677,education,OWN,0
L01784,57,74901,36735,12,10.45,712,8,9,0.49,vacation,MORTGAGE,0
L01785,55,15144,23952,36,18.95,505,12,5,1.582,vacation,MORTGAGE,1
L01786,57,47675,26816,12,16.19,478,28,7,0.562,vacation,MORTGAGE,0
L01787,23,63141,23529,36,5.24,767,26,4,0.373,vacation,RENT,0
L01788,36,15699,7767,12,22.13,795,25,6,0.495,medical,RENT,0
L01789,55,79052,43521,12,15.37,742,16,2,0.551,car,RENT,0
L01790,57,61838,20383,12,21.5,527,23,4,0.33,car,RENT,0
L01791,27,74497,6901,60,21.77,445,19,5,0.093,debt_consolidation,MORTGAGE,0
L01792,60,44848,44889,12,13.45,595,3,9,1.001,car,OWN,1
L01793,63,47020,16633,24,14.65,540,4,9,0.354,vacation,MORTGAGE,0
L01794,33,52103,21163,24,12.9,586,17,8,0.406,car,RENT,0
L01795,24,93487,12707,24,13.54,325,16,4,0.136,education,RENT,1
L01796,39,78725,24576,48,22.01,751,20,6,0.312,education,MORTGAGE,0
L01797,61,57382,20061,12,19.97,405,6,7,0.35,car,MORTGAGE,0
L01798,42,59579,47101,24,7.4,539,9,1,0.791,vacation,MORTGAGE,0
L01799,36,66428,46706,48,16.6,717,8,1,0.703,medical,MORTGAGE,0
L01800,54,98047,13548,24,23.92,631,27,4,0.138,vacation,MORTGAGE,0
L01801,56,61888,17115,36,16.32,341,27,3,0.277,car,MORTGAGE,0
L01802,47,55827,11843,60,19.93,334,12,4,0.212,car,MORTGAGE,0
L01803,29,48905,38945,12,19.61,646,17,9,0.796,debt_consolidation,MORTGAGE,0
L01804,57,59228,41979,60,11.66,683,11,2,0.709,vacation,RENT,0
L01805,51,44433,42641,60,12.07,812,7,4,0.96,debt_consolidation,MORTGAGE,0
L01806,44,63929,5841,36,18.76,587,22,7,0.091,debt_consolidation,OWN,0
L01807,63,29213,8416,36,14.5,332,17,2,0.288,home_improvement,RENT,0
L01808,35,50310,12633,36,15.84,394,4,8,0.251,education,RENT,0
L01809,35,68223,39653,48,18.55,504,6,4,0.581,debt_consolidation,MORTGAGE,0
L01810,23,61644,2594,24,19.77,329,14,9,0.042,education,OWN,1
L01811,58,46672,16393,12,10.16,565,2,1,0.351,car,MORTGAGE,0
L01812,26,50823,37380,36,7.79,322,17,7,0.735,car,RENT,0
L01813,59,73636,47056,12,10.54,338,5,1,0.639,home_improvement,RENT,0
L01814,62,33212,24743,12,14.64,472,25,9,0.745,home_improvement,RENT,0
L01815,35,33317,33971,12,11.5,712,28,1,1.02,vacation,OWN,0
L01816,60,38266,6861,36,15.8,713,5,3,0.179,home_improvement,OWN,0
L01817,46,54807,39534,36,6.02,508,26,7,0.721,medical,MORTGAGE,0
L01818,41,30578,38126,24,14.69,321,19,1,1.247,car,RENT,1
L01819,23,72154,16846,36,11.99,304,0,5,0.233,car,RENT,0
L01820,60,38362,28177,36,15.16,513,20,6,0.735,education,RENT,0
L01821,27,59038,35682,12,13.03,438,16,3,0.604,home_improvement,MORTGAGE,0
L01822,38,44576,20228,24,10.4,616,10,6,0.454,education,RENT,0
L01823,46,53821,36763,60,22.18,455,29,4,0.683,home_improvement,RENT,0
L01824,49,26139,26009,36,8.51,723,26,6,0.995,car,OWN,0
L01825,23,73023,2094,36,17.95,799,23,6,0.029,home_improvement,MORTGAGE,0
L01826,56,37693,43452,60,22.57,390,1,4,1.153,vacation,RENT,1
L01827,58,35808,17100,12,15.23,341,24,1,0.478,home_improvement,RENT,0
L01828,26,97822,34917,24,21.65,594,8,3,0.357,home_improvement,MORTGAGE,0
L01829,22,64977,19430,12,7.37,636,18,7,0.299,vacation,MORTGAGE,0
L01830,61,72323,37571,48,14.38,300,5,2,0.519,vacation,OWN,0
L01831,33,63260,26974,36,13.68,408,24,4,0.426,vacation,RENT,0
L01832,57,46855,33129,48,5.15,424,6,6,0.707,education,OWN,0
L01833,44,31476,49234,36,13.42,363,3,5,1.564,car,MORTGAGE,1
L01834,52,49621,22860,48,12.01,505,2,6,0.461,home_improvement,OWN,0
L01835,32,37393,9276,60,17.73,714,1,5,0.248,vacation,RENT,0
L01836,31,38473,2551,36,22.83,543,9,9,0.066,vacation,RENT,0
L01837,24,26502,10486,36,6.63,515,9,2,0.396,car,MORTGAGE,0
L01838,35,57060,19527,48,11.22,827,16,4,0.342,medical,MORTGAGE,0
L01839,37,83321,11745,24,13.44,679,26,1,0.141,home_improvement,MORTGAGE,0
L01840,31,65046,43128,48,13.65,378,15,7,0.663,medical,RENT,0
L01841,50,53095,14997,36,19.72,714,25,1,0.282,medical,OWN,0
L01842,31,54269,20330,36,13.42,752,26,6,0.375,vacation,RENT,0
L01843,33,15000,42078,24,5.52,448,0,9,2.805,education,RENT,1
L01844,51,47370,40585,12,18.49,337,11,2,0.857,car,MORTGAGE,0
L01845,62,29319,26829,24,21.81,456,19,1,0.915,home_improvement,RENT,1
L01846,22,57419,45336,12,14.76,632,19,3,0.79,home_improvement,RENT,0
L01847,26,50320,10070,36,16.04,587,24,6,0.2,home_improvement,MORTGAGE,0
L01848,41,39352,3320,60,8.1,411,9,7,0.084,education,RENT,0
L01849,29,57014,25507,60,9.19,390,0,8,0.447,medical,MORTGAGE,0
L01850,64,56859,40921,48,9.47,348,15,4,0.72,debt_consolidation,MORTGAGE,1
L01851,33,82335,8589,24,13.18,460,10,8,0.104,car,MORTGAGE,0
L01852,22,67355,29459,24,22.63,815,3,7,0.437,debt_consolidation,MORTGAGE,0
L01853,41,58905,17589,60,14.91,701,2,8,0.299,medical,MORTGAGE,0
L01854,49,37944,38375,12,8.65,619,24,5,1.011,vacation,RENT,0
L01855,64,35678,45085,24,10.06,663,12,7,1.264,debt_consolidation,OWN,0
L01856,58,65779,45200,12,12.3,741,20,4,0.687,debt_consolidation,MORTGAGE,0
L01857,58,51398,35168,12,16.84,774,14,1,0.684,car,RENT,0
L01858,33,59488,28732,12,13.36,611,24,3,0.483,medical,MORTGAGE,0
L01859,58,72604,33511,12,12.46,831,9,9,0.462,car,RENT,0
L01860,49,27763,24426,48,15.73,519,5,4,0.88,vacation,RENT,0
L01861,36,80146,32982,48,9.59,796,10,5,0.412,education,RENT,0
L01862,27,72448,18746,60,6.5,642,24,3,0.259,education,RENT,0
L01863,41,18020,30514,48,5.46,393,0,6,1.693,education,MORTGAGE,1
L01864,35,97355,5851,24,9.77,432,28,4,0.06,home_improvement,MORTGAGE,0
L01865,23,60784,21796,48,6.74,800,19,5,0.359,education,OWN,0
L01866,30,46386,12498,24,11.39,471,3,7,0.269,education,MORTGAGE,0
L01867,58,64343,34852,24,19.69,308,29,7,0.542,medical,OWN,0
L01868,41,37405,36592,12,18.61,620,25,9,0.978,education,MORTGAGE,0
L01869,47,64830,46845,60,16.61,397,9,2,0.723,education,MORTGAGE,0
L01870,50,40717,17930,12,21.2,468,21,4,0.44,vacation,RENT,0
L01871,22,91366,47317,12,10.36,610,25,8,0.518,vacation,OWN,0
L01872,56,56081,44881,48,21.82,642,14,4,0.8,debt_consolidation,OWN,0
L01873,27,66696,49900,48,12.59,729,28,3,0.748,car,MORTGAGE,0
L01874,58,40850,43590,24,12.62,799,0,6,1.067,debt_consolidation,MORTGAGE,0
L01875,26,69696,23159,48,12.7,584,25,3,0.332,debt_consolidation,MORTGAGE,0
L01876,54,54773,31536,48,6.86,559,20,2,0.576,home_improvement,MORTGAGE,0
L01877,35,29586,26252,36,23.53,794,14,9,0.887,car,OWN,0
L01878,33,50702,26003,24,7.63,654,2,3,0.513,home_improvement,MORTGAGE,0
L01879,63,89759,42186,24,11.48,513,0,1,0.47,education,RENT,0
L01880,41,70461,37139,36,11.07,499,5,9,0.527,vacation,RENT,0
L01881,45,48178,41836,24,6.42,535,18,5,0.868,education,MORTGAGE,0
L01882,64,21355,24205,60,7.89,435,3,7,1.133,home_improvement,RENT,1
L01883,55,40015,32523,60,5.85,721,11,2,0.813,vacation,RENT,0
L01884,46,29683,46627,36,10.56,640,24,1,1.571,debt_consolidation,OWN,0
L01885,50,21789,9464,48,21.47,641,1,6,0.434,education,RENT,0
L01886,60,69140,19110,60,11.45,829,16,5,0.276,home_improvement,MORTGAGE,0
L01887,52,56122,48316,36,7.35,687,25,6,0.861,education,MORTGAGE,0
L01888,64,87311,9121,60,17.27,303,5,2,0.104,car,OWN,0
L01889,44,37042,11840,12,23.94,698,11,7,0.32,home_improvement,OWN,0
L01890,59,54958,39080,36,9.41,721,14,1,0.711,vacation,MORTGAGE,0
L01891,41,29904,42768,24,10.31,710,16,8,1.43,medical,OWN,0
L01892,44,44292,11461,60,23.47,512,0,7,0.259,education,RENT,0
L01893,37,51002,22927,24,8.4,347,13,7,0.45,education,MORTGAGE,1
L01894,63,48256,26398,36,14.71,486,22,6,0.547,car,MORTGAGE,0
L01895,29,55963,35086,60,9.55,801,1,5,0.627,vacation,RENT,0
L01896,42,72488,17329,24,22.71,830,3,9,0.239,education,MORTGAGE,0
L01897,22,70595,17791,48,23.65,774,19,3,0.252,medical,OWN,0
L01898,29,41151,16372,48,20.48,341,1,9,0.398,education,RENT,0
L01899,50,54453,29354,12,10.98,560,21,5,0.539,car,MORTGAGE,0
L01900,53,69293,46018,36,12.67,347,25,8,0.664,medical,RENT,0
L01901,59,73643,23537,24,9.6,745,13,3,0.32,debt_consolidation,RENT,0
L01902,26,43099,36370,12,21.92,520,17,7,0.844,debt_consolidation,MORTGAGE,0
L01903,43,67746,27405,36,22.38,642,27,4,0.405,education,MORTGAGE,0
L01904,55,60960,43815,48,12.96,537,7,5,0.719,home_improvement,RENT,1
L01905,22,35812,25703,24,17.47,454,19,4,0.718,home_improvement,MORTGAGE,1
L01906,47,69402,17234,60,8.15,355,0,9,0.248,home_improvement,RENT,0
L01907,64,57727,9532,48,13.26,686,15,7,0.165,home_improvement,RENT,0
L01908,31,23654,42134,60,17.0,614,6,6,1.781,education,RENT,0
L01909,51,49710,37416,60,12.32,337,5,6,0.753,medical,RENT,0
L01910,39,55717,8903,24,11.79,640,27,7,0.16,car,RENT,0
L01911,38,44095,20242,24,5.02,530,29,5,0.459,car,MORTGAGE,0
L01912,47,77108,15788,60,20.28,751,21,3,0.205,home_improvement,RENT,0
L01913,29,77760,37249,12,21.9,641,26,3,0.479,debt_consolidation,RENT,0
L01914,61,48115,36588,60,23.42,752,18,7,0.76,vacation,MORTGAGE,0
L01915,33,46139,31513,60,18.67,556,9,1,0.683,home_improvement,RENT,0
L01916,48,52637,45039,24,15.43,733,22,4,0.856,home_improvement,MORTGAGE,0
L01917,29,51398,21542,36,10.12,508,5,8,0.419,education,RENT,0
L01918,46,44334,34294,48,23.99,500,25,4,0.774,debt_consolidation,RENT,0
L01919,25,15000,5684,24,16.21,436,9,1,0.379,vacation,MORTGAGE,0
L01920,54,86586,25795,12,17.94,693,24,5,0.298,medical,RENT,0
L01921,22,55007,5651,48,17.97,335,18,1,0.103,medical,RENT,0
L01922,40,51790,12431,24,21.06,514,2,9,0.24,vacation,RENT,0
L01923,52,60853,12131,24,5.18,326,19,8,0.199,vacation,OWN,0
L01924,37,53558,26091,36,9.18,317,2,7,0.487,medical,MORTGAGE,0
L01925,35,47254,26845,12,17.65,436,19,5,0.568,home_improvement,OWN,0
L01926,26,36898,26491,12,22.01,329,5,4,0.718,home_improvement,OWN,1
L01927,62,21904,6830,24,18.02,372,16,7,0.312,education,OWN,0
L01928,47,30621,30640,36,12.86,422,17,3,1.001,debt_consolidation,RENT,0
L01929,49,34899,9334,24,11.87,527,9,8,0.267,vacation,MORTGAGE,0
L01930,23,66716,49387,60,19.02,637,5,5,0.74,home_improvement,MORTGAGE,0
L01931,27,68043,11304,60,19.08,572,27,5,0.166,home_improvement,OWN,0
L01932,30,39127,49647,36,16.53,736,12,1,1.269,debt_consolidation,RENT,0
L01933,54,15000,19032,24,10.54,338,5,8,1.269,vacation,OWN,1
L01934,62,55164,27755,36,22.58,725,11,7,0.503,debt_consolidation,RENT,0
L01935,46,47412,49353,24,15.49,614,13,1,1.041,debt_consolidation,OWN,0
L01936,34,46967,2016,24,20.02,808,16,4,0.043,medical,RENT,0
L01937,30,72206,10308,60,9.07,456,21,4,0.143,debt_consolidation,MORTGAGE,0
L01938,34,57495,31654,48,11.54,556,29,9,0.551,vacation,RENT,0
L01939,52,37425,41244,12,21.62,755,26,2,1.102,home_improvement,MORTGAGE,0
L01940,62,33284,7942,12,5.95,346,27,4,0.239,home_improvement,RENT,0
L01941,32,50272,4693,36,14.73,631,24,3,0.093,medical,MORTGAGE,0
L01942,25,38684,17562,12,14.15,309,7,5,0.454,vacation,MORTGAGE,0
L01943,55,53696,8259,60,19.27,443,25,7,0.154,home_improvement,RENT,0
L01944,59,73470,44236,48,10.36,730,4,5,0.602,debt_consolidation,MORTGAGE,0
L01945,25,30163,6942,24,9.16,451,28,5,0.23,car,RENT,0
L01946,59,56580,49419,24,22.6,786,3,4,0.873,car,MORTGAGE,0
L01947,40,71470,38556,60,15.86,435,5,9,0.539,car,MORTGAGE,0
L01948,27,53448,2371,12,6.99,325,10,6,0.044,car,RENT,0
L01949,55,67988,29383,24,8.67,306,29,6,0.432,debt_consolidation,MORTGAGE,0
L01950,39,49829,25404,12,23.98,314,27,6,0.51,home_improvement,RENT,0
L01951,34,58074,9120,60,8.72,731,4,6,0.157,medical,RENT,0
L01952,62,62934,7702,24,16.6,699,28,1,0.122,debt_consolidation,RENT,0
L01953,44,44703,10347,36,12.98,506,21,6,0.231,home_improvement,RENT,0
L01954,40,90832,37429,48,21.83,515,13,4,0.412,vacation,OWN,0
L01955,32,65396,41419,12,19.35,801,29,2,0.633,home_improvement,RENT,0
L01956,22,78453,27040,12,16.34,758,9,6,0.345,home_improvement,MORTGAGE,0
L01957,45,74278,39646,12,5.2,558,10,1,0.534,home_improvement,RENT,0
L01958,28,60891,47859,12,21.72,628,2,1,0.786,debt_consolidation,MORTGAGE,0
L01959,46,79944,39083,60,13.45,753,22,5,0.489,home_improvement,RENT,0
L01960,42,58382,24542,60,22.7,674,7,6,0.42,home_improvement,RENT,0
L01961,36,41864,44733,60,14.42,763,20,2,1.069,vacation,MORTGAGE,0
L01962,22,55266,10308,60,18.19,374,4,8,0.187,vacation,MORTGAGE,1
L01963,33,36888,41242,24,6.32,541,27,4,1.118,car,MORTGAGE,0
L01964,28,17169,36142,60,19.16,316,19,4,2.105,education,OWN,1
L01965,36,39654,46163,24,11.42,558,25,5,1.164,debt_consolidation,RENT,0
L01966,42,56311,32690,36,11.68,422,20,4,0.581,home_improvement,RENT,0
L01967,40,74114,9393,60,7.25,610,27,5,0.127,car,OWN,0
L01968,50,39600,6403,36,7.79,410,9,3,0.162,car,OWN,0
L01969,46,73182,5546,60,8.53,555,26,8,0.076,debt_consolidation,RENT,0
L01970,54,33207,38745,36,11.24,533,7,6,1.167,education,OWN,0
L01971,53,38448,30893,48,21.95,796,20,8,0.804,car,MORTGAGE,0
L01972,56,81084,11388,36,12.0,339,8,5,0.14,car,MORTGAGE,0
L01973,59,55857,43756,24,18.76,421,28,7,0.783,debt_consolidation,RENT,0
L01974,47,51874,38660,12,6.57,749,27,7,0.745,medical,OWN,0
L01975,32,59235,25708,36,16.23,818,28,6,0.434,car,RENT,0
L01976,56,33284,26726,12,14.16,391,14,4,0.803,vacation,RENT,0
L01977,29,49044,16008,48,23.58,660,0,6,0.326,car,MORTGAGE,0
L01978,35,55047,38017,48,21.08,422,22,9,0.691,debt_consolidation,MORTGAGE,0
L01979,31,77164,2111,24,13.64,636,4,4,0.027,debt_consolidation,MORTGAGE,0
L01980,23,24932,19545,24,19.73,812,14,6,0.784,education,RENT,0
L01981,30,86733,42168,36,8.67,727,3,6,0.486,medical,MORTGAGE,0
L01982,24,52756,4379,60,15.68,732,18,3,0.083,medical,RENT,0
L01983,42,35009,32237,48,6.42,306,27,4,0.921,education,MORTGAGE,1
L01984,47,31750,47948,12,11.61,419,9,3,1.51,education,RENT,0
L01985,29,59916,23810,60,9.29,686,22,3,0.397,vacation,RENT,0
L01986,23,30750,43120,48,18.66,649,27,4,1.402,vacation,RENT,0
L01987,27,44917,19809,36,14.31,397,1,4,0.441,car,RENT,0
L01988,49,50501,10469,48,19.27,342,4,6,0.207,medical,OWN,0
L01989,50,75586,29967,24,14.79,482,17,4,0.396,vacation,MORTGAGE,0
L01990,47,73332,11748,12,6.64,534,22,6,0.16,car,RENT,0
L01991,46,43426,25424,12,18.97,745,5,2,0.585,home_improvement,OWN,0
L01992,33,51171,22976,24,20.83,499,28,4,0.449,car,MORTGAGE,0
L01993,26,26283,25914,60,22.17,812,9,2,0.986,vacation,OWN,0
L01994,55,18296,32067,24,15.87,825,14,8,1.753,car,RENT,0
L01995,58,32877,44875,12,19.32,512,22,9,1.365,home_improvement,MORTGAGE,0
L01996,36,75215,14942,36,19.29,677,27,7,0.199,vacation,RENT,0
L01997,57,69041,21491,60,7.96,845,8,6,0.311,car,OWN,0
L01998,36,61901,6533,48,8.12,785,12,8,0.106,vacation,MORTGAGE,0
L01999,64,28762,25583,36,6.35,660,17,4,0.889,education,RENT,0
L02000,44,42190,39049,60,11.08,467,24,2,0.926,education,MORTGAGE,0
L02001,27,39559,29821,12,14.0,703,6,4,0.754,car,RENT,0
L02002,64,52012,32261,12,23.96,436,1,5,0.62,debt_consolidation,RENT,0
L02003,42,50877,39536,36,13.19,532,15,9,0.777,vacation,RENT,0
L02004,44,36964,31945,60,18.8,414,25,5,0.864,vacation,MORTGAGE,1
L02005,64,61285,19384,48,18.17,551,1,9,0.316,education,MORTGAGE,0
L02006,37,59121,30410,48,8.89,792,3,9,0.514,education,RENT,0
L02007,36,41881,14198,24,6.11,588,1,8,0.339,vacation,RENT,0
L02008,46,60477,31354,36,15.37,348,16,5,0.518,vacation,RENT,0
L02009,57,75237,9169,60,18.31,751,5,2,0.122,education,OWN,0
L02010,32,80705,42129,36,23.97,815,9,5,0.522,car,MORTGAGE,0
L02011,36,63831,33909,48,11.81,571,13,1,0.531,medical,MORTGAGE,0
L02012,25,63302,5830,60,22.03,730,26,8,0.092,car,MORTGAGE,0
L02013,42,50677,23404,12,12.26,325,14,2,0.462,home_improvement,OWN,0
L02014,34,73534,29757,12,18.1,369,20,7,0.405,debt_consolidation,RENT,0
L02015,43,35733,37650,60,16.37,592,11,2,1.054,car,RENT,0
L02016,40,71449,35766,36,6.01,705,18,5,0.501,car,OWN,0
L02017,55,49823,17942,36,6.49,533,10,7,0.36,vacation,OWN,0
L02018,35,81836,34419,12,5.39,530,0,6,0.421,home_improvement,MORTGAGE,0
L02019,25,65587,18668,12,12.05,562,24,5,0.285,vacation,RENT,0
L02020,48,53778,18246,48,19.17,420,7,6,0.339,education,RENT,0
L02021,50,50743,26996,60,8.28,762,21,2,0.532,vacation,RENT,0
L02022,49,64461,5065,36,16.51,817,5,1,0.079,medical,MORTGAGE,0
L02023,56,63588,12467,48,10.49,323,11,1,0.196,debt_consolidation,MORTGAGE,0
L02024,29,47829,46844,36,20.14,676,19,8,0.979,medical,RENT,0
L02025,37,56653,23007,12,20.17,799,15,3,0.406,vacation,MORTGAGE,0
L02026,63,71135,4543,60,19.73,736,28,3,0.064,debt_consolidation,OWN,0
L02027,57,30459,30702,24,14.97,798,17,9,1.008,car,RENT,0
L02028,51,68065,30833,60,10.41,473,11,6,0.453,home_improvement,RENT,0
L02029,39,64381,12033,24,20.38,808,19,4,0.187,medical,OWN,0
L02030,23,76359,36169,48,8.54,609,29,4,0.474,home_improvement,OWN,0
L02031,34,42118,18829,24,10.51,369,1,7,0.447,vacation,MORTGAGE,0
L02032,25,55102,6522,24,8.5,504,28,6,0.118,debt_consolidation,OWN,0
L02033,47,58691,22151,48,17.81,640,6,2,0.377,education,RENT,0
L02034,46,68298,37319,60,18.04,331,8,9,0.546,car,RENT,0
L02035,51,62724,28543,48,17.4,342,28,2,0.455,debt_consolidation,MORTGAGE,1
L02036,32,32688,39584,12,12.9,417,17,8,1.211,education,MORTGAGE,0
L02037,28,60238,32473,12,6.9,314,8,4,0.539,home_improvement,RENT,1
L02038,52,91076,9699,24,22.31,621,24,1,0.106,home_improvement,RENT,0
L02039,31,66011,4629,48,14.65,636,7,1,0.07,car,RENT,0
L02040,60,84484,42455,48,12.73,831,0,9,0.503,education,RENT,0
L02041,34,73775,12156,48,16.19,680,4,4,0.165,education,RENT,0
L02042,52,79523,19441,60,8.66,810,15,1,0.244,car,OWN,0
L02043,28,60579,32716,36,7.52,419,13,3,0.54,debt_consolidation,MORTGAGE,0
L02044,63,64393,8834,36,12.7,325,25,3,0.137,medical,RENT,0
L02045,63,59599,20179,36,9.32,833,12,7,0.339,debt_consolidation,MORTGAGE,0
L02046,57,55078,28219,60,9.64,363,28,6,0.512,home_improvement,MORTGAGE,0
L02047,41,68359,39617,48,21.96,759,10,8,0.58,debt_consolidation,RENT,0
L02048,25,45621,17782,36,15.08,613,19,7,0.39,vacation,OWN,0
L02049,28,88936,17827,48,14.19,515,22,1,0.2,debt_consolidation,RENT,0
L02050,22,38295,11431,24,18.1,755,12,3,0.298,debt_consolidation,MORTGAGE,0
L02051,63,69604,38918,36,23.08,839,26,9,0.559,education,RENT,0
L02052,34,79816,46057,24,7.13,772,14,4,0.577,vacation,RENT,0
L02053,43,51820,11496,60,20.84,658,29,3,0.222,home_improvement,OWN,0
L02054,42,34966,25331,12,16.1,425,23,5,0.724,car,RENT,0
L02055,43,75799,41238,60,7.78,386,29,8,0.544,debt_consolidation,RENT,0
L02056,49,58661,48025,60,10.65,642,25,1,0.819,medical,RENT,0
L02057,30,69639,25563,60,14.16,694,26,2,0.367,education,OWN,0
L02058,47,53029,5712,36,18.13,783,15,7,0.108,education,MORTGAGE,0
L02059,30,86174,30531,24,9.61,755,12,1,0.354,car,RENT,0
L02060,36,16893,47489,36,15.16,775,7,5,2.811,medical,RENT,1
L02061,31,61771,34664,12,18.01,509,17,8,0.561,debt_consolidation,OWN,0
L02062,45,79151,47263,60,13.53,824,18,6,0.597,medical,RENT,0
L02063,63,56896,14420,48,21.4,606,28,3,0.253,education,OWN,0
L02064,29,60442,7315,12,21.52,375,25,7,0.121,car,RENT,0
L02065,45,47187,7381,24,13.94,321,14,3,0.156,medical,MORTGAGE,0
L02066,37,55372,11497,12,23.49,359,9,5,0.208,medical,OWN,0
L02067,47,24906,31040,36,6.44,685,22,7,1.246,car,RENT,0
L02068,48,42068,34375,48,5.06,355,3,2,0.817,car,OWN,1
L02069,58,40838,15494,36,12.23,467,5,4,0.379,car,OWN,0
L02070,25,67044,33752,60,16.42,711,7,2,0.503,education,RENT,0
L02071,45,44715,27357,60,16.95,490,23,7,0.612,car,RENT,0
L02072,40,45235,18950,12,14.05,781,6,3,0.419,vacation,RENT,0
L02073,57,48197,17752,60,7.37,715,28,9,0.368,debt_consolidation,RENT,0
L02074,60,41524,39390,60,8.24,639,11,6,0.949,education,RENT,0
L02075,31,59842,6132,24,21.19,558,17,1,0.102,car,OWN,0
L02076,46,61797,43598,24,21.49,649,17,8,0.706,home_improvement,MORTGAGE,0
L02077,39,69850,30276,36,17.8,736,18,7,0.433,medical,MORTGAGE,0
L02078,40,66749,41763,36,17.62,521,3,1,0.626,car,OWN,0
L02079,57,64949,22551,24,16.36,712,0,3,0.347,car,MORTGAGE,0
L02080,31,49078,28975,12,8.86,649,4,3,0.59,debt_consolidation,OWN,0
L02081,54,47924,4670,24,13.14,781,29,3,0.097,car,MORTGAGE,0
L02082,26,39318,11364,36,18.22,358,6,7,0.289,education,RENT,0
L02083,56,38993,28296,48,15.21,451,27,6,0.726,vacation,RENT,0
L02084,55,58496,26680,60,5.35,839,25,2,0.456,home_improvement,RENT,0
L02085,54,42050,20066,48,23.12,524,10,5,0.477,home_improvement,OWN,0
L02086,42,81429,30892,48,21.05,617,20,6,0.379,car,RENT,0
L02087,38,54324,12041,60,9.95,578,29,2,0.222,debt_consolidation,RENT,0
L02088,43,82025,11054,24,16.71,773,22,1,0.135,education,OWN,0
L02089,58,65291,13637,12,22.54,323,20,4,0.209,education,MORTGAGE,0
L02090,36,41009,12757,48,6.82,818,10,4,0.311,car,MORTGAGE,0
L02091,56,53883,43258,12,14.56,667,9,4,0.803,medical,MORTGAGE,0
L02092,49,24877,29484,36,13.67,634,23,1,1.185,education,RENT,0
L02093,28,58427,14329,48,12.79,732,6,3,0.245,education,MORTGAGE,0
L02094,53,42656,35538,36,20.88,302,15,7,0.833,education,MORTGAGE,0
L02095,32,34957,29115,24,12.23,557,29,4,0.833,home_improvement,MORTGAGE,0
L02096,31,82398,28038,48,6.21,562,0,2,0.34,education,OWN,0
L02097,30,73550,38622,36,6.25,420,26,8,0.525,medical,RENT,0
L02098,35,73054,37886,36,5.81,320,0,1,0.519,vacation,RENT,0
L02099,34,69078,11901,24,12.77,439,11,9,0.172,home_improvement,MORTGAGE,0
L02100,46,32771,19374,12,18.65,776,15,5,0.591,home_improvement,RENT,0
L02101,23,47791,48290,12,8.87,588,4,2,1.01,vacation,RENT,0
L02102,56,48888,34806,48,17.28,505,13,4,0.712,medical,OWN,0
L02103,28,24224,19659,24,18.05,342,17,3,0.812,car,RENT,1
L02104,42,44973,25453,48,9.85,417,8,7,0.566,debt_consolidation,MORTGAGE,0
L02105,39,45170,32498,12,16.41,304,1,6,0.719,medical,RENT,0
L02106,24,57267,6857,24,18.01,506,11,9,0.12,vacation,RENT,0
L02107,63,100582,18312,60,13.87,644,24,4,0.182,education,MORTGAGE,0
L02108,60,54623,3436,24,11.4,441,9,3,0.063,education,RENT,0
L02109,62,57277,29569,24,16.76,671,1,7,0.516,vacation,MORTGAGE,0
L02110,32,50496,26949,60,23.58,531,14,6,0.534,education,OWN,0
L02111,60,68278,9693,36,13.11,463,3,5,0.142,vacation,MORTGAGE,0
L02112,45,35669,47986,36,12.44,846,18,7,1.345,home_improvement,RENT,0
L02113,40,89128,39019,36,13.82,663,21,5,0.438,car,OWN,0
L02114,25,52765,11305,12,6.45,634,3,9,0.214,home_improvement,RENT,0
L02115,47,47886,34646,24,15.51,310,24,4,0.724,home_improvement,MORTGAGE,1
L02116,59,72460,29302,60,11.25,707,8,1,0.404,home_improvement,RENT,0
L02117,63,38963,12590,12,7.31,374,12,5,0.323,vacation,RENT,0
L02118,53,67946,42430,60,13.86,599,9,1,0.624,medical,MORTGAGE,0
L02119,60,80293,5123,12,5.06,680,13,1,0.064,debt_consolidation,OWN,0
L02120,57,50655,6158,12,12.63,327,24,1,0.122,debt_consolidation,OWN,0
L02121,61,91951,10700,12,7.01,762,2,1,0.116,car,MORTGAGE,0
L02122,58,66597,12531,60,5.46,695,2,8,0.188,car,RENT,0
L02123,54,66820,29738,48,20.67,675,19,2,0.445,vacation,RENT,0
L02124,57,79585,11879,12,22.41,720,15,9,0.149,debt_consolidation,MORTGAGE,0
L02125,24,84353,7543,36,8.95,663,8,7,0.089,medical,RENT,0
L02126,30,59713,48748,24,15.25,515,13,3,0.816,vacation,RENT,0
L02127,29,69344,49924,48,10.28,400,21,9,0.72,car,MORTGAGE,0
L02128,54,80134,44348,48,14.38,392,15,4,0.553,vacation,RENT,1
L02129,27,34087,20581,60,13.3,565,8,7,0.604,car,MORTGAGE,0
L02130,62,23868,38679,48,10.11,505,23,3,1.621,debt_consolidation,OWN,0
L02131,60,53964,15582,60,18.31,379,22,5,0.289,vacation,MORTGAGE,0
L02132,25,23437,45888,60,7.4,336,28,4,1.958,home_improvement,RENT,1
L02133,34,49348,32276,36,6.01,310,4,6,0.654,education,RENT,0
L02134,23,60658,40003,12,19.59,389,12,9,0.659,car,MORTGAGE,0
L02135,26,50038,6799,48,17.65,318,14,5,0.136,home_improvement,RENT,0
L02136,48,52451,27091,12,14.47,673,24,1,0.517,car,RENT,0
L02137,53,36970,30234,12,13.89,393,3,5,0.818,home_improvement,MORTGAGE,1
L02138,42,69186,48993,12,14.45,331,13,5,0.708,debt_consolidation,OWN,0
L02139,29,35857,26605,60,13.3,439,19,9,0.742,debt_consolidation,RENT,0
L02140,59,17147,38534,12,12.46,320,23,8,2.247,medical,RENT,0
L02141,29,51267,33668,48,14.49,448,19,5,0.657,medical,MORTGAGE,0
L02142,24,71470,6111,60,15.04,520,6,5,0.086,medical,RENT,0
L02143,24,56436,26686,48,18.15,518,3,2,0.473,vacation,MORTGAGE,0
L02144,43,34033,9015,60,18.51,840,26,9,0.265,car,RENT,0
L02145,27,56835,8856,24,12.17,357,16,4,0.156,vacation,MORTGAGE,0
L02146,23,62889,18490,24,12.86,724,25,7,0.294,medical,RENT,0
L02147,44,56625,37194,24,12.1,574,8,6,0.657,car,RENT,0
L02148,23,50237,16497,24,15.19,439,3,5,0.328,vacation,RENT,0
L02149,59,63748,25194,60,13.61,322,2,5,0.395,debt_consolidation,RENT,0
L02150,38,23708,46104,12,21.9,677,18,7,1.945,car,RENT,1
L02151,56,38908,7316,36,18.23,672,8,2,0.188,medical,RENT,0
L02152,55,31506,40130,36,22.07,362,7,9,1.274,debt_consolidation,MORTGAGE,0
L02153,44,79270,6693,24,18.47,641,25,2,0.084,car,RENT,0
L02154,51,67816,43758,12,23.45,466,6,9,0.645,vacation,MORTGAGE,0
L02155,29,58332,31954,48,17.08,450,6,4,0.548,education,RENT,0
L02156,43,28888,49901,12,23.31,822,3,6,1.727,education,MORTGAGE,0
L02157,57,68394,23652,48,8.01,800,18,1,0.346,medical,MORTGAGE,0
L02158,26,79957,16178,36,6.0,647,11,5,0.202,vacation,MORTGAGE,0
L02159,34,65286,45397,12,16.0,571,19,6,0.695,debt_consolidation,RENT,0
L02160,50,54366,16751,12,23.69,729,5,9,0.308,debt_consolidation,MORTGAGE,0
L02161,52,66370,2425,36,12.93,532,11,9,0.037,debt_consolidation,RENT,0
L02162,37,59912,5044,12,9.03,507,28,9,0.084,car,RENT,0
L02163,63,71669,13480,48,14.91,752,29,3,0.188,medical,MORTGAGE,0
L02164,51,71266,45874,12,17.33,800,19,4,0.644,education,RENT,0
L02165,37,51020,40997,48,10.99,518,3,8,0.804,debt_consolidation,RENT,0
L02166,33,43108,3239,24,18.58,380,1,8,0.075,vacation,RENT,0
L02167,38,47803,8566,12,23.53,848,14,2,0.179,medical,RENT,0
L02168,37,64645,21775,48,22.04,840,29,8,0.337,education,RENT,0
L02169,33,48890,38981,36,10.54,550,22,7,0.797,vacation,MORTGAGE,0
L02170,29,41490,5006,24,11.21,714,5,9,0.121,vacation,RENT,0
L02171,41,54982,9025,12,12.06,385,17,5,0.164,debt_consolidation,MORTGAGE,0
L02172,24,74934,21423,48,12.5,516,20,2,0.286,medical,MORTGAGE,0
L02173,37,57431,41326,12,6.91,495,21,5,0.72,home_improvement,OWN,0
L02174,51,50028,27174,48,19.48,596,4,2,0.543,car,MORTGAGE,0
L02175,44,60767,28663,12,11.94,343,3,5,0.472,home_improvement,MORTGAGE,0
L02176,49,56512,35952,24,21.72,692,10,9,0.636,car,OWN,0
L02177,61,20194,29326,24,22.61,742,10,7,1.452,medical,RENT,0
L02178,26,67541,33139,12,5.46,389,8,7,0.491,education,MORTGAGE,0
L02179,41,62334,49198,12,23.78,454,2,1,0.789,debt_consolidation,MORTGAGE,0
L02180,61,55291,10102,60,18.49,777,10,9,0.183,medical,MORTGAGE,0
L02181,22,74122,48637,12,14.89,358,1,6,0.656,home_improvement,RENT,0
L02182,51,76833,9116,12,12.4,409,8,7,0.119,vacation,RENT,0
L02183,42,69377,14937,24,14.85,778,23,2,0.215,car,OWN,0
L02184,41,39694,32161,12,11.17,348,24,1,0.81,car,MORTGAGE,1
L02185,27,40317,6383,36,16.83,676,9,4,0.158,home_improvement,MORTGAGE,0
L02186,43,75112,22320,12,6.77,331,10,9,0.297,debt_consolidation,OWN,0
L02187,39,21209,6507,60,16.8,785,2,9,0.307,medical,MORTGAGE,0
L02188,29,52320,16735,48,10.23,830,16,3,0.32,home_improvement,RENT,0
L02189,60,62916,31713,24,5.34,302,10,1,0.504,medical,MORTGAGE,0
L02190,53,23492,18519,36,15.5,677,16,2,0.788,debt_consolidation,RENT,0
L02191,54,59218,4025,48,15.99,541,18,9,0.068,vacation,MORTGAGE,0
L02192,37,72179,21919,36,13.1,840,3,9,0.304,medical,RENT,0
L02193,33,28259,39622,24,6.37,656,1,1,1.402,debt_consolidation,RENT,0
L02194,59,84847,40135,60,21.97,496,23,9,0.473,home_improvement,RENT,0
L02195,55,36823,37658,24,16.62,718,13,1,1.023,education,MORTGAGE,0
L02196,35,65345,21141,36,7.2,572,28,4,0.324,vacation,OWN,0
L02197,57,53495,31696,36,14.71,801,14,5,0.593,vacation,RENT,0
L02198,54,56251,5773,24,14.45,334,27,8,0.103,vacation,MORTGAGE,0
L02199,44,31897,26956,12,6.15,760,2,5,0.845,car,OWN,0
L02200,23,77688,17819,24,16.53,552,28,5,0.229,education,OWN,0
L02201,62,60865,3528,60,20.36,811,29,4,0.058,debt_consolidation,OWN,0
L02202,42,84175,22955,24,19.23,347,19,9,0.273,medical,RENT,0
L02203,23,32366,46588,48,8.86,484,21,8,1.439,home_improvement,RENT,0
L02204,48,51737,7049,12,21.38,790,25,9,0.136,vacation,RENT,0
L02205,30,58771,35616,48,11.51,572,12,7,0.606,vacation,MORTGAGE,0
L02206,22,56086,22511,24,22.98,826,21,7,0.401,vacation,RENT,0
L02207,32,67002,12119,12,6.36,427,12,5,0.181,debt_consolidation,OWN,0
L02208,24,51509,12357,48,14.24,509,17,1,0.24,home_improvement,RENT,0
L02209,44,93196,18167,48,16.35,441,21,6,0.195,debt_consolidation,RENT,0
L02210,47,55717,47246,12,9.71,472,19,6,0.848,home_improvement,MORTGAGE,0
L02211,25,15000,24253,12,19.66,746,20,4,1.617,medical,MORTGAGE,0
L02212,39,56515,36889,36,16.91,418,6,2,0.653,car,RENT,0
L02213,27,77706,47678,12,5.34,310,22,1,0.614,home_improvement,MORTGAGE,1
L02214,56,38380,31798,24,16.56,603,15,3,0.829,education,OWN,0
L02215,43,37238,6681,60,14.34,453,15,9,0.179,debt_consolidation,MORTGAGE,0
L02216,64,39872,16755,36,8.72,622,21,1,0.42,debt_consolidation,RENT,0
L02217,36,35623,2472,12,23.92,836,25,5,0.069,debt_consolidation,RENT,0
L02218,43,46370,34881,60,22.05,744,5,6,0.752,car,MORTGAGE,0
L02219,58,71367,15690,36,10.56,641,5,9,0.22,home_improvement,MORTGAGE,0
L02220,63,82473,27912,24,15.28,520,3,1,0.338,home_improvement,OWN,0
L02221,33,15000,8473,60,11.01,409,2,5,0.565,home_improvement,MORTGAGE,0
L02222,63,48187,43298,12,19.73,709,0,1,0.899,home_improvement,MORTGAGE,0
L02223,59,60448,20669,12,22.68,717,2,2,0.342,vacation,RENT,0
L02224,39,58648,35964,24,11.82,804,18,2,0.613,vacation,RENT,0
L02225,56,89198,18462,36,20.31,339,8,5,0.207,education,RENT,0
L02226,51,18807,22943,60,14.47,808,13,4,1.22,debt_consolidation,MORTGAGE,0
L02227,45,15000,40785,24,12.53,758,18,6,2.719,vacation,MORTGAGE,0
L02228,63,92119,37420,36,22.83,562,23,5,0.406,home_improvement,OWN,0
L02229,51,68561,12832,48,14.7,417,23,2,0.187,home_improvement,MORTGAGE,0
L02230,35,44715,7385,48,13.88,749,18,9,0.165,vacation,MORTGAGE,0
L02231,27,58088,32362,36,17.78,713,25,8,0.557,medical,RENT,0
L02232,24,59377,16708,12,9.96,825,25,9,0.281,education,RENT,0
L02233,37,44280,25438,12,11.17,760,27,6,0.574,debt_consolidation,RENT,0
L02234,28,57552,19211,48,22.71,417,12,5,0.334,car,OWN,1
L02235,35,61386,16571,12,17.89,516,21,5,0.27,education,MORTGAGE,0
L02236,30,91279,23307,12,20.71,376,15,2,0.255,debt_consolidation,RENT,0
L02237,36,72342,13002,36,10.15,720,27,4,0.18,debt_consolidation,OWN,0
L02238,42,86307,38153,36,15.33,471,7,2,0.442,debt_consolidation,MORTGAGE,0
L02239,56,30815,24440,12,23.46,689,23,2,0.793,education,RENT,0
L02240,23,48750,3965,36,11.06,325,25,8,0.081,education,OWN,0
L02241,48,59360,34556,60,8.05,427,15,4,0.582,vacation,RENT,0
L02242,23,20420,4427,48,14.71,673,25,4,0.217,debt_consolidation,OWN,0
L02243,56,76273,37609,60,12.37,323,8,7,0.493,home_improvement,MORTGAGE,0
L02244,39,66559,27189,60,8.03,769,8,4,0.408,debt_consolidation,RENT,0
L02245,35,48391,27138,12,21.88,722,23,9,0.561,home_improvement,MORTGAGE,0
L02246,41,51699,8563,12,23.82,476,22,9,0.166,vacation,RENT,0
L02247,39,77569,16387,60,15.8,837,25,3,0.211,vacation,RENT,0
L02248,31,40682,7840,60,19.72,565,2,6,0.193,debt_consolidation,OWN,0
L02249,46,78295,17154,24,21.32,569,6,7,0.219,education,MORTGAGE,0
L02250,23,50463,26194,24,18.32,628,19,3,0.519,home_improvement,RENT,0
L02251,46,68607,48861,48,5.84,754,17,4,0.712,home_improvement,RENT,0
L02252,54,56561,24448,60,8.0,594,29,1,0.432,home_improvement,MORTGAGE,0
L02253,57,95197,32924,36,6.35,421,23,9,0.346,home_improvement,RENT,0
L02254,52,39026,25528,24,5.19,458,1,7,0.654,car,RENT,0
L02255,35,44680,31402,12,10.81,477,0,7,0.703,vacation,RENT,0
L02256,22,27889,6352,60,12.45,627,11,9,0.228,home_improvement,MORTGAGE,0
L02257,37,35258,2184,36,9.58,606,15,6,0.062,car,MORTGAGE,0
L02258,24,67836,12384,36,6.23,388,11,8,0.183,car,RENT,0
L02259,56,83802,16319,36,15.07,337,20,5,0.195,vacation,OWN,0
L02260,62,69876,22449,12,10.19,645,9,8,0.321,medical,RENT,0
L02261,27,54902,43205,24,20.12,551,28,1,0.787,debt_consolidation,MORTGAGE,0
L02262,46,38914,12426,36,5.15,448,8,3,0.319,vacation,RENT,0
L02263,34,71171,9504,24,21.01,315,20,4,0.134,medical,RENT,0
L02264,55,37925,35368,48,23.14,666,26,9,0.933,education,MORTGAGE,0
L02265,29,30718,42572,12,18.61,417,17,8,1.386,debt_consolidation,RENT,0
L02266,42,49447,48017,24,18.94,616,25,8,0.971,debt_consolidation,RENT,0
L02267,55,18389,40305,24,22.74,587,3,2,2.192,debt_consolidation,MORTGAGE,1
L02268,25,30135,34094,36,8.97,650,7,7,1.131,car,MORTGAGE,0
L02269,46,88947,16685,36,23.9,596,22,3,0.188,home_improvement,RENT,0
L02270,36,26797,10724,12,19.7,493,20,6,0.4,debt_consolidation,OWN,0
L02271,25,33613,7084,24,18.8,691,3,4,0.211,home_improvement,OWN,0
L02272,33,56292,36810,60,11.86,742,29,6,0.654,debt_consolidation,OWN,0
L02273,53,57230,18741,36,15.37,580,15,4,0.327,car,MORTGAGE,0
L02274,53,50776,18761,36,17.42,600,20,3,0.369,education,MORTGAGE,0
L02275,49,18939,15336,48,16.79,725,22,2,0.81,debt_consolidation,MORTGAGE,0
L02276,34,70272,22872,12,18.39,549,20,4,0.325,vacation,RENT,0
L02277,52,47025,15414,24,6.57,814,7,2,0.328,medical,RENT,0
L02278,35,76968,6797,24,11.76,705,6,7,0.088,debt_consolidation,OWN,0
L02279,41,43393,5307,24,13.25,543,22,1,0.122,medical,RENT,0
L02280,39,72684,48489,36,9.95,666,24,1,0.667,medical,RENT,0
L02281,50,78329,34568,12,8.28,419,23,5,0.441,car,RENT,0
L02282,27,46595,4596,24,7.64,739,12,7,0.099,education,RENT,0
L02283,53,70848,19167,60,11.96,803,27,1,0.271,medical,RENT,0
L02284,50,31086,24308,48,14.38,732,7,4,0.782,car,RENT,0
L02285,64,59746,26215,48,6.2,482,21,5,0.439,education,RENT,0
L02286,23,77000,13795,24,22.98,760,6,2,0.179,debt_consolidation,OWN,0
L02287,44,64332,16984,36,19.54,417,23,7,0.264,home_improvement,OWN,0
L02288,40,98312,14134,48,18.89,330,28,4,0.144,car,RENT,0
L02289,52,65338,12782,48,8.28,448,4,8,0.196,medical,MORTGAGE,0
L02290,26,48425,44002,48,16.47,827,25,1,0.909,medical,OWN,0
L02291,40,106135,23651,48,15.06,572,17,1,0.223,debt_consolidation,MORTGAGE,0
L02292,55,84406,26022,24,23.67,684,29,1,0.308,car,MORTGAGE,0
L02293,31,26147,20922,12,19.21,401,22,4,0.8,debt_consolidation,RENT,0
L02294,46,40885,16618,12,15.94,371,25,1,0.406,car,RENT,0
L02295,23,36313,19245,36,21.17,707,18,5,0.53,home_improvement,RENT,0
L02296,32,66621,20260,60,7.95,646,9,6,0.304,vacation,RENT,0
L02297,52,65280,12027,12,5.29,666,10,7,0.184,debt_consolidation,RENT,0
L02298,36,65142,15986,60,18.11,848,7,8,0.245,medical,MORTGAGE,0
L02299,30,25661,47168,12,6.87,590,5,8,1.838,debt_consolidation,RENT,0
L02300,44,43514,5526,12,7.19,721,10,2,0.127,car,MORTGAGE,0
L02301,40,52312,28261,36,19.15,480,15,4,0.54,debt_consolidation,MORTGAGE,0
L02302,30,22205,46361,48,10.14,413,29,7,2.088,home_improvement,OWN,1
L02303,56,39307,3622,36,16.94,537,3,9,0.092,car,RENT,0
L02304,42,79415,40286,12,22.43,393,1,9,0.507,education,OWN,0
L02305,30,27026,31533,48,11.01,559,12,3,1.167,medical,RENT,1
L02306,49,81194,37425,48,9.13,406,6,7,0.461,medical,RENT,0
L02307,28,74640,20316,48,7.02,543,16,4,0.272,car,MORTGAGE,0
L02308,37,49766,10699,60,7.48,722,22,9,0.215,education,RENT,0
L02309,37,43320,15955,12,6.18,634,12,7,0.368,home_improvement,OWN,0
L02310,54,69972,33543,24,6.67,322,9,6,0.479,debt_consolidation,MORTGAGE,0
L02311,25,40820,37424,36,13.21,570,12,9,0.917,vacation,RENT,0
L02312,25,41716,18673,60,11.1,439,9,7,0.448,medical,OWN,0
L02313,60,54570,25395,36,18.42,765,6,8,0.465,home_improvement,OWN,0
L02314,61,16655,40626,24,21.53,753,9,5,2.439,home_improvement,RENT,0
L02315,38,28900,25707,48,19.91,683,28,4,0.89,home_improvement,MORTGAGE,0
L02316,58,49318,21213,24,15.08,676,15,1,0.43,debt_consolidation,MORTGAGE,0
L02317,60,63562,12401,36,6.95,737,2,8,0.195,home_improvement,OWN,0
L02318,50,40571,23196,24,18.49,721,3,6,0.572,home_improvement,OWN,0
L02319,57,51443,27976,12,11.89,455,27,4,0.544,car,OWN,0
L02320,59,25957,10758,24,6.63,634,3,3,0.414,car,MORTGAGE,0
L02321,60,71784,3473,12,21.01,830,3,5,0.048,home_improvement,MORTGAGE,0
L02322,58,58961,15281,24,11.43,431,15,4,0.259,home_improvement,RENT,0
L02323,56,60553,34548,12,9.15,800,8,7,0.571,car,RENT,0
L02324,28,63788,20371,12,21.56,821,5,6,0.319,debt_consolidation,MORTGAGE,0
L02325,48,56406,30363,24,22.14,439,9,3,0.538,car,RENT,0
L02326,49,46292,14057,60,11.44,434,24,1,0.304,car,OWN,0
L02327,43,75333,42441,48,11.74,706,27,7,0.563,car,MORTGAGE,0
L02328,35,57823,21644,48,16.01,393,3,5,0.374,car,RENT,0
L02329,28,52017,30123,48,18.94,540,22,1,0.579,vacation,OWN,0
L02330,58,54844,25874,12,6.2,464,28,1,0.472,medical,RENT,0
L02331,43,54460,25123,48,16.27,624,11,6,0.461,debt_consolidation,MORTGAGE,0
L02332,26,51836,16281,12,23.1,517,9,4,0.314,education,RENT,0
L02333,23,63029,5251,60,9.98,530,11,8,0.083,debt_consolidation,RENT,0
L02334,48,38154,24289,24,22.27,478,27,2,0.637,home_improvement,OWN,0
L02335,42,39469,7054,24,23.05,379,24,4,0.179,vacation,MORTGAGE,0
L02336,59,65066,36484,12,10.11,653,25,8,0.561,home_improvement,RENT,0
L02337,36,52385,43972,12,19.33,460,18,8,0.839,debt_consolidation,RENT,1
L02338,42,72485,48874,60,9.54,726,28,5,0.674,debt_consolidation,RENT,0
L02339,31,62359,3310,48,19.01,702,18,3,0.053,education,RENT,0
L02340,44,45052,31146,60,20.15,331,21,4,0.691,education,MORTGAGE,0
L02341,60,65351,31312,24,9.7,420,23,3,0.479,home_improvement,RENT,1
L02342,26,76549,32981,24,18.6,814,0,2,0.431,medical,MORTGAGE,0
L02343,22,63045,6257,48,20.43,684,3,4,0.099,home_improvement,MORTGAGE,0
L02344,34,66980,17846,24,11.81,724,12,9,0.266,medical,MORTGAGE,0
L02345,42,51908,24483,12,8.19,775,7,6,0.472,medical,OWN,0
L02346,47,72874,28558,24,6.75,466,21,4,0.392,car,RENT,0
L02347,42,44547,45188,36,15.93,688,13,1,1.014,debt_consolidation,RENT,0
L02348,39,61093,15012,48,23.58,632,15,7,0.246,car,MORTGAGE,0
L02349,58,101251,35236,48,20.64,822,1,2,0.348,debt_consolidation,MORTGAGE,0
L02350,53,64699,40673,48,13.28,770,7,6,0.629,car,OWN,0
L02351,57,47427,47076,36,15.2,823,12,1,0.993,medical,MORTGAGE,0
L02352,38,47380,30931,60,10.31,352,29,7,0.653,car,MORTGAGE,0
L02353,56,53715,34076,12,8.1,320,0,4,0.634,vacation,MORTGAGE,0
L02354,32,70322,16801,48,14.16,318,11,3,0.239,car,MORTGAGE,1
L02355,42,57623,11628,24,13.81,755,16,7,0.202,education,MORTGAGE,0
L02356,47,43326,10728,12,14.92,621,6,3,0.248,education,MORTGAGE,0
L02357,25,43294,19335,24,23.1,732,15,8,0.447,car,RENT,0
L02358,55,57736,45773,12,16.47,358,13,4,0.793,car,MORTGAGE,0
L02359,39,55763,30570,12,16.51,450,9,3,0.548,vacation,RENT,0
L02360,61,63189,24459,24,7.43,739,2,7,0.387,debt_consolidation,RENT,0
L02361,56,71514,42658,24,23.93,357,27,7,0.596,car,MORTGAGE,1
L02362,62,104092,9077,12,19.68,592,11,9,0.087,debt_consolidation,MORTGAGE,0
L02363,50,28683,3971,48,21.67,481,7,7,0.138,education,MORTGAGE,0
L02364,50,67363,48336,24,12.87,377,15,6,0.718,home_improvement,RENT,0
L02365,59,56769,35959,36,14.54,404,24,3,0.633,medical,RENT,0
L02366,63,21797,47588,36,14.92,560,23,4,2.183,home_improvement,RENT,0
L02367,42,77491,42533,12,8.69,522,0,8,0.549,vacation,OWN,0
L02368,63,62581,45022,60,18.1,783,16,6,0.719,vacation,MORTGAGE,0
L02369,34,69396,5046,12,22.16,428,5,9,0.073,debt_consolidation,RENT,0
L02370,62,24410,46518,12,8.11,618,27,8,1.906,debt_consolidation,OWN,0
L02371,38,51032,14703,48,6.64,808,0,8,0.288,car,RENT,0
L02372,30,35574,10043,48,19.03,319,23,7,0.282,home_improvement,MORTGAGE,0
L02373,62,93935,39676,60,10.19,534,14,1,0.422,debt_consolidation,RENT,0
L02374,22,75601,45395,60,16.85,649,12,5,0.6,education,MORTGAGE,0
L02375,23,42742,4804,60,18.22,752,29,7,0.112,debt_consolidation,RENT,0
L02376,50,27340,12176,60,11.12,808,5,9,0.445,education,RENT,0
L02377,54,58492,5936,60,20.49,722,20,4,0.101,debt_consolidation,MORTGAGE,0
L02378,31,74663,33174,12,15.45,489,12,8,0.444,medical,OWN,0
L02379,61,23769,19096,12,21.51,424,21,1,0.803,debt_consolidation,OWN,0
L02380,42,38228,25232,36,19.5,305,3,4,0.66,medical,MORTGAGE,0
L02381,49,35099,44641,36,21.5,757,0,4,1.272,vacation,MORTGAGE,1
L02382,32,70605,27909,24,5.38,821,22,2,0.395,car,MORTGAGE,0
L02383,55,48343,46158,12,9.63,388,9,3,0.955,home_improvement,MORTGAGE,0
L02384,29,49097,10366,60,6.71,410,24,3,0.211,debt_consolidation,OWN,0
L02385,43,58143,21589,24,13.4,696,3,9,0.371,medical,RENT,0
L02386,29,39190,49382,48,21.91,310,12,7,1.26,debt_consolidation,RENT,1
L02387,36,29013,8506,12,13.88,796,3,2,0.293,debt_consolidation,MORTGAGE,0
L02388,38,79654,30842,36,21.14,315,15,9,0.387,medical,MORTGAGE,1
L02389,44,81324,19458,12,11.22,332,8,8,0.239,debt_consolidation,RENT,0
L02390,45,58232,23831,12,11.45,788,3,6,0.409,home_improvement,RENT,0
L02391,40,59538,10783,12,22.02,487,25,6,0.181,education,RENT,0
L02392,26,77698,13170,12,13.09,757,19,2,0.17,education,MORTGAGE,0
L02393,53,57819,16609,48,20.01,350,7,3,0.287,education,RENT,0
L02394,22,47456,42090,36,9.5,570,26,6,0.887,education,MORTGAGE,0
L02395,44,55708,46942,12,23.03,763,3,3,0.843,vacation,MORTGAGE,0
L02396,58,80077,25035,48,15.92,342,8,7,0.313,car,MORTGAGE,0
L02397,29,55959,18208,24,19.43,838,10,5,0.325,debt_consolidation,RENT,0
L02398,34,42951,37178,12,6.7,420,23,4,0.866,medical,MORTGAGE,0
L02399,29,57646,15636,48,14.36,615,4,8,0.271,home_improvement,MORTGAGE,0
L02400,44,66812,11039,60,22.12,414,8,2,0.165,debt_consolidation,RENT,0
L02401,64,64652,16990,24,21.66,753,7,3,0.263,vacation,RENT,0
L02402,22,64950,8441,36,5.89,819,29,4,0.13,vacation,MORTGAGE,0
L02403,45,40119,10685,12,10.77,636,25,6,0.266,medical,MORTGAGE,0
L02404,56,68861,15778,12,13.42,539,3,5,0.229,debt_consolidation,RENT,0
L02405,45,55512,47959,48,8.27,685,19,5,0.864,education,RENT,1
L02406,38,42187,28862,36,18.87,444,0,7,0.684,debt_consolidation,OWN,0
L02407,26,68718,29273,60,8.51,676,19,8,0.426,debt_consolidation,MORTGAGE,0
L02408,41,46834,30413,24,11.59,303,27,6,0.649,vacation,MORTGAGE,0
L02409,42,26662,44500,36,17.6,627,12,3,1.669,debt_consolidation,RENT,0
L02410,61,36989,5956,12,14.16,496,23,4,0.161,education,RENT,0
L02411,52,51730,8553,48,19.03,688,27,1,0.165,debt_consolidation,MORTGAGE,0
L02412,57,65409,25253,60,23.26,560,27,5,0.386,debt_consolidation,MORTGAGE,0
L02413,32,39446,25915,48,7.21,393,4,8,0.657,debt_consolidation,MORTGAGE,0
L02414,36,50668,4365,24,18.48,556,21,3,0.086,education,MORTGAGE,0
L02415,40,33101,8668,36,9.38,435,19,4,0.262,education,RENT,0
L02416,28,72676,7000,48,12.88,824,29,4,0.096,medical,MORTGAGE,0
L02417,49,85911,5675,48,5.62,797,20,6,0.066,vacation,RENT,0
L02418,64,83967,14907,12,7.58,477,9,9,0.178,car,MORTGAGE,0
L02419,26,72369,19336,48,11.08,411,15,3,0.267,medical,OWN,0
L02420,26,70525,21684,60,11.5,563,7,4,0.307,education,MORTGAGE,0
L02421,51,17706,30311,36,22.09,713,11,6,1.712,debt_consolidation,MORTGAGE,0
L02422,53,58189,17136,24,19.09,668,24,6,0.294,car,RENT,0
L02423,29,46070,45923,48,23.47,677,2,7,0.997,home_improvement,RENT,1
L02424,31,70848,14219,60,16.38,682,25,1,0.201,car,OWN,0
L02425,59,15000,5247,24,9.59,810,3,9,0.35,medical,MORTGAGE,0
L02426,53,58473,6415,60,11.23,676,16,2,0.11,vacation,MORTGAGE,0
L02427,49,51140,8472,48,11.08,844,26,4,0.166,medical,MORTGAGE,0
L02428,38,75131,24380,48,11.2,372,20,3,0.324,vacation,OWN,0
L02429,52,82863,39616,36,17.79,803,19,3,0.478,vacation,RENT,0
L02430,29,38280,29280,12,15.09,651,21,5,0.765,education,RENT,0
L02431,61,39093,23859,60,12.32,624,21,7,0.61,vacation,RENT,0
L02432,46,59148,35805,12,7.83,687,12,7,0.605,home_improvement,MORTGAGE,0
L02433,30,86207,10262,12,5.42,539,25,7,0.119,car,MORTGAGE,0
L02434,23,56082,13066,24,9.16,373,5,3,0.233,medical,RENT,0
L02435,36,31975,17554,24,7.04,330,2,9,0.549,medical,MORTGAGE,0
L02436,24,44094,9008,60,19.92,778,13,6,0.204,vacation,RENT,0
L02437,57,58647,24315,12,7.14,313,6,8,0.415,education,RENT,0
L02438,25,59323,17263,36,18.76,615,2,1,0.291,home_improvement,OWN,0
L02439,35,42326,18238,12,12.33,367,5,4,0.431,home_improvement,RENT,1
L02440,62,43735,40410,24,6.39,837,28,7,0.924,debt_consolidation,MORTGAGE,0
L02441,62,37331,18489,12,20.44,590,12,9,0.495,home_improvement,OWN,0
L02442,46,75541,19153,48,16.01,323,13,3,0.254,vacation,RENT,0
L02443,31,39974,49299,48,9.48,714,14,6,1.233,vacation,MORTGAGE,0
L02444,42,46633,45152,36,22.0,335,25,8,0.968,car,MORTGAGE,0
L02445,57,46121,26283,60,5.86,400,15,3,0.57,vacation,OWN,0
L02446,33,26092,48429,12,8.83,845,0,6,1.856,car,RENT,0
L02447,48,39458,13687,48,19.29,338,14,9,0.347,home_improvement,RENT,0
L02448,61,77106,24998,60,18.48,510,29,9,0.324,debt_consolidation,RENT,0
L02449,23,33232,30887,48,10.5,471,23,6,0.929,education,RENT,0
L02450,34,37654,48172,60,6.18,741,6,5,1.279,medical,MORTGAGE,0
L02451,53,31014,6355,60,21.3,358,27,1,0.205,vacation,RENT,0
L02452,52,53368,35701,48,10.96,709,8,3,0.669,home_improvement,OWN,0
L02453,37,88938,43534,24,8.72,833,14,3,0.489,vacation,MORTGAGE,0
L02454,53,52611,7906,60,14.81,664,13,4,0.15,car,MORTGAGE,0
L02455,53,56201,14572,12,22.29,666,18,5,0.259,home_improvement,RENT,0
L02456,55,40681,14279,48,5.83,643,27,8,0.351,medical,RENT,0
L02457,32,53890,45491,24,19.55,595,23,9,0.844,car,RENT,0
L02458,31,77122,12611,48,15.88,640,17,7,0.164,home_improvement,RENT,0
L02459,36,57572,10261,36,13.08,822,8,6,0.178,education,RENT,0
L02460,38,93371,6474,12,19.14,564,0,3,0.069,education,OWN,0
L02461,61,77670,27878,36,23.35,823,11,9,0.359,medical,RENT,0
L02462,39,53446,30390,60,9.35,337,9,1,0.569,education,RENT,0
L02463,30,53095,28925,60,7.73,430,6,9,0.545,car,RENT,0
L02464,46,84356,18638,36,22.34,681,13,3,0.221,medical,MORTGAGE,0
L02465,61,57471,25471,36,17.71,524,25,9,0.443,home_improvement,OWN,0
L02466,35,80360,6787,60,13.32,442,29,1,0.084,car,MORTGAGE,0
L02467,46,91052,48343,24,15.89,730,0,8,0.531,education,RENT,0
L02468,43,51324,9862,12,19.17,688,14,6,0.192,debt_consolidation,MORTGAGE,0
L02469,51,61335,45724,48,19.69,353,21,9,0.745,vacation,RENT,0
L02470,41,72640,12663,36,22.48,323,0,4,0.174,education,RENT,0
L02471,42,68815,18120,12,13.11,694,12,5,0.263,debt_consolidation,MORTGAGE,0
L02472,53,68688,24740,48,10.57,418,19,6,0.36,medical,MORTGAGE,0
L02473,42,30997,38510,48,17.15,484,22,9,1.242,home_improvement,MORTGAGE,0
L02474,56,39728,4035,36,12.9,491,1,6,0.102,vacation,MORTGAGE,0
L02475,53,46085,36735,24,16.3,786,2,9,0.797,home_improvement,RENT,0
L02476,51,76859,3852,24,12.98,683,3,2,0.05,medical,RENT,0
L02477,60,32763,45315,12,7.91,645,15,4,1.383,home_improvement,OWN,0
L02478,33,82418,41386,12,13.92,772,21,3,0.502,car,RENT,0
L02479,62,69037,48627,60,18.13,302,28,4,0.704,car,MORTGAGE,1
L02480,39,75776,10303,24,20.19,349,11,1,0.136,education,OWN,0
L02481,42,38268,46118,12,14.37,803,24,2,1.205,education,MORTGAGE,0
L02482,34,56301,2164,60,8.14,510,3,4,0.038,education,OWN,0
L02483,42,60380,41726,48,12.88,827,21,4,0.691,education,OWN,0
L02484,29,59589,36905,12,19.94,582,11,5,0.619,medical,RENT,0
L02485,61,60321,12215,60,12.84,678,6,9,0.202,home_improvement,RENT,0
L02486,28,50022,32694,24,18.23,625,19,1,0.654,education,MORTGAGE,0
L02487,44,57433,33253,48,14.64,597,21,8,0.579,medical,MORTGAGE,0
L02488,53,73604,26230,12,9.58,437,2,3,0.356,vacation,RENT,0
L02489,32,34002,18925,24,20.13,424,4,9,0.557,education,MORTGAGE,1
L02490,43,82846,8033,48,6.6,691,11,8,0.097,home_improvement,OWN,0
L02491,43,72674,4665,36,14.97,701,11,8,0.064,car,MORTGAGE,0
L02492,64,37626,29025,24,8.97,779,26,9,0.771,debt_consolidation,RENT,0
L02493,46,61909,25533,36,6.27,700,25,4,0.412,car,OWN,0
L02494,43,71226,47897,12,14.56,661,19,5,0.672,home_improvement,RENT,0
L02495,49,32764,14125,60,14.49,365,22,7,0.431,home_improvement,OWN,0
L02496,50,55755,22998,12,18.43,727,21,2,0.412,home_improvement,RENT,0
L02497,34,53586,40957,24,19.15,820,6,7,0.764,home_improvement,OWN,0
L02498,39,43379,25057,36,18.83,731,21,3,0.578,education,OWN,0
L02499,23,56662,15708,36,12.78,404,11,6,0.277,vacation,RENT,0
L02500,50,44194,20072,48,17.0,388,1,6,0.454,debt_consolidation,MORTGAGE,0
L02501,42,79737,7095,12,15.96,305,13,6,0.089,education,MORTGAGE,0
L02502,36,43720,33495,12,13.01,457,22,2,0.766,car,MORTGAGE,0
L02503,48,69255,49177,24,16.35,678,15,9,0.71,vacation,RENT,0
L02504,52,25203,42351,36,23.0,629,23,8,1.68,medical,RENT,1
L02505,36,52087,3637,24,8.66,402,6,7,0.07,home_improvement,OWN,0
L02506,44,55221,16670,24,22.21,522,3,9,0.302,car,RENT,0
L02507,45,51502,40734,36,6.02,701,19,4,0.791,medical,OWN,0
L02508,34,47866,39438,24,10.86,844,27,2,0.824,debt_consolidation,RENT,0
L02509,43,42984,30658,36,10.47,808,4,4,0.713,car,RENT,0
L02510,64,68581,7203,24,16.9,483,13,3,0.105,vacation,RENT,0
L02511,58,72990,23518,60,7.49,386,8,2,0.322,education,RENT,0
L02512,54,53521,10669,24,21.76,679,4,2,0.199,medical,MORTGAGE,0
L02513,24,35260,49736,24,20.74,837,1,8,1.411,car,MORTGAGE,0
L02514,40,87291,4366,60,17.39,712,4,5,0.05,education,OWN,0
L02515,44,39163,20910,12,13.71,817,28,6,0.534,education,RENT,0
L02516,50,28730,33087,36,22.73,594,2,8,1.152,education,MORTGAGE,0
L02517,51,18772,2366,48,20.78,559,9,7,0.126,vacation,MORTGAGE,0
L02518,60,56790,11907,60,14.49,683,7,7,0.21,home_improvement,MORTGAGE,0
L02519,46,51086,41374,12,18.34,603,25,7,0.81,car,OWN,0
L02520,58,73557,32289,24,15.77,615,9,7,0.439,education,RENT,0
L02521,29,65999,34780,12,16.17,376,28,8,0.527,home_improvement,RENT,0
L02522,63,60223,21623,60,11.29,678,1,1,0.359,education,MORTGAGE,0
L02523,37,50115,37085,24,13.78,760,13,3,0.74,medical,MORTGAGE,0
L02524,29,74979,22426,12,6.48,355,26,1,0.299,medical,RENT,0
L02525,22,88613,9485,48,11.79,380,3,8,0.107,medical,RENT,0
L02526,26,73161,35024,36,18.22,475,20,2,0.479,home_improvement,OWN,0
L02527,24,46656,27469,36,23.11,682,11,7,0.589,home_improvement,MORTGAGE,0
L02528,22,69068,17903,60,23.3,448,19,6,0.259,education,MORTGAGE,0
L02529,25,47762,5212,24,15.56,580,28,1,0.109,vacation,OWN,0
L02530,61,35108,40943,24,16.53,644,13,6,1.166,car,RENT,0
L02531,56,38817,29799,36,8.53,708,15,9,0.768,vacation,RENT,0
L02532,53,48552,48339,12,18.21,329,4,3,0.996,home_improvement,MORTGAGE,1
L02533,63,56871,18087,24,6.34,721,25,7,0.318,car,MORTGAGE,0
L02534,55,92090,9446,48,10.41,530,15,4,0.103,medical,RENT,0
L02535,64,39129,31281,48,17.7,658,26,1,0.799,vacation,RENT,0
L02536,46,78822,16877,24,10.9,461,28,7,0.214,vacation,MORTGAGE,0
L02537,31,49289,26723,24,5.95,527,3,1,0.542,vacation,RENT,1
L02538,42,18705,14943,36,20.81,520,28,4,0.799,home_improvement,OWN,1
L02539,60,45896,12306,60,10.9,372,2,9,0.268,car,OWN,0
L02540,48,76180,38784,36,6.2,698,0,5,0.509,medical,MORTGAGE,0
L02541,48,61204,22455,60,6.42,394,29,7,0.367,home_improvement,MORTGAGE,0
L02542,23,62280,26491,48,9.78,774,3,7,0.425,medical,RENT,0
L02543,62,78913,7912,60,8.38,394,8,3,0.1,debt_consolidation,OWN,0
L02544,34,36345,31974,36,19.71,423,0,8,0.88,debt_consolidation,RENT,0
L02545,30,36068,29371,24,11.11,799,15,1,0.814,medical,MORTGAGE,0
L02546,57,15000,35210,60,20.29,347,22,4,2.347,debt_consolidation,MORTGAGE,0
L02547,43,70787,37712,36,8.3,394,2,4,0.533,car,RENT,0
L02548,63,65124,5936,48,14.36,776,23,2,0.091,car,RENT,0
L02549,47,68031,35166,60,18.07,332,5,6,0.517,home_improvement,RENT,0
L02550,33,33705,27727,48,17.39,417,12,1,0.823,medical,OWN,0
L02551,38,26123,30368,48,16.42,550,16,3,1.163,home_improvement,RENT,0
L02552,35,31246,4995,12,22.57,602,14,9,0.16,car,MORTGAGE,0
L02553,35,38393,41097,60,9.34,421,25,6,1.07,car,MORTGAGE,0
L02554,55,82971,36984,36,14.38,517,20,2,0.446,car,OWN,0
L02555,41,73002,46291,60,21.8,352,29,9,0.634,vacation,MORTGAGE,0
L02556,32,46752,28563,60,6.48,425,11,2,0.611,debt_consolidation,RENT,0
L02557,37,60386,24150,48,6.06,458,28,7,0.4,home_improvement,MORTGAGE,0
L02558,52,42789,24061,48,9.43,475,7,1,0.562,home_improvement,RENT,0
L02559,27,61557,31178,48,17.03,591,26,5,0.506,car,RENT,0
L02560,40,34514,37336,48,9.94,458,15,7,1.082,vacation,RENT,0
L02561,58,68504,2160,36,8.61,790,2,3,0.032,home_improvement,OWN,0
L02562,25,39705,17648,24,13.72,656,27,4,0.444,education,RENT,0
L02563,25,69506,42835,12,16.66,536,27,5,0.616,home_improvement,OWN,0
L02564,41,47306,38672,48,9.72,727,3,3,0.817,vacation,RENT,0
L02565,31,40778,5573,48,10.71,424,6,6,0.137,car,MORTGAGE,0
L02566,45,84033,36593,12,16.66,614,14,3,0.435,vacation,OWN,0
L02567,56,58185,15786,48,22.97,578,10,8,0.271,debt_consolidation,OWN,0
L02568,47,49200,30500,24,17.82,404,15,7,0.62,home_improvement,MORTGAGE,0
L02569,58,68647,11815,60,19.88,341,21,1,0.172,debt_consolidation,MORTGAGE,0
L02570,59,30880,23966,12,11.97,696,13,2,0.776,home_improvement,RENT,0
L02571,42,74923,15794,36,10.17,759,22,4,0.211,debt_consolidation,OWN,0
L02572,61,52489,33423,12,13.63,790,12,5,0.637,home_improvement,OWN,0
L02573,60,65814,35944,24,20.34,467,8,4,0.546,education,RENT,0
L02574,42,27138,23302,36,13.67,473,24,4,0.859,car,RENT,0
L02575,31,48116,23264,60,21.09,671,17,9,0.483,education,RENT,0
L02576,59,55082,21604,48,23.79,449,2,4,0.392,medical,MORTGAGE,0
L02577,25,73545,29835,12,6.37,548,19,4,0.406,vacation,RENT,0
L02578,41,67247,9820,36,5.86,479,21,4,0.146,home_improvement,RENT,0
L02579,38,47935,3499,12,7.84,419,4,2,0.073,vacation,RENT,0
L02580,28,60723,25814,60,12.3,327,21,8,0.425,home_improvement,MORTGAGE,0
L02581,25,77618,26089,12,7.49,416,26,4,0.336,medical,OWN,0
L02582,50,51400,9626,36,21.54,561,23,5,0.187,car,MORTGAGE,0
L02583,35,49440,34746,24,5.44,337,1,8,0.703,car,RENT,0
L02584,24,20985,18137,36,11.0,496,21,4,0.864,vacation,MORTGAGE,0
L02585,45,49976,23260,12,8.51,824,24,5,0.465,education,OWN,0
L02586,58,23686,38476,60,22.7,736,20,5,1.624,medical,OWN,0
L02587,37,52941,28283,48,17.72,709,16,6,0.534,vacation,MORTGAGE,0
L02588,25,72786,3769,48,22.33,632,15,7,0.052,car,MORTGAGE,0
L02589,45,16846,44278,60,23.47,830,28,3,2.628,debt_consolidation,MORTGAGE,0
L02590,55,77215,48994,12,14.44,764,23,3,0.635,vacation,MORTGAGE,0
L02591,51,49055,17634,60,9.45,457,19,9,0.359,home_improvement,OWN,0
L02592,39,54511,41499,12,8.68,459,23,1,0.761,car,RENT,0
L02593,40,45956,12965,36,9.24,633,12,8,0.282,home_improvement,RENT,0
L02594,52,24161,29566,24,18.46,675,19,3,1.224,medical,OWN,0
L02595,40,40906,35143,12,5.77,378,10,5,0.859,education,OWN,0
L02596,40,92753,21420,48,5.98,496,7,3,0.231,education,RENT,0
L02597,43,35271,27236,48,16.55,419,24,1,0.772,car,MORTGAGE,0
L02598,45,26406,8218,24,17.2,525,20,5,0.311,car,RENT,0
L02599,33,57543,10495,12,17.64,709,4,8,0.182,education,RENT,0
L02600,51,53456,35853,24,12.07,837,1,5,0.671,vacation,RENT,0
L02601,59,49180,15073,36,20.31,638,24,4,0.306,education,MORTGAGE,0
L02602,52,55260,13371,24,15.14,836,26,9,0.242,education,MORTGAGE,0
L02603,57,66595,19594,36,7.0,519,3,1,0.294,vacation,OWN,0
L02604,40,44431,13226,48,20.14,592,2,5,0.298,home_improvement,MORTGAGE,0
L02605,57,58499,12046,36,23.11,503,1,1,0.206,vacation,MORTGAGE,0
L02606,51,73429,45809,12,6.14,813,2,6,0.624,debt_consolidation,MORTGAGE,0
L02607,54,37084,39117,12,12.44,501,15,9,1.055,car,RENT,0
L02608,39,15000,6965,12,14.26,331,19,2,0.464,education,OWN,0
L02609,49,67074,48260,12,7.78,388,8,4,0.72,medical,RENT,1
L02610,32,100053,15336,60,21.49,501,5,8,0.153,car,MORTGAGE,0
L02611,54,54867,21843,36,10.4,592,25,3,0.398,education,MORTGAGE,0
L02612,38,58634,19373,12,19.88,414,14,7,0.33,home_improvement,MORTGAGE,0
L02613,27,49675,47452,24,17.75,521,4,7,0.955,education,OWN,0
L02614,25,83585,8654,24,16.36,481,28,2,0.104,vacation,OWN,0
L02615,41,53600,33280,60,8.65,768,8,4,0.621,car,RENT,0
L02616,48,51641,42110,36,9.19,725,23,1,0.815,vacation,RENT,0
L02617,36,71395,24407,36,5.9,359,5,8,0.342,education,OWN,0
L02618,27,46283,4358,36,9.57,784,2,9,0.094,home_improvement,RENT,0
L02619,35,31875,28583,60,11.56,310,22,1,0.897,vacation,MORTGAGE,0
L02620,32,70881,30706,36,20.83,684,12,7,0.433,medical,RENT,0
L02621,60,44352,8360,36,11.96,709,25,1,0.188,education,MORTGAGE,0
L02622,30,37441,5743,12,19.34,341,21,1,0.153,home_improvement,MORTGAGE,0
L02623,47,92800,9159,36,13.35,422,27,9,0.099,car,RENT,0
L02624,37,51785,34151,12,19.91,551,14,6,0.659,car,RENT,0
L02625,26,63896,2518,12,23.55,783,10,1,0.039,medical,MORTGAGE,0
L02626,31,55531,18652,36,9.56,512,29,7,0.336,debt_consolidation,MORTGAGE,0
L02627,24,39046,14925,24,21.38,567,15,3,0.382,vacation,RENT,0
L02628,34,67409,49578,48,16.81,839,14,4,0.735,education,RENT,0
L02629,64,60662,7475,24,20.53,434,23,4,0.123,car,MORTGAGE,0
L02630,51,43131,38953,36,17.38,797,27,8,0.903,education,RENT,0
L02631,27,62797,39929,36,13.06,425,5,1,0.636,medical,RENT,0
L02632,38,45742,44348,24,9.33,658,13,8,0.97,vacation,MORTGAGE,0
L02633,40,35119,11886,36,6.33,802,10,9,0.338,home_improvement,MORTGAGE,0
L02634,63,33297,13465,12,15.17,617,25,7,0.404,education,OWN,0
L02635,56,59861,13221,60,23.82,311,19,1,0.221,medical,MORTGAGE,1
L02636,47,48110,26395,36,19.02,776,9,7,0.549,home_improvement,MORTGAGE,0
L02637,26,82030,4335,36,11.22,593,15,6,0.053,home_improvement,MORTGAGE,0
L02638,50,54226,38442,24,20.72,739,11,5,0.709,home_improvement,RENT,0
L02639,58,40866,6576,12,19.61,815,6,5,0.161,vacation,RENT,0
L02640,41,57840,49740,24,10.35,690,6,1,0.86,debt_consolidation,RENT,0
L02641,42,31703,2500,24,5.27,615,26,6,0.079,education,RENT,0
L02642,31,53485,28675,36,7.25,307,23,4,0.536,home_improvement,MORTGAGE,0
L02643,26,60745,10083,12,21.67,807,17,1,0.166,car,MORTGAGE,0
L02644,57,58522,43062,36,20.89,423,14,8,0.736,vacation,MORTGAGE,1
L02645,27,78450,17720,36,10.61,671,26,8,0.226,vacation,OWN,0
L02646,47,101755,7543,36,10.42,613,5,4,0.074,home_improvement,MORTGAGE,0
L02647,25,67085,5276,36,20.06,484,29,7,0.079,car,OWN,0
L02648,60,76218,32635,60,22.82,846,18,3,0.428,medical,RENT,0
L02649,60,100782,26180,48,19.8,824,7,8,0.26,vacation,OWN,0
L02650,56,36887,8613,12,16.51,338,19,7,0.233,home_improvement,OWN,0
L02651,22,57351,46497,60,9.61,383,14,5,0.811,education,RENT,0
L02652,45,46396,3327,48,14.99,320,29,5,0.072,home_improvement,RENT,0
L02653,57,70167,42540,48,9.44,552,3,9,0.606,education,RENT,0
L02654,27,59889,12666,48,20.35,602,17,6,0.211,education,OWN,0
L02655,62,40268,28255,60,12.35,557,12,6,0.702,debt_consolidation,RENT,0
L02656,52,55197,22130,12,20.84,841,21,2,0.401,debt_consolidation,MORTGAGE,0
L02657,41,73844,24068,24,12.25,760,21,5,0.326,medical,RENT,0
L02658,45,31532,20946,48,20.66,523,0,4,0.664,medical,RENT,0
L02659,46,40647,22547,24,11.33,391,27,3,0.555,education,MORTGAGE,0
L02660,57,37949,21701,24,13.36,579,7,9,0.572,medical,OWN,0
L02661,42,60875,7769,36,16.69,469,18,7,0.128,medical,RENT,0
L02662,51,77329,26883,24,6.34,547,16,4,0.348,home_improvement,MORTGAGE,1
L02663,45,18824,15663,36,23.02,660,9,9,0.832,home_improvement,RENT,0
L02664,63,56699,40686,12,15.9,648,0,9,0.718,home_improvement,MORTGAGE,0
L02665,51,38364,39323,12,14.65,734,0,7,1.025,car,OWN,0
L02666,43,73097,37162,36,20.95,705,20,5,0.508,education,RENT,0
L02667,49,50734,24852,12,21.45,377,4,9,0.49,medical,OWN,0
L02668,28,57352,22388,48,14.92,757,0,7,0.39,car,RENT,0
L02669,56,54975,35434,12,22.62,691,20,9,0.645,vacation,RENT,0
L02670,49,75235,24102,36,6.23,313,22,3,0.32,education,RENT,0
L02671,35,91875,23536,48,7.15,344,20,9,0.256,vacation,RENT,0
L02672,31,34576,14355,24,16.34,337,24,1,0.415,home_improvement,MORTGAGE,0
L02673,37,37853,4234,24,11.73,715,19,5,0.112,vacation,MORTGAGE,1
L02674,37,60786,41103,24,13.82,544,12,2,0.676,home_improvement,MORTGAGE,0
L02675,52,40304,33147,36,11.23,361,8,1,0.822,education,RENT,0
L02676,63,71804,25659,24,12.69,792,15,3,0.357,education,MORTGAGE,0
L02677,46,74694,46271,12,20.63,622,27,7,0.619,medical,RENT,0
L02678,34,45161,41127,24,16.28,551,7,3,0.911,car,OWN,0
L02679,27,41256,18560,60,23.95,767,13,9,0.45,home_improvement,MORTGAGE,0
L02680,30,50053,48644,60,19.95,360,28,3,0.972,debt_consolidation,RENT,0
L02681,57,56872,25088,24,10.2,418,16,6,0.441,debt_consolidation,MORTGAGE,0
L02682,64,60667,4928,24,10.02,386,28,2,0.081,medical,MORTGAGE,0
L02683,41,15000,42385,60,11.38,379,3,8,2.826,car,MORTGAGE,1
L02684,39,37585,42382,24,21.02,527,6,5,1.128,home_improvement,MORTGAGE,0
L02685,64,47726,30184,48,5.52,782,16,2,0.632,medical,MORTGAGE,0
L02686,42,40654,22099,60,9.37,609,27,7,0.544,car,MORTGAGE,0
L02687,25,15000,6274,36,22.19,784,23,3,0.418,debt_consolidation,MORTGAGE,0
L02688,54,21009,26970,60,17.16,324,15,5,1.284,home_improvement,RENT,1
L02689,48,31503,27744,12,9.31,501,13,9,0.881,car,OWN,0
L02690,28,52924,39739,48,9.16,524,15,1,0.751,vacation,RENT,0
L02691,27,47148,10389,36,21.39,809,26,2,0.22,home_improvement,MORTGAGE,0
L02692,36,43631,19352,24,21.98,819,1,5,0.444,vacation,MORTGAGE,0
L02693,39,69337,23148,12,9.87,482,23,4,0.334,education,OWN,0
L02694,53,69330,33828,12,12.99,376,14,1,0.488,education,MORTGAGE,0
L02695,32,57698,4504,48,20.86,725,10,7,0.078,education,MORTGAGE,0
L02696,41,57162,40774,36,19.65,366,12,9,0.713,medical,RENT,0
L02697,45,39580,30743,12,20.46,793,3,1,0.777,car,OWN,0
L02698,36,41734,30894,36,14.85,846,23,8,0.74,education,OWN,0
L02699,28,24262,32995,36,22.32,376,0,9,1.36,car,MORTGAGE,1
L02700,42,50486,42711,12,11.19,354,14,2,0.846,car,RENT,0
L02701,63,69143,19748,36,7.98,772,11,1,0.286,car,MORTGAGE,0
L02702,47,79377,25100,48,18.47,546,20,6,0.316,home_improvement,RENT,0
L02703,35,50593,35691,12,15.25,738,8,7,0.705,vacation,RENT,0
L02704,58,63850,24981,48,21.24,613,6,2,0.391,vacation,RENT,0
L02705,42,15000,34708,48,6.54,619,2,5,2.314,medical,RENT,1
L02706,39,47207,12246,36,21.03,519,15,5,0.259,education,RENT,0
L02707,26,46785,47243,36,10.57,670,3,7,1.01,medical,OWN,0
L02708,24,81841,34486,12,17.44,515,25,1,0.421,car,MORTGAGE,0
L02709,44,62072,32340,24,5.76,348,22,8,0.521,debt_consolidation,RENT,0
L02710,47,63896,21338,12,16.58,762,13,5,0.334,debt_consolidation,OWN,0
L02711,58,62961,5086,48,18.63,417,21,3,0.081,car,OWN,0
L02712,45,55817,27535,36,12.01,381,12,9,0.493,education,RENT,0
L02713,40,82582,16860,48,9.09,562,28,3,0.204,vacation,RENT,0
L02714,46,15000,19013,60,15.21,795,19,7,1.268,medical,MORTGAGE,0
L02715,42,57631,9407,60,20.83,475,18,7,0.163,home_improvement,RENT,0
L02716,33,75336,35542,48,11.15,388,26,8,0.472,debt_consolidation,RENT,0
L02717,62,20954,26935,24,9.8,658,1,8,1.285,medical,MORTGAGE,0
L02718,54,70082,43477,24,10.3,585,9,4,0.62,debt_consolidation,MORTGAGE,0
L02719,25,41299,36111,12,23.03,596,27,1,0.874,vacation,OWN,0
L02720,63,56976,12161,12,11.83,559,24,4,0.213,vacation,OWN,0
L02721,28,40953,25581,12,5.07,774,18,6,0.625,car,MORTGAGE,0
L02722,43,72264,34277,36,19.85,835,14,6,0.474,car,MORTGAGE,0
L02723,54,49809,23400,24,18.29,336,6,6,0.47,debt_consolidation,RENT,0
L02724,38,70224,13419,48,7.44,480,14,7,0.191,debt_consolidation,OWN,0
L02725,45,62835,42565,60,23.71,324,16,1,0.677,medical,OWN,1
L02726,55,40711,21283,24,16.55,648,23,1,0.523,car,RENT,0
L02727,49,64033,2934,24,14.51,842,15,7,0.046,vacation,MORTGAGE,0
L02728,64,43055,36754,24,12.26,526,16,4,0.854,education,RENT,1
L02729,62,56154,23380,12,22.07,647,27,6,0.416,medical,RENT,1
L02730,60,49481,16016,36,9.64,337,15,6,0.324,medical,MORTGAGE,0
L02731,43,71198,40233,48,10.43,682,17,9,0.565,home_improvement,RENT,0
L02732,38,64725,24695,12,7.33,535,16,2,0.382,education,RENT,0
L02733,55,54447,26952,36,19.42,480,3,4,0.495,vacation,MORTGAGE,0
L02734,27,42657,44734,24,16.32,413,1,4,1.049,medical,RENT,0
L02735,27,32158,17721,36,16.57,605,16,7,0.551,education,MORTGAGE,0
L02736,55,57441,3505,12,9.15,431,16,1,0.061,home_improvement,RENT,0
L02737,22,43618,7363,24,17.37,647,1,5,0.169,education,RENT,0
L02738,31,21196,45614,12,19.54,479,21,4,2.152,car,RENT,0
L02739,42,31059,3010,48,11.8,714,1,2,0.097,vacation,MORTGAGE,0
L02740,26,84265,49692,24,20.23,684,28,5,0.59,car,RENT,0
L02741,23,43120,48250,36,11.63,811,14,9,1.119,home_improvement,OWN,0
L02742,43,74478,21861,12,19.4,342,28,8,0.294,vacation,MORTGAGE,1
L02743,23,48580,26125,60,5.64,779,27,9,0.538,debt_consolidation,MORTGAGE,0
L02744,31,77312,11369,36,15.47,417,27,7,0.147,debt_consolidation,MORTGAGE,0
L02745,55,76008,5857,36,23.42,360,15,7,0.077,debt_consolidation,RENT,0
L02746,37,40137,28671,24,23.64,487,10,2,0.714,education,OWN,0
L02747,60,19216,11864,36,10.35,752,28,3,0.617,medical,MORTGAGE,0
L02748,43,20740,34490,12,13.39,486,1,8,1.663,education,MORTGAGE,0
L02749,33,40444,12120,60,6.2,763,7,2,0.3,education,MORTGAGE,0
L02750,45,89013,22223,48,21.59,463,20,7,0.25,education,MORTGAGE,0
L02751,61,47609,34150,60,15.8,723,29,6,0.717,education,MORTGAGE,0
L02752,59,57614,46138,12,12.32,401,23,4,0.801,debt_consolidation,RENT,0
L02753,31,78460,4553,24,7.14,566,11,4,0.058,medical,MORTGAGE,0
L02754,56,56985,17489,12,22.99,452,13,3,0.307,medical,MORTGAGE,0
L02755,53,56366,6389,36,15.07,728,27,6,0.113,home_improvement,MORTGAGE,0
L02756,28,66207,23950,24,10.38,726,13,3,0.362,debt_consolidation,MORTGAGE,0
L02757,42,60201,13089,48,11.65,835,23,9,0.217,vacation,OWN,0
L02758,41,53209,43999,48,10.14,632,11,4,0.827,education,MORTGAGE,0
L02759,47,42013,5051,12,16.43,739,1,4,0.12,medical,RENT,0
L02760,25,56412,40090,36,22.67,423,13,2,0.711,home_improvement,OWN,0
L02761,43,74699,30805,48,21.28,601,22,2,0.412,medical,OWN,0
L02762,36,87076,31442,60,13.75,648,24,7,0.361,vacation,MORTGAGE,0
L02763,61,60260,46557,24,20.7,548,11,5,0.773,vacation,MORTGAGE,0
L02764,42,68592,4555,60,13.04,570,23,3,0.066,debt_consolidation,MORTGAGE,0
L02765,36,59855,14767,48,9.79,728,28,6,0.247,medical,RENT,0
L02766,43,53428,2458,48,23.68,546,8,6,0.046,vacation,RENT,0
L02767,49,64256,18066,12,10.77,780,28,1,0.281,car,MORTGAGE,0
L02768,35,76407,6721,12,11.15,397,7,3,0.088,vacation,RENT,0
L02769,48,39045,14446,24,23.8,628,19,5,0.37,vacation,RENT,0
L02770,62,28874,8304,12,7.54,724,15,7,0.288,medical,MORTGAGE,0
L02771,61,45405,48333,36,19.45,723,9,4,1.064,education,RENT,0
L02772,49,58809,44967,24,22.78,304,6,8,0.765,vacation,RENT,0
L02773,47,70657,36688,36,14.72,758,14,3,0.519,home_improvement,OWN,0
L02774,23,37188,15227,12,5.05,797,24,6,0.409,education,MORTGAGE,0
L02775,46,15000,42462,24,12.13,386,8,6,2.831,vacation,MORTGAGE,1
L02776,24,45829,8298,48,7.12,701,3,9,0.181,car,MORTGAGE,0
L02777,29,51509,41397,60,12.91,592,22,4,0.804,vacation,MORTGAGE,0
L02778,54,34079,47487,48,20.01,580,5,7,1.393,debt_consolidation,RENT,0
L02779,63,41390,39914,36,13.34,496,27,1,0.964,medical,MORTGAGE,0
L02780,56,70611,12306,48,13.21,382,11,1,0.174,car,RENT,0
L02781,27,56406,4589,48,15.58,326,14,2,0.081,home_improvement,RENT,0
L02782,60,61221,39078,60,16.05,434,18,4,0.638,vacation,RENT,0
L02783,44,48597,37009,60,21.27,389,25,6,0.762,vacation,MORTGAGE,0
L02784,46,41426,15601,48,10.86,505,21,4,0.377,home_improvement,MORTGAGE,0
L02785,64,48467,9711,60,20.61,326,23,6,0.2,vacation,RENT,0
L02786,40,63979,23364,48,15.75,677,1,2,0.365,debt_consolidation,OWN,0
L02787,26,28156,35706,24,10.71,714,27,9,1.268,education,MORTGAGE,0
L02788,32,84703,31610,48,10.61,526,18,3,0.373,education,RENT,0
L02789,33,65347,39069,12,11.86,367,23,7,0.598,car,MORTGAGE,0
L02790,31,45354,5970,60,16.83,661,19,1,0.132,vacation,OWN,0
L02791,29,69641,5999,60,9.39,559,19,8,0.086,home_improvement,RENT,0
L02792,45,77002,23034,36,22.49,362,1,4,0.299,home_improvement,RENT,0
L02793,49,49053,38176,36,15.92,691,14,5,0.778,car,RENT,0
L02794,62,51101,48575,12,22.48,545,26,7,0.951,debt_consolidation,MORTGAGE,0
L02795,57,81882,43730,60,5.88,577,25,3,0.534,car,MORTGAGE,0
L02796,58,93141,18632,60,11.51,646,11,9,0.2,vacation,OWN,0
L02797,42,55529,15385,36,5.43,671,28,9,0.277,education,MORTGAGE,1
L02798,29,34152,7950,36,10.17,422,0,8,0.233,debt_consolidation,MORTGAGE,0
L02799,30,46529,37694,48,21.38,356,22,1,0.81,debt_consolidation,RENT,0
L02800,36,73594,9975,60,5.7,459,13,2,0.136,home_improvement,OWN,0
L02801,61,36456,23314,60,13.29,426,3,2,0.64,debt_consolidation,MORTGAGE,1
L02802,39,51250,25398,48,7.23,610,21,3,0.496,vacation,RENT,0
L02803,63,60266,27277,60,12.92,817,23,2,0.453,vacation,RENT,0
L02804,41,38391,28761,12,20.94,564,10,1,0.749,vacation,MORTGAGE,0
L02805,27,74735,33533,36,16.84,587,6,5,0.449,education,OWN,1
L02806,33,67491,8966,36,19.0,719,12,6,0.133,medical,RENT,0
L02807,23,91171,43901,36,11.63,827,13,7,0.482,debt_consolidation,RENT,0
L02808,28,69066,8587,24,22.94,439,6,7,0.124,debt_consolidation,RENT,0
L02809,37,37703,24880,12,18.48,774,21,2,0.66,vacation,RENT,0
L02810,24,64546,7091,12,13.01,828,10,7,0.11,home_improvement,RENT,0
L02811,24,72784,43753,48,13.1,688,19,2,0.601,education,RENT,0
L02812,48,73710,33130,24,22.45,810,19,2,0.449,debt_consolidation,RENT,0
L02813,64,41016,19061,60,15.95,837,24,6,0.465,medical,OWN,0
L02814,61,38865,24293,12,18.42,512,10,6,0.625,debt_consolidation,RENT,0
L02815,59,34486,3561,24,12.92,812,20,8,0.103,car,RENT,0
L02816,54,83885,43412,24,9.25,564,8,5,0.518,medical,RENT,0
L02817,49,66211,49553,12,18.75,642,26,5,0.748,home_improvement,RENT,0
L02818,22,40218,5656,48,16.55,337,27,1,0.141,medical,RENT,0
L02819,29,57289,23618,24,14.53,532,24,4,0.412,medical,OWN,0
L02820,58,52773,22530,36,16.86,559,3,1,0.427,debt_consolidation,OWN,0
L02821,53,37493,23872,24,8.96,607,1,5,0.637,medical,RENT,0
L02822,64,55651,30330,60,20.08,702,1,8,0.545,vacation,MORTGAGE,0
L02823,58,58432,18139,12,23.02,560,24,1,0.31,education,OWN,0
L02824,25,89762,34977,60,21.93,775,8,3,0.39,medical,RENT,0
L02825,51,43197,6983,48,11.11,405,18,1,0.162,debt_consolidation,RENT,0
L02826,27,24230,41909,36,12.71,546,14,6,1.73,vacation,MORTGAGE,0
L02827,40,36118,44886,12,20.36,603,20,1,1.243,home_improvement,MORTGAGE,0
L02828,53,38932,23329,24,16.31,642,20,3,0.599,car,RENT,0
L02829,30,47315,38734,36,15.41,746,17,5,0.819,medical,RENT,0
L02830,33,36162,44837,24,22.61,337,15,5,1.24,vacation,OWN,1
L02831,32,69798,10818,48,15.18,345,1,2,0.155,vacation,OWN,1
L02832,37,34911,12918,12,14.78,519,25,3,0.37,home_improvement,RENT,0
L02833,22,55360,44418,48,5.8,555,11,9,0.802,home_improvement,OWN,0
L02834,42,91003,3250,48,6.32,436,28,1,0.036,car,RENT,0
L02835,51,64964,6758,48,5.14,530,0,1,0.104,car,RENT,0
L02836,34,63113,39131,48,22.35,337,1,2,0.62,debt_consolidation,OWN,0
L02837,55,88431,4163,24,12.76,454,13,8,0.047,car,MORTGAGE,0
L02838,25,77421,44583,60,13.9,802,26,6,0.576,car,RENT,0
L02839,49,65172,36621,24,21.06,404,6,4,0.562,vacation,MORTGAGE,0
L02840,59,49406,19137,36,16.58,554,16,7,0.387,medical,RENT,0
L02841,52,54591,34103,48,16.58,703,14,6,0.625,medical,RENT,0
L02842,48,53716,23832,36,10.63,787,16,9,0.444,education,MORTGAGE,0
L02843,26,47774,3868,24,20.84,757,8,6,0.081,car,OWN,0
L02844,46,58816,43862,48,8.15,827,12,2,0.746,education,OWN,0
L02845,24,61313,21728,24,6.01,824,1,3,0.354,education,RENT,0
L02846,54,32596,40006,48,8.64,669,26,9,1.227,debt_consolidation,RENT,0
L02847,25,84376,30029,24,10.09,401,14,7,0.356,debt_consolidation,OWN,0
L02848,46,62376,41857,12,10.36,840,19,6,0.671,medical,RENT,0
L02849,41,50269,30183,60,17.74,811,10,5,0.6,home_improvement,RENT,0
L02850,55,58981,24785,60,9.14,688,18,3,0.42,vacation,OWN,0
L02851,47,71746,20940,48,17.86,662,13,4,0.292,car,RENT,0
L02852,26,28599,7280,12,6.73,414,26,1,0.255,vacation,RENT,0
L02853,56,53108,39012,36,7.8,642,3,5,0.735,car,MORTGAGE,0
L02854,49,33654,4164,12,14.67,373,26,7,0.124,car,RENT,0
L02855,50,102826,29188,48,22.52,434,29,2,0.284,education,OWN,0
L02856,30,57487,49917,12,21.33,679,10,8,0.868,medical,MORTGAGE,0
L02857,59,33800,16088,36,23.41,789,15,6,0.476,vacation,RENT,0
L02858,27,119790,20405,48,17.36,424,22,3,0.17,vacation,RENT,0
L02859,40,45351,4821,60,17.84,337,25,2,0.106,home_improvement,OWN,0
L02860,32,51236,24516,12,16.88,609,29,8,0.478,home_improvement,OWN,0
L02861,23,52537,12473,60,16.83,405,1,4,0.237,vacation,OWN,0
L02862,30,39736,48454,60,7.8,524,1,7,1.219,home_improvement,RENT,1
L02863,42,59452,44530,24,15.33,541,8,7,0.749,home_improvement,RENT,0
L02864,45,15206,40737,36,12.34,696,21,9,2.679,car,RENT,1
L02865,55,74546,14178,12,13.41,452,26,8,0.19,medical,MORTGAGE,0
L02866,43,34699,40936,60,14.95,835,22,8,1.18,car,RENT,0
L02867,24,47524,29018,60,7.44,701,20,7,0.611,education,MORTGAGE,0
L02868,33,68527,19097,36,11.83,445,28,5,0.279,home_improvement,MORTGAGE,0
L02869,49,51319,16096,60,6.21,490,20,9,0.314,car,RENT,0
L02870,51,52056,41971,60,23.61,500,3,7,0.806,car,RENT,0
L02871,47,36782,5545,60,7.25,311,7,3,0.151,debt_consolidation,RENT,0
L02872,42,92721,26798,60,9.91,351,22,6,0.289,car,OWN,0
L02873,49,64566,2863,24,21.93,601,25,3,0.044,car,MORTGAGE,0
L02874,47,35509,18148,24,14.17,599,17,6,0.511,medical,RENT,0
L02875,54,58207,23009,48,7.58,820,14,8,0.395,vacation,RENT,0
L02876,42,34237,19809,12,12.3,439,1,9,0.579,debt_consolidation,RENT,0
L02877,56,86003,20688,36,7.2,399,21,2,0.241,debt_consolidation,RENT,0
L02878,55,58593,2653,48,8.8,784,27,6,0.045,debt_consolidation,OWN,0
L02879,62,37440,10129,24,5.99,436,10,3,0.271,education,OWN,0
L02880,39,67556,28418,24,13.33,665,16,7,0.421,debt_consolidation,RENT,0
L02881,32,49994,25118,24,20.33,833,6,4,0.502,medical,OWN,0
L02882,44,31811,2443,48,16.13,806,7,5,0.077,vacation,RENT,0
L02883,43,61858,29041,24,16.52,460,29,6,0.469,education,RENT,0
L02884,38,61351,25843,48,8.81,474,9,8,0.421,medical,RENT,1
L02885,26,75479,23053,24,11.53,387,23,2,0.305,debt_consolidation,OWN,0
L02886,32,56161,32848,60,21.06,698,2,4,0.585,vacation,RENT,0
L02887,51,56927,39874,60,6.67,779,12,4,0.7,medical,RENT,0
L02888,36,57882,39204,12,21.3,844,22,6,0.677,vacation,RENT,0
L02889,48,83715,44240,24,14.19,776,16,4,0.528,education,RENT,0
L02890,56,49418,37807,12,20.91,582,12,5,0.765,medical,RENT,0
L02891,54,63450,30213,48,11.04,751,26,5,0.476,vacation,RENT,0
L02892,41,66101,10291,12,11.44,381,18,8,0.156,medical,RENT,0
L02893,37,61295,45046,24,19.28,512,28,4,0.735,debt_consolidation,RENT,0
L02894,55,48737,18285,48,19.91,819,21,6,0.375,debt_consolidation,RENT,0
L02895,23,57170,28886,48,9.36,433,8,7,0.505,debt_consolidation,OWN,0
L02896,56,53314,15944,60,23.48,746,20,8,0.299,education,MORTGAGE,0
L02897,61,90265,37505,48,6.61,417,28,9,0.415,medical,OWN,0
L02898,49,46760,25340,48,6.3,542,15,8,0.542,vacation,RENT,0
L02899,60,38573,32025,12,16.31,449,29,4,0.83,vacation,RENT,0
L02900,27,54888,3607,48,18.73,832,4,4,0.066,home_improvement,RENT,0
L02901,30,53619,4953,36,23.26,678,8,5,0.092,car,RENT,0
L02902,41,58543,46941,60,12.69,824,27,3,0.802,debt_consolidation,RENT,0
L02903,22,46765,7933,60,5.48,812,8,2,0.17,debt_consolidation,RENT,0
L02904,29,56986,13386,48,16.46,416,5,2,0.235,debt_consolidation,MORTGAGE,0
L02905,44,57332,49989,12,10.5,616,20,9,0.872,home_improvement,RENT,0
L02906,24,71307,6682,60,13.23,311,9,8,0.094,home_improvement,MORTGAGE,0
L02907,25,56674,49621,60,14.28,389,17,6,0.876,home_improvement,MORTGAGE,0
L02908,46,56844,46052,36,6.23,687,10,9,0.81,debt_consolidation,MORTGAGE,0
L02909,59,64294,13154,48,14.23,382,23,5,0.205,vacation,MORTGAGE,0
L02910,36,70617,11047,60,13.1,695,27,1,0.156,debt_consolidation,RENT,0
L02911,42,37293,24993,60,18.54,844,23,8,0.67,home_improvement,RENT,0
L02912,56,32458,12338,60,17.27,399,14,3,0.38,home_improvement,RENT,0
L02913,35,85518,16323,60,8.52,756,6,9,0.191,car,RENT,0
L02914,57,67673,39693,12,8.92,627,13,1,0.587,medical,RENT,0
L02915,33,51051,25634,24,9.77,373,7,3,0.502,car,MORTGAGE,0
L02916,38,55354,28292,36,8.4,395,18,1,0.511,car,RENT,0
L02917,60,47933,40551,12,17.49,391,14,1,0.846,debt_consolidation,RENT,1
L02918,30,58803,47111,36,23.89,629,18,6,0.801,medical,MORTGAGE,0
L02919,56,37506,11917,60,17.39,474,17,4,0.318,medical,RENT,0
L02920,34,70123,12145,36,16.53,614,16,4,0.173,debt_consolidation,RENT,0
L02921,36,58158,31717,48,12.79,796,2,5,0.545,vacation,RENT,0
L02922,39,58809,41491,48,10.94,568,2,3,0.706,education,MORTGAGE,0
L02923,54,38909,18905,24,22.31,727,6,2,0.486,debt_consolidation,OWN,0
L02924,27,64436,32273,24,23.41,334,27,8,0.501,vacation,OWN,0
L02925,48,39322,28234,36,14.44,418,9,7,0.718,vacation,RENT,0
L02926,44,42541,15349,12,10.51,670,24,4,0.361,medical,MORTGAGE,0
L02927,48,56577,3002,12,19.63,750,27,2,0.053,debt_consolidation,RENT,0
L02928,55,100131,41034,60,7.52,608,16,9,0.41,debt_consolidation,MORTGAGE,0
L02929,59,58086,34573,12,19.55,656,14,8,0.595,medical,MORTGAGE,0
L02930,35,15000,29803,24,20.56,675,7,4,1.987,car,OWN,0
L02931,57,43434,13330,12,7.37,404,16,5,0.307,debt_consolidation,OWN,0
L02932,29,67307,28504,60,23.56,689,2,6,0.423,education,RENT,0
L02933,56,34687,16980,48,23.72,475,3,4,0.49,education,RENT,0
L02934,40,69959,9017,12,22.8,405,26,2,0.129,home_improvement,MORTGAGE,0
L02935,51,57858,43353,12,14.42,462,7,5,0.749,home_improvement,RENT,0
L02936,35,72843,18011,24,9.68,566,12,1,0.247,debt_consolidation,MORTGAGE,0
L02937,41,44940,20001,36,16.06,578,0,7,0.445,vacation,MORTGAGE,0
L02938,46,43537,19044,48,12.98,602,27,9,0.437,education,RENT,0
L02939,61,65169,40292,36,8.91,426,17,3,0.618,education,OWN,0
L02940,45,54864,7250,60,13.05,545,10,6,0.132,medical,RENT,0
L02941,35,53775,42280,60,17.61,533,20,9,0.786,education,RENT,0
L02942,47,83241,25289,36,6.35,738,5,4,0.304,vacation,RENT,0
L02943,59,65874,35087,24,11.33,436,15,6,0.533,home_improvement,RENT,0
L02944,44,19181,12416,24,5.34,448,20,3,0.647,home_improvement,MORTGAGE,0
L02945,43,69383,27159,24,19.24,355,28,9,0.391,medical,RENT,0
L02946,40,67581,38368,48,17.17,655,18,7,0.568,home_improvement,OWN,0
L02947,24,76328,7279,60,6.19,556,25,7,0.095,car,RENT,0
L02948,63,38085,27157,60,23.33,362,22,4,0.713,home_improvement,MORTGAGE,0
L02949,40,60846,17494,60,5.43,362,27,6,0.288,education,OWN,0
L02950,30,57009,47166,48,16.21,328,16,8,0.827,vacation,RENT,1
L02951,49,37762,27574,60,19.75,599,17,6,0.73,vacation,MORTGAGE,0
L02952,41,72041,27333,36,19.97,514,10,6,0.379,car,MORTGAGE,0
L02953,28,50652,35050,12,5.65,440,13,4,0.692,vacation,MORTGAGE,0
L02954,35,75749,34263,48,22.22,806,11,8,0.452,vacation,MORTGAGE,0
L02955,30,41628,34539,12,22.45,798,24,8,0.83,vacation,OWN,0
L02956,40,28709,16030,36,15.67,801,29,9,0.558,debt_consolidation,MORTGAGE,0
L02957,35,50633,24721,24,14.16,490,19,6,0.488,car,RENT,0
L02958,59,59174,7166,24,5.85,348,23,2,0.121,car,RENT,0
L02959,57,45384,9121,24,15.68,662,24,4,0.201,home_improvement,MORTGAGE,0
L02960,61,15000,16677,48,12.78,795,6,4,1.112,education,RENT,0
L02961,38,61905,33241,24,19.68,576,16,8,0.537,car,RENT,0
L02962,51,61821,18373,48,12.67,346,4,5,0.297,medical,RENT,0
L02963,30,67369,23873,48,17.99,515,21,4,0.354,car,RENT,0
L02964,54,48151,39664,12,6.93,529,13,8,0.824,medical,RENT,0
L02965,46,47169,3293,24,7.53,622,26,3,0.07,vacation,OWN,0
L02966,35,80925,24443,60,7.65,720,23,2,0.302,education,MORTGAGE,0
L02967,32,26642,41725,24,5.86,524,25,4,1.566,medical,RENT,0
L02968,56,50551,20595,24,15.29,586,12,1,0.407,education,MORTGAGE,0
L02969,62,57561,11740,24,20.09,345,23,1,0.204,education,RENT,0
L02970,35,65908,14559,60,16.6,313,28,5,0.221,debt_consolidation,RENT,0
L02971,51,58055,44741,60,15.92,674,11,1,0.771,education,OWN,0
L02972,62,38404,41044,48,17.93,632,13,4,1.069,vacation,MORTGAGE,0
L02973,25,76017,23747,60,11.45,465,24,8,0.312,medical,RENT,0
L02974,25,55034,42920,48,11.88,806,8,8,0.78,education,RENT,0
L02975,49,24975,9973,12,10.97,416,3,2,0.399,vacation,RENT,0
L02976,29,58765,17333,48,18.53,738,21,3,0.295,debt_consolidation,MORTGAGE,0
L02977,23,63554,32129,24,8.07,603,18,3,0.506,vacation,RENT,0
L02978,62,90293,2037,36,5.25,756,0,1,0.023,vacation,RENT,0
L02979,43,62357,40758,36,16.33,570,28,3,0.654,car,MORTGAGE,0
L02980,62,28323,34311,24,22.91,515,12,8,1.211,home_improvement,OWN,1
L02981,37,28955,40206,48,16.58,412,5,6,1.389,medical,MORTGAGE,0
L02982,50,77656,30207,24,19.88,315,0,5,0.389,home_improvement,MORTGAGE,1
L02983,51,40549,45624,60,17.78,515,24,9,1.125,debt_consolidation,OWN,0
L02984,33,27107,35241,48,14.45,726,26,7,1.3,debt_consolidation,OWN,0
L02985,56,73009,2058,24,18.65,434,21,6,0.028,vacation,RENT,0
L02986,32,46436,4636,60,20.66,342,16,5,0.1,home_improvement,MORTGAGE,0
L02987,42,72046,32635,60,9.27,583,26,5,0.453,medical,RENT,0
L02988,42,38535,16834,48,11.39,397,28,9,0.437,medical,MORTGAGE,0
L02989,26,81528,17577,12,9.25,359,2,6,0.216,vacation,RENT,0
L02990,41,70697,29190,12,13.59,529,16,4,0.413,medical,RENT,0
L02991,58,41991,9296,60,21.82,684,1,4,0.221,car,RENT,0
L02992,24,25112,23383,12,11.56,458,21,4,0.931,home_improvement,OWN,0
L02993,54,96492,47438,60,12.11,770,6,6,0.492,debt_consolidation,RENT,0
L02994,30,51216,26660,12,21.35,507,0,1,0.521,medical,RENT,0
L02995,30,41270,44493,60,14.79,473,25,9,1.078,medical,RENT,0
L02996,25,79953,4674,60,15.17,380,20,2,0.058,medical,RENT,0
L02997,56,72023,45833,60,21.36,317,21,2,0.636,vacation,OWN,0
L02998,38,76290,24820,60,14.32,590,14,5,0.325,debt_consolidation,RENT,0
L02999,55,53226,21504,36,17.95,659,3,4,0.404,home_improvement,RENT,0
L03000,45,88858,27666,12,6.63,578,5,3,0.311,medical,OWN,0
L03001,53,31408,45794,60,8.39,696,20,5,1.458,car,MORTGAGE,0
L03002,22,45063,4076,24,12.68,441,12,7,0.09,education,OWN,0
L03003,29,62017,39555,48,14.4,816,28,2,0.638,vacation,MORTGAGE,0
L03004,44,76026,34406,24,23.35,550,26,6,0.453,home_improvement,RENT,0
L03005,61,66900,42262,24,23.44,839,22,4,0.632,medical,MORTGAGE,0
L03006,33,53508,27784,36,21.17,536,12,2,0.519,home_improvement,OWN,0
L03007,33,46447,23125,12,11.0,431,19,1,0.498,vacation,OWN,0
L03008,36,76123,25216,36,23.32,605,0,8,0.331,education,OWN,0
L03009,62,68759,4581,12,18.1,657,1,5,0.067,car,RENT,0
L03010,40,39258,17600,60,12.47,584,5,2,0.448,medical,RENT,0
L03011,47,38723,32284,36,18.33,592,29,8,0.834,car,OWN,0
L03012,50,45181,22171,48,5.31,462,28,3,0.491,vacation,RENT,1
L03013,43,42872,27091,12,7.78,718,25,7,0.632,car,OWN,0
L03014,61,73537,16333,36,20.76,767,28,2,0.222,vacation,MORTGAGE,0
L03015,42,62843,32535,48,17.27,806,10,7,0.518,education,RENT,1
L03016,59,65040,25487,24,11.92,777,17,4,0.392,car,RENT,0
L03017,41,58450,12404,60,14.51,661,12,1,0.212,home_improvement,RENT,0
L03018,50,59297,45934,60,22.2,611,20,5,0.775,home_improvement,RENT,0
L03019,25,26527,35700,24,17.0,544,11,4,1.346,vacation,RENT,0
L03020,28,69295,20047,36,12.56,776,19,8,0.289,home_improvement,RENT,0
L03021,49,44857,43516,24,7.29,735,6,1,0.97,education,RENT,0
L03022,49,54403,17577,48,10.58,549,19,2,0.323,car,RENT,0
L03023,25,46482,26298,12,23.59,321,6,5,0.566,car,RENT,1
L03024,43,57625,17015,36,13.31,776,26,2,0.295,medical,MORTGAGE,0
L03025,33,65315,27568,12,13.96,810,23,1,0.422,vacation,MORTGAGE,0
L03026,24,36840,28204,24,14.47,635,6,6,0.766,home_improvement,RENT,0
L03027,43,59549,33748,60,21.8,641,1,4,0.567,education,RENT,0
L03028,23,46917,28267,12,16.47,637,10,5,0.602,vacation,OWN,0
L03029,45,78786,23236,12,18.18,779,0,3,0.295,home_improvement,RENT,0
L03030,55,34936,34615,60,12.4,341,20,6,0.991,medical,OWN,1
L03031,48,36954,3104,12,5.55,373,28,4,0.084,car,RENT,1
L03032,62,48527,19654,12,22.69,321,12,6,0.405,car,RENT,0
L03033,22,38338,47704,60,23.03,519,11,5,1.244,education,MORTGAGE,1
L03034,29,50961,44369,60,23.03,378,12,2,0.871,debt_consolidation,MORTGAGE,0
L03035,44,45498,5646,24,22.93,534,6,4,0.124,vacation,MORTGAGE,0
L03036,59,56591,23471,24,20.49,456,11,2,0.415,home_improvement,RENT,0
L03037,27,73145,27906,12,18.01,626,16,5,0.382,debt_consolidation,MORTGAGE,0
L03038,43,56283,23107,36,21.05,413,26,3,0.411,vacation,OWN,0
L03039,46,57922,49728,24,16.41,574,7,6,0.859,home_improvement,OWN,0
L03040,39,35968,16878,24,7.55,680,2,5,0.469,medical,MORTGAGE,0
L03041,38,52586,11145,36,12.43,319,6,2,0.212,vacation,MORTGAGE,0
L03042,33,47408,25042,36,23.45,508,18,8,0.528,home_improvement,MORTGAGE,1
L03043,27,67269,20226,60,11.67,459,19,6,0.301,car,RENT,0
L03044,47,41237,4802,24,21.49,337,7,9,0.116,vacation,OWN,0
L03045,48,39508,26119,48,6.77,417,13,3,0.661,home_improvement,OWN,0
L03046,29,60713,29185,48,11.35,689,13,4,0.481,education,MORTGAGE,0
L03047,40,90641,8105,12,11.67,676,1,8,0.089,car,MORTGAGE,0
L03048,63,51832,4749,24,5.98,675,5,7,0.092,car,RENT,0
L03049,22,58027,44949,48,7.26,341,15,8,0.775,debt_consolidation,RENT,0
L03050,50,72064,36129,24,8.67,769,25,9,0.501,home_improvement,RENT,0
L03051,56,64178,26512,24,20.92,757,8,8,0.413,debt_consolidation,MORTGAGE,0
L03052,61,64296,38541,48,6.2,429,25,8,0.599,education,RENT,1
L03053,35,53286,15495,24,10.68,327,24,6,0.291,debt_consolidation,OWN,0
L03054,56,53636,4064,36,5.19,625,20,2,0.076,medical,MORTGAGE,0
L03055,41,41407,32078,12,18.22,808,14,7,0.775,debt_consolidation,RENT,0
L03056,34,63754,32011,60,16.79,624,18,4,0.502,debt_consolidation,MORTGAGE,0
L03057,59,63343,7616,48,17.25,459,14,3,0.12,medical,MORTGAGE,0
L03058,29,67908,9975,60,12.11,815,21,4,0.147,medical,RENT,0
L03059,64,46214,12960,12,8.96,553,11,4,0.28,vacation,RENT,0
L03060,41,69942,29992,36,18.69,547,8,3,0.429,debt_consolidation,MORTGAGE,0
L03061,54,75400,23387,36,20.41,652,15,9,0.31,car,RENT,0
L03062,47,33148,17324,36,7.63,697,5,3,0.523,medical,OWN,0
L03063,60,49656,8243,36,14.25,502,19,2,0.166,home_improvement,OWN,1
L03064,42,76150,34628,48,9.73,601,27,1,0.455,vacation,RENT,0
L03065,63,43307,11560,48,8.19,447,26,1,0.267,vacation,RENT,0
L03066,64,64517,49452,24,18.95,520,14,5,0.766,debt_consolidation,RENT,0
L03067,62,55154,43098,24,15.22,562,12,5,0.781,education,RENT,0
L03068,30,60955,6923,12,9.11,595,20,9,0.114,car,OWN,0
L03069,45,55703,41235,24,10.89,614,22,4,0.74,education,OWN,0
L03070,58,68431,23325,12,23.37,591,9,5,0.341,education,RENT,0
L03071,62,36612,29949,12,21.12,330,13,6,0.818,medical,MORTGAGE,0
L03072,38,38560,24821,12,21.72,343,28,7,0.644,home_improvement,RENT,0
L03073,45,81361,8076,36,13.74,433,2,9,0.099,debt_consolidation,MORTGAGE,0
L03074,42,92806,24032,60,16.85,648,29,6,0.259,car,RENT,0
L03075,60,54902,10001,60,12.16,518,11,1,0.182,debt_consolidation,RENT,0
L03076,62,85874,17303,48,6.48,749,24,8,0.201,debt_consolidation,MORTGAGE,0
L03077,60,41108,18457,12,12.62,803,0,2,0.449,vacation,OWN,0
L03078,34,45431,43443,36,16.29,385,23,9,0.956,education,RENT,0
L03079,32,81234,14303,24,10.46,550,20,7,0.176,home_improvement,RENT,0
L03080,40,69473,17128,24,21.11,564,15,7,0.247,home_improvement,RENT,0
L03081,32,83915,20280,48,7.87,822,9,5,0.242,home_improvement,RENT,0
L03082,34,63434,41427,48,11.98,379,8,8,0.653,home_improvement,RENT,0
L03083,22,36774,33644,12,7.37,760,17,1,0.915,medical,OWN,0
L03084,61,59024,40014,12,12.69,551,0,3,0.678,medical,MORTGAGE,0
L03085,40,76636,8967,24,5.75,317,9,9,0.117,home_improvement,MORTGAGE,0
L03086,33,52610,8661,24,10.18,555,6,1,0.165,car,RENT,0
L03087,29,49844,14416,24,12.61,544,9,8,0.289,medical,MORTGAGE,0
L03088,29,63709,2510,24,14.09,452,11,6,0.039,medical,OWN,0
L03089,33,44928,43382,60,15.33,799,10,5,0.966,car,RENT,0
L03090,54,60319,37200,12,10.22,757,8,6,0.617,home_improvement,MORTGAGE,0
L03091,47,56143,3906,12,14.94,841,29,5,0.07,debt_consolidation,RENT,0
L03092,60,46172,27534,24,14.67,414,4,9,0.596,medical,RENT,0
L03093,49,72653,18448,36,11.01,746,26,2,0.254,debt_consolidation,RENT,0
L03094,26,66627,39696,24,20.77,652,3,6,0.596,debt_consolidation,OWN,0
L03095,29,48633,6710,48,15.37,840,19,4,0.138,car,RENT,0
L03096,46,54730,46308,36,11.31,621,27,3,0.846,home_improvement,MORTGAGE,0
L03097,48,50117,40892,48,23.0,758,12,5,0.816,education,OWN,0
L03098,44,43504,42605,36,21.06,525,7,2,0.979,debt_consolidation,RENT,0
L03099,51,24431,17583,48,23.67,660,15,3,0.72,home_improvement,RENT,0
L03100,44,46291,19184,24,18.15,830,0,7,0.414,vacation,MORTGAGE,0
L03101,41,43767,26853,24,12.19,411,16,1,0.614,education,OWN,0
L03102,39,57068,8109,36,10.34,511,14,2,0.142,education,RENT,0
L03103,39,62932,44677,48,17.6,532,23,3,0.71,education,MORTGAGE,0
L03104,23,40560,8659,60,23.64,458,14,7,0.213,home_improvement,RENT,0
L03105,25,61722,3238,36,16.91,623,17,4,0.052,car,RENT,0
L03106,51,37787,17064,36,21.75,392,25,8,0.452,car,OWN,0
L03107,54,52744,33115,12,11.25,547,5,8,0.628,vacation,OWN,1
L03108,57,44156,33952,36,12.73,440,1,1,0.769,car,RENT,1
L03109,39,68431,7620,60,22.22,703,4,5,0.111,home_improvement,RENT,0
L03110,58,57101,36254,24,19.38,703,18,1,0.635,education,RENT,0
L03111,40,53016,39449,48,23.65,713,6,7,0.744,home_improvement,MORTGAGE,0
L03112,49,43745,46258,12,19.72,739,8,4,1.057,education,RENT,0
L03113,61,49080,6470,48,13.52,532,1,8,0.132,home_improvement,RENT,0
L03114,41,87923,24003,24,15.09,492,6,8,0.273,car,MORTGAGE,0
L03115,54,45980,29571,36,22.11,398,28,9,0.643,home_improvement,RENT,1
L03116,33,63629,26668,60,15.48,412,28,6,0.419,medical,RENT,0
L03117,36,52972,13723,12,9.85,835,23,7,0.259,education,OWN,0
L03118,62,63114,48656,60,13.28,580,13,7,0.771,education,OWN,0
L03119,60,70065,33040,60,14.81,822,25,5,0.472,vacation,OWN,0
L03120,23,48628,41945,60,6.84,649,23,7,0.863,medical,RENT,0
L03121,50,67775,47969,60,19.13,615,22,9,0.708,home_improvement,MORTGAGE,0
L03122,62,104619,34046,24,7.08,799,29,4,0.325,car,RENT,0
L03123,31,65215,7441,60,12.69,836,14,2,0.114,vacation,RENT,0
L03124,23,84044,13719,60,20.29,735,11,8,0.163,medical,RENT,0
L03125,32,63658,7397,24,13.88,822,19,7,0.116,home_improvement,MORTGAGE,0
L03126,34,38224,36389,48,21.0,743,3,6,0.952,car,OWN,0
L03127,31,59962,19945,24,11.5,507,25,7,0.333,home_improvement,MORTGAGE,0
L03128,35,49053,24233,36,23.2,575,12,3,0.494,education,MORTGAGE,0
L03129,39,44273,19800,24,8.98,796,28,6,0.447,medical,RENT,0
L03130,30,53693,6190,48,5.73,596,8,7,0.115,medical,RENT,0
L03131,60,52214,39822,36,21.58,673,11,7,0.763,vacation,OWN,0
L03132,49,35921,3130,36,19.29,483,9,5,0.087,car,RENT,0
L03133,24,103752,16071,12,9.41,331,8,3,0.155,debt_consolidation,RENT,0
L03134,41,69541,21981,60,23.71,582,20,2,0.316,home_improvement,MORTGAGE,0
L03135,27,59399,46704,36,14.54,731,22,7,0.786,car,MORTGAGE,0
L03136,48,56617,4118,36,23.07,818,6,4,0.073,debt_consolidation,RENT,0
L03137,23,76642,2663,48,14.6,761,24,2,0.035,car,MORTGAGE,0
L03138,50,92360,17735,36,13.97,667,11,8,0.192,home_improvement,OWN,0
L03139,59,67331,21158,48,13.53,551,15,2,0.314,home_improvement,RENT,0
L03140,24,57181,33087,60,11.36,465,14,6,0.579,vacation,RENT,0
L03141,37,81507,24578,12,15.14,828,6,4,0.302,medical,RENT,0
L03142,51,57562,21874,12,13.6,670,7,9,0.38,medical,RENT,0
L03143,61,62835,44531,60,5.7,402,6,5,0.709,medical,RENT,0
L03144,23,73018,19907,60,9.95,425,10,4,0.273,vacation,MORTGAGE,0
L03145,38,48043,42821,24,9.05,337,3,8,0.891,medical,OWN,1
L03146,62,17634,24787,36,21.48,647,27,3,1.406,car,MORTGAGE,1
L03147,33,47168,23705,36,16.38,512,17,9,0.503,medical,RENT,0
L03148,56,68914,5845,36,19.51,618,18,8,0.085,medical,RENT,0
L03149,64,67645,48264,48,23.18,725,6,8,0.713,education,MORTGAGE,0
L03150,22,79168,41069,24,17.24,546,29,5,0.519,home_improvement,OWN,0
L03151,36,47857,46653,36,23.67,585,26,1,0.975,vacation,MORTGAGE,0
L03152,47,83456,18482,48,10.92,530,26,9,0.221,vacation,RENT,0
L03153,58,58331,37056,48,8.54,619,12,2,0.635,medical,MORTGAGE,0
L03154,42,65879,28090,12,12.66,811,8,1,0.426,education,RENT,0
L03155,52,71265,22681,48,13.95,820,28,6,0.318,debt_consolidation,RENT,0
L03156,46,30130,34252,60,22.01,524,29,1,1.137,home_improvement,MORTGAGE,0
L03157,44,36911,9796,48,15.64,805,26,7,0.265,medical,MORTGAGE,0
L03158,45,36314,9263,60,10.55,406,17,7,0.255,debt_consolidation,RENT,0
L03159,59,74299,14777,60,19.11,630,29,1,0.199,car,MORTGAGE,0
L03160,49,49501,43538,12,14.61,304,6,5,0.88,education,MORTGAGE,1
L03161,42,91496,22343,12,8.08,767,19,3,0.244,education,RENT,0
L03162,64,55060,42153,48,15.96,815,15,2,0.766,home_improvement,RENT,0
L03163,39,28515,16862,12,22.32,462,22,5,0.591,education,RENT,1
L03164,57,42896,43232,12,21.01,830,27,5,1.008,vacation,RENT,0
L03165,56,57112,39649,36,16.15,381,4,2,0.694,debt_consolidation,OWN,0
L03166,30,64273,17691,48,12.16,780,6,6,0.275,medical,MORTGAGE,0
L03167,59,37272,27028,48,6.65,815,5,7,0.725,debt_consolidation,MORTGAGE,0
L03168,51,65232,44135,48,13.92,486,28,1,0.677,vacation,RENT,0
L03169,55,70039,33066,12,19.29,445,1,3,0.472,car,RENT,0
L03170,53,43462,35181,12,11.85,451,27,4,0.809,debt_consolidation,MORTGAGE,0
L03171,24,90444,19934,60,9.47,662,6,2,0.22,medical,RENT,0
L03172,24,45412,22910,24,22.7,392,20,5,0.504,debt_consolidation,RENT,0
L03173,49,37002,49482,24,20.61,330,8,4,1.337,education,OWN,0
L03174,36,27473,9141,24,17.13,839,12,2,0.333,car,MORTGAGE,0
L03175,62,76971,47950,36,7.6,348,28,1,0.623,debt_consolidation,MORTGAGE,1
L03176,44,55411,18225,12,7.75,557,26,8,0.329,car,MORTGAGE,0
L03177,61,46372,36714,60,6.96,817,16,2,0.792,car,MORTGAGE,0
L03178,32,28465,23587,60,16.71,840,16,4,0.829,home_improvement,RENT,0
L03179,53,47993,34959,24,7.2,709,14,5,0.728,home_improvement,RENT,0
L03180,57,97866,16175,36,21.01,455,17,2,0.165,medical,OWN,0
L03181,54,16399,12051,36,23.87,845,23,9,0.735,medical,RENT,0
L03182,45,43630,7892,24,11.96,739,14,2,0.181,medical,RENT,0
L03183,60,87270,5449,24,13.62,536,10,6,0.062,car,RENT,0
L03184,55,77481,43095,12,18.52,667,24,7,0.556,car,RENT,0
L03185,49,44728,40677,36,22.81,356,26,6,0.909,home_improvement,OWN,0
L03186,58,58664,14393,60,21.99,474,26,4,0.245,education,RENT,0
L03187,28,63332,31190,24,6.09,513,11,1,0.492,car,RENT,0
L03188,25,57409,36709,12,8.21,326,22,2,0.639,home_improvement,MORTGAGE,0
L03189,58,87120,33533,60,19.34,418,16,6,0.385,debt_consolidation,MORTGAGE,0
L03190,22,61115,28141,36,18.09,446,11,8,0.46,medical,MORTGAGE,1
L03191,22,75439,38989,24,7.53,564,6,3,0.517,medical,RENT,0
L03192,41,58268,25908,24,14.54,702,28,7,0.445,vacation,RENT,0
L03193,40,18417,41311,12,19.84,557,23,9,2.243,education,RENT,1
L03194,50,33536,34322,12,9.16,488,6,4,1.023,home_improvement,MORTGAGE,0
L03195,31,37272,16012,36,21.55,798,28,7,0.43,vacation,MORTGAGE,0
L03196,39,50512,36889,24,6.01,538,27,7,0.73,medical,RENT,0
L03197,49,92411,19412,12,19.86,626,20,9,0.21,vacation,MORTGAGE,0
L03198,56,61523,32614,24,16.7,369,27,3,0.53,debt_consolidation,OWN,1
L03199,64,53095,46494,36,10.99,324,22,1,0.876,vacation,RENT,0
L03200,52,77294,26657,24,18.7,455,9,8,0.345,debt_consolidation,OWN,0
L03201,48,28866,7656,60,19.86,518,15,4,0.265,medical,OWN,0
L03202,32,46185,10967,24,22.74,678,10,2,0.237,car,RENT,0
L03203,59,43528,21422,48,11.99,493,15,5,0.492,home_improvement,RENT,0
L03204,26,62164,17764,48,18.03,339,1,4,0.286,vacation,MORTGAGE,0
L03205,29,71125,17873,36,16.45,642,24,1,0.251,education,OWN,0
L03206,55,63486,30949,36,14.98,802,1,7,0.487,debt_consolidation,RENT,0
L03207,33,63771,45847,36,21.92,749,17,4,0.719,education,MORTGAGE,0
L03208,59,48500,4271,60,5.06,635,4,8,0.088,medical,RENT,0
L03209,22,60773,3607,60,10.36,303,13,9,0.059,education,RENT,0
L03210,52,39882,21523,24,15.23,816,7,8,0.54,education,RENT,0
L03211,25,67134,29990,12,8.39,796,5,1,0.447,medical,MORTGAGE,0
L03212,26,45989,5665,48,22.25,525,27,8,0.123,car,OWN,0
L03213,51,34812,18308,48,17.3,449,8,5,0.526,education,MORTGAGE,0
L03214,45,55680,7852,48,14.08,537,5,1,0.141,education,MORTGAGE,0
L03215,24,20563,7462,24,20.48,402,20,9,0.363,education,MORTGAGE,0
L03216,32,81538,33795,24,13.57,474,16,9,0.414,medical,RENT,0
L03217,25,69347,6270,36,15.61,760,7,7,0.09,education,MORTGAGE,0
L03218,47,61065,26491,12,5.05,333,2,7,0.434,medical,MORTGAGE,1
L03219,48,25773,38230,36,11.95,817,11,1,1.483,car,RENT,0
L03220,64,42396,2347,24,7.64,739,12,9,0.055,medical,RENT,0
L03221,48,55730,34830,60,18.1,584,17,1,0.625,education,MORTGAGE,0
L03222,63,50264,3783,36,14.1,524,22,7,0.075,debt_consolidation,RENT,0
L03223,27,24605,30390,24,10.73,556,10,9,1.235,education,RENT,0
L03224,36,31304,10417,24,13.89,358,1,9,0.333,vacation,MORTGAGE,0
L03225,51,49904,8566,60,8.98,545,13,5,0.172,vacation,MORTGAGE,0
L03226,63,31900,19426,60,22.58,818,0,6,0.609,debt_consolidation,RENT,0
L03227,58,79684,32750,60,6.03,513,26,2,0.411,vacation,RENT,0
L03228,58,63901,12872,12,21.44,515,14,2,0.201,education,OWN,0
L03229,63,40537,30695,24,14.72,702,28,9,0.757,medical,MORTGAGE,0
L03230,58,76044,3234,60,16.76,582,17,1,0.043,education,MORTGAGE,0
L03231,56,72418,36752,12,10.75,514,21,5,0.507,vacation,MORTGAGE,0
L03232,44,60201,30832,48,23.37,681,17,7,0.512,vacation,OWN,0
L03233,27,54287,19978,48,10.36,344,16,6,0.368,medical,MORTGAGE,1
L03234,25,49627,24641,48,16.19,471,0,6,0.497,vacation,RENT,0
L03235,39,45281,29127,24,23.87,520,13,6,0.643,medical,RENT,0
L03236,30,30937,36720,12,21.74,684,19,8,1.187,car,OWN,0
L03237,50,82509,20079,12,15.19,394,23,7,0.243,education,RENT,0
L03238,34,45630,19338,48,23.82,343,21,5,0.424,car,RENT,0
L03239,38,55507,5291,36,18.33,527,15,2,0.095,vacation,RENT,0
L03240,53,38615,10548,48,8.97,616,3,6,0.273,car,MORTGAGE,0
L03241,43,50329,49272,24,12.71,634,21,5,0.979,vacation,MORTGAGE,0
L03242,25,106313,46555,48,11.36,766,5,4,0.438,car,RENT,0
L03243,26,41932,35736,48,11.54,596,24,5,0.852,vacation,OWN,0
L03244,58,81074,30022,12,19.45,844,15,9,0.37,home_improvement,RENT,0
L03245,62,54499,6234,48,16.1,788,19,2,0.114,education,MORTGAGE,0
L03246,34,67238,28720,60,5.72,514,5,6,0.427,debt_consolidation,OWN,0
L03247,55,77402,43106,60,21.67,823,14,9,0.557,education,MORTGAGE,0
L03248,43,59900,42117,36,10.64,301,25,5,0.703,car,RENT,1
L03249,44,48669,15368,24,23.94,506,0,6,0.316,medical,OWN,0
L03250,24,51650,49969,24,23.13,640,6,4,0.967,debt_consolidation,RENT,0
L03251,63,52256,10734,12,22.87,706,22,5,0.205,vacation,OWN,0
L03252,55,88558,43651,24,20.41,605,10,8,0.493,debt_consolidation,MORTGAGE,0
L03253,53,28285,35793,36,9.19,806,0,1,1.265,medical,MORTGAGE,0
L03254,42,23126,14197,60,15.12,768,7,1,0.614,medical,RENT,0
L03255,42,24327,5359,12,9.26,794,13,4,0.22,education,MORTGAGE,0
L03256,32,38909,40025,60,9.93,560,4,3,1.029,vacation,RENT,0
L03257,60,67601,37719,36,16.61,663,12,5,0.558,education,RENT,0
L03258,25,68705,9389,12,5.78,813,14,8,0.137,car,MORTGAGE,0
L03259,22,44064,49434,48,23.42,840,8,1,1.122,car,RENT,0
L03260,49,54487,16952,24,22.45,754,7,5,0.311,home_improvement,RENT,0
L03261,45,34906,31075,36,12.23,443,18,5,0.89,education,RENT,0
L03262,56,36576,20939,12,14.79,491,16,2,0.572,medical,RENT,0
L03263,34,65437,48995,60,13.86,652,18,5,0.749,home_improvement,RENT,0
L03264,55,73858,17624,12,21.76,598,29,8,0.239,medical,MORTGAGE,0
L03265,32,46417,3735,48,18.08,759,17,7,0.08,home_improvement,RENT,0
L03266,57,84430,26315,36,10.28,726,17,2,0.312,education,OWN,0
L03267,38,72380,19422,12,13.49,330,26,6,0.268,car,RENT,0
L03268,56,83651,41137,36,13.15,631,3,1,0.492,medical,OWN,0
L03269,39,49583,9127,36,23.23,710,1,3,0.184,education,MORTGAGE,0
L03270,61,82372,37680,60,8.33,351,23,6,0.457,education,MORTGAGE,0
L03271,43,94231,14606,24,6.7,683,4,9,0.155,car,MORTGAGE,0
L03272,45,47574,34743,48,21.73,542,16,1,0.73,debt_consolidation,RENT,0
L03273,40,52224,36010,12,22.04,716,21,6,0.69,car,MORTGAGE,0
L03274,58,37941,17636,24,21.56,774,27,2,0.465,medical,RENT,0
L03275,60,34404,27348,60,14.71,691,6,9,0.795,debt_consolidation,RENT,0
L03276,42,34614,12108,24,17.54,688,28,2,0.35,home_improvement,MORTGAGE,0
L03277,29,40393,10098,36,15.7,768,15,3,0.25,vacation,RENT,0
L03278,49,59945,38180,36,6.32,707,0,2,0.637,medical,RENT,0
L03279,26,41154,20883,48,16.32,818,28,4,0.507,vacation,MORTGAGE,0
L03280,38,59394,46400,12,5.26,488,11,4,0.781,vacation,MORTGAGE,0
L03281,58,59767,47999,12,11.17,650,18,1,0.803,debt_consolidation,RENT,0
L03282,57,46537,49951,60,22.71,582,8,8,1.073,home_improvement,MORTGAGE,1
L03283,40,53872,9160,48,10.78,456,15,5,0.17,car,MORTGAGE,0
L03284,48,45497,21929,12,22.86,447,28,8,0.482,debt_consolidation,MORTGAGE,0
L03285,55,49406,19597,36,9.75,369,29,6,0.397,home_improvement,OWN,0
L03286,32,40440,13123,48,10.98,669,6,2,0.325,car,MORTGAGE,0
L03287,33,56513,30357,24,16.94,814,29,7,0.537,car,MORTGAGE,0
L03288,42,44190,6960,48,19.47,533,28,9,0.158,home_improvement,MORTGAGE,0
L03289,32,34010,35556,48,14.53,766,14,7,1.045,car,OWN,0
L03290,60,65681,20255,12,21.76,586,11,5,0.308,medical,OWN,0
L03291,49,66291,15350,60,5.76,593,3,4,0.232,medical,OWN,0
L03292,26,75010,32881,60,22.52,780,5,8,0.438,debt_consolidation,MORTGAGE,0
L03293,38,36560,20409,12,8.73,433,5,6,0.558,car,RENT,0
L03294,41,46343,34635,12,21.8,307,14,5,0.747,car,RENT,0
L03295,62,59148,4446,12,12.62,327,27,7,0.075,home_improvement,MORTGAGE,0
L03296,33,45963,32657,60,20.82,819,2,3,0.711,medical,RENT,0
L03297,27,65276,23207,12,17.76,609,1,9,0.356,vacation,OWN,0
L03298,38,63962,10752,24,8.34,840,4,4,0.168,debt_consolidation,RENT,0
L03299,40,63627,15440,24,22.44,793,7,4,0.243,education,OWN,0
L03300,47,81274,46864,36,9.66,333,18,8,0.577,medical,MORTGAGE,0
L03301,53,66593,8499,24,9.64,306,20,6,0.128,home_improvement,MORTGAGE,0
L03302,27,57770,23139,48,20.47,339,29,1,0.401,debt_consolidation,RENT,1
L03303,57,51516,16767,36,7.01,629,15,2,0.325,vacation,MORTGAGE,1
L03304,59,52770,24343,24,9.22,361,18,9,0.461,education,RENT,1
L03305,32,35844,29712,48,14.57,385,29,6,0.829,debt_consolidation,RENT,0
L03306,54,23217,21673,24,20.78,415,22,7,0.933,medical,OWN,0
L03307,45,63347,31488,48,7.8,596,15,9,0.497,vacation,MORTGAGE,0
L03308,44,77025,28520,12,15.41,678,5,3,0.37,education,RENT,0
L03309,36,49057,46105,48,18.51,621,21,5,0.94,home_improvement,MORTGAGE,0
L03310,48,83567,17784,12,21.35,694,0,5,0.213,debt_consolidation,RENT,0
L03311,32,51822,40079,48,22.78,656,17,7,0.773,medical,RENT,0
L03312,38,19832,46220,48,19.91,718,21,2,2.331,home_improvement,MORTGAGE,0
L03313,35,71528,22491,24,17.4,777,7,4,0.314,vacation,OWN,0
L03314,48,46372,49342,48,13.24,635,4,4,1.064,debt_consolidation,MORTGAGE,0
L03315,39,73158,37268,24,7.13,319,11,8,0.509,car,RENT,0
L03316,49,32004,16718,48,18.49,711,17,3,0.522,medical,MORTGAGE,0
L03317,25,62416,37597,60,23.86,848,4,2,0.602,medical,MORTGAGE,0
L03318,28,40591,34815,36,19.0,558,24,9,0.858,car,RENT,0
L03319,56,58625,37132,24,5.32,656,21,4,0.633,home_improvement,OWN,0
L03320,30,68798,28832,24,14.43,500,28,9,0.419,medical,MORTGAGE,1
L03321,29,64619,33862,12,16.68,710,12,6,0.524,home_improvement,MORTGAGE,0
L03322,38,56248,14864,60,18.1,587,20,1,0.264,vacation,RENT,0
L03323,38,30187,24842,12,18.67,347,25,3,0.823,car,MORTGAGE,0
L03324,54,68146,10177,60,15.6,669,21,7,0.149,home_improvement,MORTGAGE,0
L03325,53,73565,48115,60,9.24,530,28,9,0.654,vacation,RENT,0
L03326,29,36226,42699,48,22.9,394,11,8,1.179,debt_consolidation,OWN,1
L03327,40,38871,47609,12,18.24,602,15,5,1.225,medical,MORTGAGE,0
L03328,59,74324,13844,36,9.5,517,13,8,0.186,car,MORTGAGE,0
L03329,24,51248,10594,60,11.12,686,10,2,0.207,debt_consolidation,MORTGAGE,0
L03330,26,39337,15418,60,22.52,390,27,3,0.392,debt_consolidation,RENT,0
L03331,34,59905,36854,24,21.86,357,8,8,0.615,debt_consolidation,MORTGAGE,1
L03332,52,43506,25108,48,12.7,733,22,9,0.577,home_improvement,OWN,0
L03333,37,57898,12419,36,5.73,821,9,8,0.214,medical,RENT,0
L03334,53,47562,24539,60,5.92,782,15,4,0.516,car,MORTGAGE,0
L03335,43,49104,46370,24,10.39,666,18,6,0.944,education,MORTGAGE,0
L03336,50,74987,45950,12,16.95,706,9,5,0.613,education,RENT,0
L03337,43,15000,14835,60,16.1,817,25,4,0.989,medical,MORTGAGE,0
L03338,64,64985,19533,24,17.04,630,20,9,0.301,medical,MORTGAGE,0
L03339,24,72018,31515,12,18.63,534,3,3,0.438,medical,RENT,0
L03340,31,43804,37921,48,5.36,710,26,1,0.866,vacation,MORTGAGE,0
L03341,63,71879,43968,12,7.0,482,20,7,0.612,vacation,MORTGAGE,0
L03342,42,37737,24322,60,11.83,586,7,8,0.645,vacation,RENT,0
L03343,37,43120,12223,36,7.94,422,10,3,0.283,vacation,RENT,0
L03344,33,41046,12273,12,6.43,457,29,3,0.299,medical,RENT,0
L03345,23,72123,35519,36,17.18,622,5,6,0.492,medical,RENT,0
L03346,62,23590,26160,36,20.49,312,3,2,1.109,education,MORTGAGE,1
L03347,45,84522,10849,12,19.3,503,20,6,0.128,car,RENT,0
L03348,56,49511,27656,48,20.52,601,26,5,0.559,education,MORTGAGE,0
L03349,51,66068,12348,12,17.65,342,22,7,0.187,education,MORTGAGE,1
L03350,51,64516,19924,24,18.97,805,29,9,0.309,car,RENT,0
L03351,56,57722,40935,36,10.16,490,23,9,0.709,car,OWN,0
L03352,40,44187,41132,60,23.87,359,4,1,0.931,education,OWN,1
L03353,29,77362,3983,36,8.48,765,17,7,0.051,education,OWN,0
L03354,47,45732,26890,60,9.08,678,21,3,0.588,education,RENT,0
L03355,61,41837,16629,24,10.49,728,24,4,0.397,car,RENT,0
L03356,28,70798,13273,24,23.53,361,2,2,0.187,car,RENT,0
L03357,51,57623,33739,24,23.78,601,6,1,0.586,vacation,RENT,0
L03358,28,79440,42416,12,20.1,471,23,3,0.534,medical,MORTGAGE,1
L03359,24,53871,9894,36,16.95,804,21,9,0.184,car,RENT,0
L03360,22,43284,48073,60,14.88,362,11,1,1.111,home_improvement,RENT,0
L03361,57,59945,47693,24,23.44,315,2,3,0.796,car,OWN,1
L03362,46,46942,26343,24,18.22,400,16,5,0.561,car,RENT,0
L03363,58,43805,45095,60,22.95,475,2,3,1.029,medical,RENT,1
L03364,22,69973,33174,36,11.01,492,10,4,0.474,education,OWN,1
L03365,36,87967,46179,36,11.34,572,5,4,0.525,vacation,OWN,0
L03366,58,50563,8900,60,21.24,766,10,1,0.176,debt_consolidation,RENT,0
L03367,34,37454,5800,48,7.85,474,3,6,0.155,education,OWN,0
L03368,61,52237,37246,36,22.97,533,16,7,0.713,education,RENT,0
L03369,29,64266,44735,60,14.64,515,21,7,0.696,medical,OWN,0
L03370,26,59634,44926,60,22.6,790,0,6,0.753,vacation,MORTGAGE,0
L03371,30,76496,9054,24,11.4,716,11,7,0.118,home_improvement,RENT,0
L03372,22,66971,40827,60,18.6,832,23,3,0.61,debt_consolidation,RENT,0
L03373,57,35138,44727,12,14.17,750,2,5,1.273,vacation,MORTGAGE,0
L03374,56,46120,46775,24,16.91,579,15,7,1.014,education,MORTGAGE,0
L03375,23,30144,43201,24,14.58,543,2,5,1.433,vacation,MORTGAGE,0
L03376,61,75604,31373,36,23.38,445,13,2,0.415,medical,OWN,0
L03377,44,19146,29525,48,18.15,366,16,6,1.542,vacation,OWN,0
L03378,30,31900,40977,36,9.78,402,18,7,1.285,car,OWN,1
L03379,55,45787,9115,12,22.28,609,6,2,0.199,vacation,MORTGAGE,0
L03380,35,65150,33107,24,10.59,416,25,8,0.508,debt_consolidation,MORTGAGE,0
L03381,25,45610,32486,24,12.06,771,23,5,0.712,vacation,RENT,0
L03382,51,48425,15068,60,6.94,620,10,8,0.311,home_improvement,RENT,0
L03383,52,48780,20640,48,22.1,734,15,3,0.423,car,RENT,0
L03384,59,58110,34158,48,10.44,669,23,2,0.588,debt_consolidation,RENT,0
L03385,32,33030,38136,60,9.92,486,18,7,1.155,debt_consolidation,MORTGAGE,0
L03386,56,37950,18128,12,22.48,768,4,5,0.478,education,RENT,0
L03387,29,85256,26942,48,20.31,772,0,5,0.316,medical,RENT,0
L03388,24,62243,4827,24,7.68,753,24,8,0.078,medical,MORTGAGE,0
L03389,35,68694,17990,12,19.62,745,23,9,0.262,car,RENT,0
L03390,34,56044,37255,36,22.35,393,9,8,0.665,debt_consolidation,RENT,0
L03391,53,52474,21987,36,6.49,337,17,2,0.419,education,RENT,0
L03392,55,63228,48115,12,20.68,781,9,7,0.761,home_improvement,OWN,0
L03393,40,68097,22901,24,15.4,410,0,5,0.336,vacation,RENT,0
L03394,59,70229,18277,36,17.71,709,28,7,0.26,vacation,OWN,0
L03395,37,52721,3643,24,14.36,467,12,3,0.069,vacation,RENT,0
L03396,23,72196,25729,60,18.26,696,3,4,0.356,medical,OWN,0
L03397,61,15000,23087,48,5.65,426,24,7,1.539,debt_consolidation,RENT,0
L03398,38,71061,23818,12,19.49,341,11,2,0.335,debt_consolidation,MORTGAGE,0
L03399,55,47315,2019,48,5.63,340,23,2,0.043,home_improvement,RENT,0
L03400,63,64960,35443,60,13.65,786,15,1,0.546,medical,RENT,1
L03401,37,43312,11457,36,7.87,698,18,1,0.265,home_improvement,OWN,0
L03402,59,31119,35922,24,20.65,481,25,1,1.154,debt_consolidation,RENT,0
L03403,23,61114,11820,24,10.96,480,11,6,0.193,vacation,RENT,0
L03404,23,27972,34750,60,13.63,763,5,5,1.242,medical,MORTGAGE,0
L03405,47,47805,44586,12,13.15,349,15,8,0.933,medical,RENT,1
L03406,34,40376,38484,48,19.68,707,11,5,0.953,medical,MORTGAGE,0
L03407,52,51849,40010,36,14.14,700,24,1,0.772,education,RENT,0
L03408,55,69349,39790,12,19.99,445,25,8,0.574,education,MORTGAGE,0
L03409,60,46182,24869,60,6.4,597,23,6,0.538,vacation,MORTGAGE,1
L03410,24,60662,36421,60,8.64,444,9,8,0.6,education,RENT,0
L03411,29,68308,4502,24,15.48,315,4,2,0.066,medical,OWN,0
L03412,44,44069,18665,36,22.99,384,27,8,0.424,education,RENT,0
L03413,35,44330,27600,12,6.42,515,28,6,0.623,education,MORTGAGE,0
L03414,48,79647,31394,24,5.82,781,27,1,0.394,car,RENT,0
L03415,50,53571,16086,36,7.97,351,24,1,0.3,medical,MORTGAGE,0
L03416,60,64164,38171,48,17.18,847,24,5,0.595,education,MORTGAGE,0
L03417,60,64028,36003,48,12.58,406,18,7,0.562,vacation,RENT,0
L03418,22,33436,15149,24,20.69,518,11,4,0.453,education,RENT,0
L03419,38,41304,32394,12,6.37,636,7,5,0.784,education,RENT,0
L03420,62,61756,16396,36,8.73,670,3,3,0.265,medical,MORTGAGE,0
L03421,51,17788,25324,48,10.7,553,25,2,1.424,education,RENT,0
L03422,34,51196,49198,48,16.91,704,6,2,0.961,car,OWN,0
L03423,42,39424,19169,12,18.02,329,25,5,0.486,car,RENT,0
L03424,40,74989,48632,24,7.36,484,23,4,0.649,education,RENT,0
L03425,40,61230,46277,60,22.93,588,22,2,0.756,medical,OWN,0
L03426,46,76442,28243,36,11.48,658,4,5,0.369,debt_consolidation,MORTGAGE,0
L03427,43,54295,33016,48,18.55,773,10,9,0.608,debt_consolidation,OWN,0
L03428,52,52949,5194,60,14.96,699,16,8,0.098,home_improvement,MORTGAGE,0
L03429,38,49511,34398,12,9.23,432,27,9,0.695,car,OWN,0
L03430,44,45944,6789,24,21.08,801,23,9,0.148,debt_consolidation,MORTGAGE,0
L03431,53,103323,22159,36,20.55,802,20,8,0.214,home_improvement,RENT,0
L03432,31,69529,45406,12,12.53,376,2,9,0.653,debt_consolidation,MORTGAGE,0
L03433,31,35808,7350,24,16.18,649,1,4,0.205,medical,OWN,0
L03434,57,102507,35301,12,9.9,359,18,8,0.344,education,OWN,1
L03435,29,47710,26977,48,18.11,754,28,2,0.565,car,OWN,0
L03436,41,60780,38431,48,10.87,764,24,9,0.632,debt_consolidation,RENT,0
L03437,53,71912,2129,60,21.04,610,1,9,0.03,medical,RENT,0
L03438,35,27316,47331,12,9.13,390,13,3,1.733,home_improvement,RENT,0
L03439,49,40108,36626,48,5.28,597,25,6,0.913,medical,MORTGAGE,0
L03440,45,84666,29549,24,10.1,624,0,7,0.349,home_improvement,RENT,0
L03441,36,50953,14342,60,8.63,579,15,3,0.281,debt_consolidation,RENT,0
L03442,43,72976,38417,36,14.66,417,14,5,0.526,education,MORTGAGE,0
L03443,51,46837,12978,12,8.87,570,17,1,0.277,vacation,OWN,0
L03444,25,53288,39628,48,19.5,816,28,3,0.744,education,RENT,0
L03445,34,87134,44180,24,9.59,400,1,8,0.507,medical,MORTGAGE,0
L03446,44,62875,10833,12,18.43,687,27,3,0.172,vacation,RENT,0
L03447,29,48792,48903,24,15.99,585,10,8,1.002,car,OWN,1
L03448,39,42699,35491,60,23.74,352,20,9,0.831,vacation,OWN,0
L03449,33,44346,31473,48,24.0,539,16,6,0.71,education,RENT,0
L03450,52,77348,2737,48,21.52,513,12,7,0.035,car,RENT,0
L03451,35,68778,31429,60,19.44,660,11,6,0.457,debt_consolidation,RENT,0
L03452,55,34323,48647,24,12.34,663,25,8,1.417,debt_consolidation,RENT,0
L03453,39,56569,3299,12,19.31,626,23,7,0.058,medical,RENT,0
L03454,55,53797,2339,24,23.18,775,1,1,0.043,vacation,MORTGAGE,0
L03455,32,60689,34920,12,5.44,396,21,3,0.575,car,RENT,0
L03456,62,44135,44381,60,15.22,626,20,3,1.006,car,MORTGAGE,0
L03457,33,74760,48523,36,9.14,372,17,3,0.649,vacation,OWN,0
L03458,36,54975,21435,12,15.6,555,9,4,0.39,education,MORTGAGE,0
L03459,52,61721,35194,48,13.86,469,11,1,0.57,debt_consolidation,RENT,0
L03460,50,40875,26509,48,15.94,632,16,2,0.649,education,RENT,0
L03461,47,41782,44095,48,15.47,456,21,5,1.055,debt_consolidation,OWN,0
L03462,39,102835,46289,24,23.24,718,13,6,0.45,car,MORTGAGE,0
L03463,53,87401,3373,24,15.49,757,21,9,0.039,medical,RENT,0
L03464,43,53745,9082,24,21.08,398,18,2,0.169,debt_consolidation,OWN,0
L03465,59,82594,27532,48,11.08,543,12,9,0.333,home_improvement,RENT,0
L03466,38,76829,44661,12,13.32,776,23,7,0.581,car,OWN,0
L03467,44,43746,20866,48,13.94,740,24,9,0.477,vacation,OWN,0
L03468,45,41951,9593,12,10.3,493,2,4,0.229,vacation,MORTGAGE,0
L03469,29,67036,11495,24,12.22,674,24,7,0.171,education,RENT,0
L03470,62,59681,9837,36,16.37,666,7,1,0.165,education,RENT,0
L03471,27,47763,13172,24,16.02,454,4,8,0.276,car,OWN,0
L03472,26,67982,20680,60,17.09,798,21,7,0.304,education,MORTGAGE,0
L03473,50,29035,32346,12,11.68,833,27,7,1.114,education,RENT,0
L03474,49,57070,45085,36,11.0,757,27,2,0.79,car,RENT,0
L03475,32,32699,25412,24,16.62,412,11,9,0.777,debt_consolidation,RENT,0
L03476,22,33292,24863,36,7.52,323,0,8,0.747,car,RENT,0
L03477,64,42278,32804,48,9.81,582,20,1,0.776,car,MORTGAGE,0
L03478,40,61539,12934,12,5.8,591,25,1,0.21,education,RENT,0
L03479,30,42845,32723,60,6.38,662,15,5,0.764,home_improvement,MORTGAGE,0
L03480,48,33074,22405,48,9.62,700,25,2,0.677,vacation,OWN,0
L03481,55,63590,20748,36,5.37,565,11,1,0.326,education,OWN,0
L03482,25,81869,7230,24,9.66,353,22,8,0.088,debt_consolidation,RENT,0
L03483,57,66499,48413,12,17.44,721,16,4,0.728,medical,MORTGAGE,0
L03484,39,87432,24354,60,6.16,773,25,2,0.279,debt_consolidation,RENT,0
L03485,36,80365,10954,24,13.3,542,8,5,0.136,vacation,MORTGAGE,0
L03486,34,46226,25139,60,22.35,653,12,6,0.544,medical,MORTGAGE,0
L03487,40,66378,47022,12,20.03,687,22,8,0.708,car,OWN,1
L03488,27,53350,19388,36,10.8,477,3,7,0.363,home_improvement,RENT,0
L03489,33,74117,41825,60,22.57,774,26,7,0.564,home_improvement,MORTGAGE,0
L03490,58,53347,38523,12,11.26,704,3,1,0.722,vacation,RENT,0
L03491,38,40803,37614,60,6.38,335,26,3,0.922,education,MORTGAGE,0
L03492,44,79721,37732,24,23.89,657,14,3,0.473,vacation,RENT,0
L03493,47,60720,43646,60,21.53,626,9,7,0.719,home_improvement,RENT,0
L03494,50,43056,23021,24,13.85,343,22,2,0.535,medical,RENT,0
L03495,54,46022,29702,24,17.66,619,5,7,0.645,medical,RENT,0
L03496,48,42941,47416,12,17.75,771,2,9,1.104,education,RENT,0
L03497,46,36968,37523,48,8.7,568,29,1,1.015,debt_consolidation,RENT,0
L03498,31,46404,21116,60,8.8,824,24,2,0.455,car,MORTGAGE,0
L03499,44,61714,8473,36,13.92,324,14,6,0.137,education,MORTGAGE,0
L03500,42,56153,49322,24,22.32,456,5,2,0.878,medical,RENT,0
L03501,42,47112,24735,48,5.19,484,10,2,0.525,car,RENT,1
L03502,64,81919,36461,24,19.87,473,1,5,0.445,vacation,MORTGAGE,1
L03503,34,18808,13084,48,6.09,693,25,7,0.696,medical,RENT,0
L03504,58,60510,46771,48,14.09,485,27,4,0.773,medical,MORTGAGE,0
L03505,54,52430,30756,36,17.12,580,1,6,0.587,medical,OWN,0
L03506,45,37536,19068,48,18.05,594,0,3,0.508,debt_consolidation,MORTGAGE,0
L03507,32,61560,30916,36,6.11,827,10,4,0.502,education,OWN,0
L03508,38,51044,4919,12,12.95,487,4,4,0.096,vacation,OWN,0
L03509,25,77447,25550,24,16.09,711,25,4,0.33,home_improvement,RENT,0
L03510,46,70625,38524,36,6.25,485,5,1,0.545,debt_consolidation,RENT,0
L03511,51,89310,5283,24,7.57,843,2,4,0.059,debt_consolidation,RENT,0
L03512,30,46300,6691,60,17.61,600,19,4,0.145,medical,OWN,0
L03513,42,80137,25212,12,14.91,608,4,6,0.315,debt_consolidation,OWN,0
L03514,41,34014,42118,60,8.07,488,19,9,1.238,education,MORTGAGE,0
L03515,40,53008,30602,60,15.17,710,8,6,0.577,education,RENT,0
L03516,40,46625,19540,48,22.34,837,27,6,0.419,education,RENT,0
L03517,33,65844,37829,48,5.3,686,18,7,0.575,home_improvement,RENT,0
L03518,58,65408,7919,60,17.21,492,4,7,0.121,debt_consolidation,OWN,0
L03519,63,38788,24277,48,6.4,462,22,1,0.626,education,MORTGAGE,0
L03520,38,66847,19676,24,5.12,352,11,8,0.294,debt_consolidation,MORTGAGE,0
L03521,58,48151,44844,48,7.86,774,11,1,0.931,medical,MORTGAGE,0
L03522,60,40297,11752,60,13.04,473,15,9,0.292,vacation,MORTGAGE,0
L03523,49,54787,18012,48,20.24,495,6,4,0.329,education,MORTGAGE,0
L03524,62,28416,11175,48,10.35,510,13,9,0.393,home_improvement,RENT,0
L03525,56,71763,42670,36,16.89,689,21,8,0.595,medical,RENT,0
L03526,39,53998,4067,36,12.81,607,8,9,0.075,debt_consolidation,RENT,0
L03527,35,54392,33478,60,9.45,756,14,6,0.615,education,MORTGAGE,0
L03528,56,53431,28439,24,14.77,630,22,9,0.532,home_improvement,RENT,0
L03529,62,84643,36747,12,20.15,794,10,4,0.434,car,RENT,0
L03530,28,82339,31810,12,20.82,628,3,3,0.386,education,MORTGAGE,0
L03531,62,79313,20302,60,21.08,328,10,3,0.256,education,RENT,0
L03532,34,53469,2700,24,11.43,421,25,8,0.05,debt_consolidation,MORTGAGE,0
L03533,39,34918,38814,24,20.08,757,8,2,1.112,vacation,MORTGAGE,0
L03534,58,54712,36841,24,9.03,717,5,6,0.673,debt_consolidation,MORTGAGE,0
L03535,34,60659,46713,36,19.03,458,16,9,0.77,vacation,MORTGAGE,1
L03536,57,69626,5048,60,23.02,815,8,9,0.073,car,MORTGAGE,0
L03537,52,60601,35290,12,5.26,301,26,8,0.582,medical,MORTGAGE,0
L03538,23,36523,13101,24,13.37,601,22,8,0.359,medical,RENT,0
L03539,37,45362,31778,60,17.31,378,5,1,0.701,education,MORTGAGE,0
L03540,30,43729,29425,12,18.33,614,5,7,0.673,medical,MORTGAGE,0
L03541,30,64702,43509,36,8.35,627,3,1,0.672,home_improvement,RENT,0
L03542,59,65144,19852,48,23.47,575,19,9,0.305,vacation,RENT,1
L03543,32,67503,26500,12,16.69,751,10,3,0.393,debt_consolidation,RENT,0
L03544,43,60418,14674,12,8.12,785,2,1,0.243,home_improvement,OWN,0
L03545,54,17934,25195,12,5.39,406,23,8,1.405,home_improvement,RENT,0
L03546,57,23934,26371,48,19.88,545,23,7,1.102,debt_consolidation,MORTGAGE,0
L03547,44,52476,35053,24,6.51,463,17,2,0.668,car,RENT,0
L03548,55,56765,13957,48,7.68,826,15,7,0.246,medical,RENT,0
L03549,30,77565,9108,12,15.92,300,20,5,0.117,car,RENT,0
L03550,45,56400,49758,36,16.47,436,15,7,0.882,car,OWN,0
L03551,29,37432,19829,12,18.05,450,28,7,0.53,medical,RENT,0
L03552,28,66918,7837,36,12.48,479,24,2,0.117,car,RENT,0
L03553,57,54689,17032,60,19.7,786,11,2,0.311,home_improvement,MORTGAGE,0
L03554,39,47763,36234,36,23.51,317,13,7,0.759,education,MORTGAGE,0
L03555,24,25937,28352,12,10.15,524,8,3,1.093,debt_consolidation,MORTGAGE,0
L03556,49,56533,32215,48,18.36,404,6,4,0.57,education,OWN,0
L03557,27,59118,11106,12,22.64,364,13,7,0.188,home_improvement,MORTGAGE,0
L03558,42,37069,43247,12,18.04,632,19,2,1.167,education,MORTGAGE,0
L03559,49,68398,30766,60,17.94,671,19,2,0.45,home_improvement,MORTGAGE,0
L03560,61,66786,45048,24,9.25,506,9,9,0.675,vacation,RENT,1
L03561,22,55880,40700,12,15.17,528,10,1,0.728,medical,RENT,0
L03562,57,55211,11996,60,15.69,441,6,3,0.217,medical,RENT,0
L03563,42,72028,3178,48,18.3,630,18,4,0.044,education,MORTGAGE,0
L03564,64,61615,37319,60,23.94,570,18,5,0.606,home_improvement,OWN,0
L03565,56,42359,18025,60,5.64,624,20,3,0.426,medical,RENT,0
L03566,34,51442,11780,36,6.24,826,10,9,0.229,vacation,OWN,0
L03567,31,65023,24706,24,6.48,846,28,5,0.38,education,MORTGAGE,0
L03568,31,18418,44916,24,19.12,368,5,7,2.439,debt_consolidation,MORTGAGE,1
L03569,34,38232,11967,48,7.59,511,7,7,0.313,car,MORTGAGE,0
L03570,58,67278,32856,60,16.83,681,0,9,0.488,medical,MORTGAGE,0
L03571,59,76759,39630,48,11.17,719,22,2,0.516,home_improvement,RENT,0
L03572,45,73378,11179,48,13.69,347,7,3,0.152,medical,OWN,0
L03573,23,71079,40623,24,9.1,530,4,4,0.572,home_improvement,MORTGAGE,0
L03574,43,57335,19587,24,21.46,776,27,8,0.342,education,MORTGAGE,0
L03575,38,36479,25733,24,16.14,388,9,1,0.705,education,MORTGAGE,0
L03576,57,51460,24770,12,22.95,351,1,9,0.481,car,RENT,0
L03577,35,19121,35887,60,15.92,833,3,5,1.877,medical,RENT,0
L03578,31,78411,5975,48,7.35,721,21,4,0.076,car,RENT,0
L03579,56,40291,14919,60,8.25,745,24,8,0.37,home_improvement,OWN,0
L03580,46,45399,11602,48,23.79,430,1,9,0.256,vacation,OWN,0
L03581,24,74055,47463,48,18.79,673,14,3,0.641,vacation,MORTGAGE,1
L03582,59,25936,36060,48,5.94,829,19,4,1.39,debt_consolidation,MORTGAGE,0
L03583,38,33590,44154,48,18.37,404,9,1,1.314,home_improvement,RENT,1
L03584,33,59823,12140,36,12.83,686,20,3,0.203,home_improvement,RENT,0
L03585,45,64366,23170,36,10.84,635,29,5,0.36,home_improvement,MORTGAGE,0
L03586,50,53709,30830,12,7.93,416,23,8,0.574,education,OWN,0
L03587,64,54296,46540,24,20.96,300,23,1,0.857,education,MORTGAGE,1
L03588,46,77830,8590,48,6.21,837,1,1,0.11,vacation,OWN,0
L03589,57,66453,48745,60,10.51,735,5,3,0.734,vacation,RENT,0
L03590,47,64021,32609,36,10.82,795,21,9,0.509,vacation,RENT,0
L03591,59,68961,19401,24,8.06,311,28,9,0.281,medical,RENT,0
L03592,22,49589,29729,12,14.66,593,13,1,0.6,medical,RENT,0
L03593,41,94116,39944,24,5.22,807,4,4,0.424,vacation,MORTGAGE,0
L03594,49,15000,47167,48,10.72,427,23,8,3.144,car,OWN,1
L03595,37,81242,30645,24,22.74,375,25,2,0.377,medical,MORTGAGE,0
L03596,38,71237,31047,48,10.9,568,1,4,0.436,education,MORTGAGE,0
L03597,61,59469,24560,36,11.85,445,13,7,0.413,medical,OWN,1
L03598,49,56440,8647,36,13.99,702,12,7,0.153,medical,OWN,0
L03599,33,52200,23106,48,15.67,798,1,5,0.443,medical,MORTGAGE,0
L03600,48,74861,8015,60,20.37,498,29,7,0.107,debt_consolidation,RENT,0
L03601,63,54282,23506,36,8.62,802,22,6,0.433,medical,MORTGAGE,0
L03602,51,41898,26067,60,21.56,702,8,2,0.622,car,OWN,0
L03603,62,71235,4056,48,19.39,508,2,9,0.057,debt_consolidation,MORTGAGE,0
L03604,55,83525,33719,48,18.73,641,14,5,0.404,education,MORTGAGE,0
L03605,58,20310,31328,36,6.65,347,22,2,1.542,education,OWN,1
L03606,27,97427,14176,60,5.41,840,2,6,0.146,medical,RENT,0
L03607,28,36338,44771,48,16.29,475,11,5,1.232,home_improvement,OWN,0
L03608,53,37714,33885,36,21.4,810,5,2,0.898,debt_consolidation,OWN,0
L03609,53,32591,23269,48,16.1,318,18,7,0.714,education,MORTGAGE,0
L03610,46,55015,48515,24,9.05,794,16,2,0.882,medical,RENT,0
L03611,54,31965,5114,24,6.72,654,5,7,0.16,car,OWN,0
L03612,28,34151,15442,36,18.29,644,26,6,0.452,vacation,MORTGAGE,0
L03613,33,42606,42151,48,18.71,359,18,4,0.989,education,MORTGAGE,0
L03614,37,57492,3629,36,8.28,528,16,4,0.063,medical,RENT,0
L03615,37,59227,19927,12,5.54,446,15,6,0.336,home_improvement,MORTGAGE,0
L03616,64,77341,33317,36,12.76,597,20,9,0.431,car,RENT,0
L03617,57,76926,25896,36,16.07,632,7,6,0.337,education,MORTGAGE,0
L03618,34,73443,30155,24,18.41,631,23,6,0.411,debt_consolidation,RENT,0
L03619,28,50290,20288,24,20.39,732,23,1,0.403,car,MORTGAGE,0
L03620,57,21858,23415,48,16.6,698,18,5,1.071,medical,MORTGAGE,0
L03621,30,21460,38085,36,7.11,634,7,1,1.775,education,RENT,0
L03622,53,73319,13251,36,17.97,508,19,9,0.181,education,RENT,0
L03623,32,70187,38884,48,23.7,710,14,4,0.554,home_improvement,RENT,0
L03624,29,43899,27574,60,22.21,570,7,2,0.628,education,MORTGAGE,0
L03625,54,29066,11623,48,21.56,479,2,9,0.4,car,MORTGAGE,1
L03626,44,36151,22936,24,10.74,714,15,6,0.634,education,MORTGAGE,0
L03627,46,58144,8123,24,19.26,645,2,3,0.14,car,MORTGAGE,0
L03628,29,58178,5061,36,21.17,818,0,2,0.087,vacation,MORTGAGE,0
L03629,43,73765,42857,24,17.89,737,7,6,0.581,vacation,MORTGAGE,0
L03630,25,46893,38499,48,9.76,312,23,6,0.821,medical,MORTGAGE,1
L03631,61,50607,41095,36,23.12,703,8,9,0.812,debt_consolidation,RENT,0
L03632,24,75255,30451,48,13.57,679,21,5,0.405,debt_consolidation,MORTGAGE,0
L03633,50,16748,18361,48,7.47,720,11,9,1.096,home_improvement,RENT,0
L03634,62,60714,17907,36,7.09,479,17,5,0.295,medical,MORTGAGE,0
L03635,50,48983,36814,60,17.3,582,16,2,0.752,debt_consolidation,RENT,0
L03636,55,67829,21605,24,13.32,717,7,1,0.319,education,RENT,0
L03637,55,64226,34256,12,6.8,655,25,9,0.533,car,RENT,0
L03638,49,42466,13332,12,19.07,315,19,7,0.314,medical,MORTGAGE,0
L03639,34,45867,39832,12,20.19,614,10,3,0.868,car,RENT,0
L03640,36,15000,31476,24,18.78,832,29,6,2.098,home_improvement,MORTGAGE,0
L03641,44,68499,11445,60,8.84,315,26,4,0.167,education,RENT,0
L03642,47,59315,35490,48,18.11,764,6,9,0.598,medical,RENT,0
L03643,25,80173,31767,36,5.2,762,13,2,0.396,education,RENT,0
L03644,47,47810,48057,60,10.8,844,9,4,1.005,education,RENT,0
L03645,61,71458,17210,12,12.58,368,14,1,0.241,education,RENT,0
L03646,30,35741,26159,24,20.87,710,11,7,0.732,home_improvement,RENT,0
L03647,26,15000,9564,24,12.42,351,19,4,0.638,vacation,RENT,0
L03648,53,53298,43043,36,5.21,364,16,5,0.808,home_improvement,RENT,0
L03649,41,44799,23219,48,11.69,766,7,1,0.518,education,RENT,0
L03650,32,36085,29946,60,14.48,571,25,2,0.83,vacation,MORTGAGE,0
L03651,36,71165,38587,60,23.03,738,13,4,0.542,medical,RENT,0
L03652,53,76748,5364,60,22.88,829,24,2,0.07,car,RENT,0
L03653,49,56897,6318,48,8.44,572,25,1,0.111,car,RENT,0
L03654,43,51714,13479,48,8.52,758,14,1,0.261,car,OWN,0
L03655,62,56128,9398,48,8.1,472,24,6,0.167,home_improvement,RENT,0
L03656,38,43247,4452,36,19.99,820,24,2,0.103,medical,OWN,0
L03657,47,65126,23672,24,5.11,796,27,3,0.363,medical,MORTGAGE,0
L03658,28,27291,35193,12,7.42,833,27,5,1.29,vacation,RENT,0
L03659,63,35684,15865,48,15.22,371,26,3,0.445,medical,RENT,0
L03660,47,40757,27345,24,9.7,471,10,6,0.671,car,RENT,1
L03661,46,64744,48275,48,6.75,591,11,7,0.746,medical,RENT,0
L03662,31,49555,22359,12,11.84,551,19,6,0.451,vacation,RENT,0
L03663,40,79487,10799,48,10.21,708,15,2,0.136,medical,OWN,0
L03664,32,69459,25053,24,14.71,666,24,9,0.361,medical,MORTGAGE,0
L03665,34,40580,36892,36,23.61,555,26,2,0.909,car,RENT,0
L03666,29,66402,19684,12,7.36,824,19,6,0.296,medical,RENT,0
L03667,61,47652,7015,24,12.08,739,17,9,0.147,home_improvement,MORTGAGE,0
L03668,25,63517,33665,60,22.71,634,9,9,0.53,vacation,RENT,0
L03669,52,70331,10657,60,21.66,734,18,2,0.152,vacation,RENT,0
L03670,49,75064,23951,60,12.49,760,17,9,0.319,vacation,OWN,0
L03671,32,58636,34063,36,18.28,607,29,8,0.581,medical,RENT,0
L03672,64,83802,34743,48,6.67,394,0,7,0.415,home_improvement,MORTGAGE,1
L03673,22,62943,28521,48,18.54,708,26,8,0.453,education,RENT,0
L03674,59,57430,12731,48,23.48,467,21,8,0.222,education,OWN,0
L03675,45,49554,20744,36,15.21,386,3,1,0.419,vacation,MORTGAGE,0
L03676,52,43636,20423,60,14.47,302,22,9,0.468,debt_consolidation,RENT,0
L03677,62,62557,19568,48,8.56,671,6,6,0.313,education,RENT,0
L03678,47,56813,49411,36,17.04,827,29,1,0.87,education,RENT,0
L03679,26,59694,5934,36,16.22,322,25,1,0.099,car,MORTGAGE,0
L03680,41,63653,13409,24,17.39,397,0,7,0.211,debt_consolidation,MORTGAGE,0
L03681,62,59618,33410,48,5.5,821,27,2,0.56,debt_consolidation,RENT,0
L03682,32,91239,32808,60,15.43,620,28,6,0.36,vacation,MORTGAGE,0
L03683,54,45496,10172,12,16.3,833,24,5,0.224,debt_consolidation,MORTGAGE,0
L03684,59,62781,29358,36,8.94,666,7,5,0.468,debt_consolidation,MORTGAGE,0
L03685,48,50901,2777,24,8.96,483,25,6,0.055,education,RENT,0
L03686,55,15000,21763,12,10.25,716,16,8,1.451,home_improvement,MORTGAGE,0
L03687,36,51517,37186,36,18.52,513,28,5,0.722,car,RENT,0
L03688,53,38143,33170,24,16.52,509,7,8,0.87,medical,MORTGAGE,0
L03689,42,53797,22461,48,21.07,432,4,5,0.418,vacation,RENT,0
L03690,26,54524,47222,24,10.62,352,0,6,0.866,education,RENT,0
L03691,27,61936,4439,36,22.33,322,14,8,0.072,education,MORTGAGE,0
L03692,59,45456,9804,48,19.13,405,3,2,0.216,vacation,MORTGAGE,0
L03693,43,47708,47791,60,12.51,759,6,7,1.002,debt_consolidation,RENT,0
L03694,39,67612,49594,24,6.81,781,13,3,0.734,medical,OWN,0
L03695,35,40436,15212,12,9.88,419,11,9,0.376,education,RENT,0
L03696,31,21907,23653,48,23.18,507,20,7,1.08,medical,RENT,0
L03697,34,57826,23971,48,10.9,617,26,3,0.415,medical,RENT,0
L03698,52,74275,3989,60,11.27,637,2,8,0.054,vacation,RENT,0
L03699,51,67405,9868,24,8.6,454,27,2,0.146,vacation,OWN,1
L03700,24,58158,44026,12,20.33,454,26,8,0.757,education,RENT,0
L03701,51,77511,35712,60,10.24,693,19,7,0.461,education,RENT,0
L03702,27,74476,26604,24,11.27,804,17,5,0.357,education,MORTGAGE,0
L03703,50,49043,24135,12,12.87,612,7,4,0.492,home_improvement,RENT,0
L03704,29,59455,32544,12,13.24,558,27,1,0.547,vacation,MORTGAGE,0
L03705,64,60228,39918,36,12.82,456,1,4,0.663,vacation,MORTGAGE,0
L03706,54,53438,32847,12,14.57,313,29,6,0.615,home_improvement,RENT,1
L03707,38,75416,45774,24,20.48,376,28,6,0.607,vacation,RENT,1
L03708,32,52261,12680,60,20.57,638,26,2,0.243,debt_consolidation,OWN,0
L03709,34,45994,49972,60,20.17,708,5,9,1.086,debt_consolidation,OWN,0
L03710,32,15000,32083,36,6.92,693,29,1,2.139,home_improvement,OWN,1
L03711,52,40630,36433,24,20.19,519,6,4,0.897,education,OWN,0
L03712,49,31322,47579,12,7.28,732,6,4,1.519,home_improvement,MORTGAGE,0
L03713,27,54272,28309,36,7.37,754,12,2,0.522,debt_consolidation,RENT,0
L03714,62,32433,43719,48,23.01,439,0,8,1.348,medical,MORTGAGE,0
L03715,37,65956,12349,24,20.57,797,7,2,0.187,vacation,RENT,0
L03716,25,74951,11543,36,15.5,829,24,2,0.154,car,RENT,0
L03717,56,54439,11460,60,21.62,395,29,2,0.211,car,RENT,0
L03718,47,37287,36553,36,23.8,327,29,1,0.98,home_improvement,RENT,0
L03719,33,60155,30525,48,16.6,529,22,5,0.507,car,MORTGAGE,0
L03720,32,89082,7948,24,16.65,715,12,4,0.089,medical,RENT,0
L03721,58,83484,16498,36,19.33,755,23,2,0.198,car,RENT,0
L03722,46,29690,20991,12,9.41,324,19,1,0.707,debt_consolidation,RENT,1
L03723,39,29022,26974,24,8.18,703,27,1,0.929,home_improvement,RENT,0
L03724,40,24408,37398,36,19.43,841,23,2,1.532,education,MORTGAGE,0
L03725,44,34534,9660,36,11.55,464,18,1,0.28,car,MORTGAGE,0
L03726,59,59528,28245,24,7.57,507,28,9,0.474,vacation,MORTGAGE,0
L03727,39,44979,2238,60,10.98,672,16,2,0.05,home_improvement,OWN,0
L03728,47,39903,21920,12,11.81,368,12,3,0.549,medical,OWN,0
L03729,27,73703,48659,24,23.34,819,28,9,0.66,debt_consolidation,RENT,0
L03730,25,64541,11338,12,18.26,652,15,5,0.176,car,MORTGAGE,0
L03731,50,24315,44517,12,15.09,400,23,8,1.831,debt_consolidation,RENT,0
L03732,55,72671,12349,24,23.41,300,14,7,0.17,medical,MORTGAGE,0
L03733,38,64108,48350,36,22.16,650,10,6,0.754,education,MORTGAGE,0
L03734,64,64508,13643,60,14.73,306,11,2,0.211,car,MORTGAGE,0
L03735,64,44731,30274,12,22.21,617,21,4,0.677,education,RENT,0
L03736,37,51628,47013,12,12.68,808,24,9,0.911,education,RENT,1
L03737,23,19491,42667,36,9.38,485,2,7,2.189,home_improvement,MORTGAGE,0
L03738,55,70605,41913,24,9.42,761,23,3,0.594,education,MORTGAGE,0
L03739,29,37019,40629,60,17.58,642,24,6,1.098,home_improvement,MORTGAGE,0
L03740,34,39328,47819,12,14.52,307,8,8,1.216,education,RENT,1
L03741,63,39085,18632,12,17.52,435,27,8,0.477,vacation,MORTGAGE,0
L03742,29,87407,29144,24,18.04,682,13,8,0.333,medical,OWN,0
L03743,51,42963,14321,36,5.42,485,29,8,0.333,car,RENT,0
L03744,53,71960,39091,48,6.03,671,6,6,0.543,debt_consolidation,MORTGAGE,0
L03745,57,54568,31256,36,15.12,465,27,3,0.573,debt_consolidation,RENT,0
L03746,51,40076,25485,12,8.63,620,10,9,0.636,car,MORTGAGE,0
L03747,22,36812,4860,12,17.02,456,9,3,0.132,medical,OWN,0
L03748,64,43680,16919,60,15.49,584,2,4,0.387,medical,OWN,0
L03749,60,53659,35337,36,16.13,327,18,1,0.659,education,RENT,0
L03750,38,65831,10411,48,10.75,650,1,2,0.158,debt_consolidation,OWN,0
L03751,41,46522,11586,60,17.16,382,16,6,0.249,car,OWN,0
L03752,45,45848,26312,48,20.76,669,28,1,0.574,education,OWN,0
L03753,43,39139,25055,60,23.96,840,1,9,0.64,car,MORTGAGE,0
L03754,50,33507,36890,36,20.93,694,20,8,1.101,debt_consolidation,RENT,0
L03755,43,32001,30807,12,15.59,779,15,2,0.963,car,MORTGAGE,0
L03756,30,72784,22384,48,8.68,512,16,2,0.308,car,RENT,0
L03757,58,45480,49177,36,17.95,659,9,8,1.081,education,MORTGAGE,0
L03758,31,47075,30925,48,22.82,513,3,8,0.657,home_improvement,RENT,0
L03759,57,43000,5089,36,9.03,603,10,1,0.118,home_improvement,RENT,0
L03760,58,49296,16242,60,9.86,454,25,5,0.329,vacation,MORTGAGE,0
L03761,49,61679,41978,36,7.83,679,25,2,0.681,education,RENT,0
L03762,49,46236,18433,60,19.0,499,16,1,0.399,vacation,MORTGAGE,0
L03763,63,58253,35282,12,12.72,537,27,3,0.606,medical,RENT,0
L03764,64,80527,12983,60,6.19,466,25,3,0.161,home_improvement,MORTGAGE,0
L03765,42,40246,45738,24,21.62,525,23,9,1.136,home_improvement,OWN,0
L03766,45,47089,45578,12,15.6,550,11,1,0.968,home_improvement,OWN,0
L03767,63,66539,44797,36,11.29,579,20,2,0.673,home_improvement,RENT,0
L03768,61,81951,6671,36,11.54,775,9,9,0.081,medical,RENT,0
L03769,23,32638,26133,24,10.51,797,15,5,0.801,debt_consolidation,RENT,0
L03770,29,24385,45209,36,13.65,834,3,9,1.854,medical,OWN,0
L03771,48,54989,2414,12,11.4,710,2,6,0.044,debt_consolidation,OWN,0
L03772,43,53130,49861,12,15.41,728,8,3,0.938,vacation,MORTGAGE,0
L03773,58,67603,23242,60,19.7,838,5,8,0.344,home_improvement,MORTGAGE,0
L03774,48,64856,37184,48,17.81,742,11,9,0.573,education,OWN,0
L03775,50,54388,40379,36,10.59,509,0,2,0.742,education,RENT,0
L03776,24,73885,17231,24,15.05,846,13,9,0.233,debt_consolidation,RENT,0
L03777,34,42741,23849,12,20.96,790,23,4,0.558,medical,MORTGAGE,0
L03778,31,58808,43163,12,6.3,770,9,8,0.734,debt_consolidation,RENT,0
L03779,57,33117,33676,12,6.49,762,17,5,1.017,car,OWN,0
L03780,30,54241,24056,48,15.57,849,12,6,0.444,vacation,RENT,0
L03781,48,28699,43028,48,17.14,776,8,4,1.499,vacation,RENT,0
L03782,55,34914,21947,36,9.02,497,26,5,0.629,home_improvement,OWN,0
L03783,22,85770,47416,24,19.16,820,22,1,0.553,home_improvement,OWN,0
L03784,53,22158,28040,48,17.28,798,18,3,1.265,medical,OWN,1
L03785,46,51100,48110,60,22.54,810,3,4,0.941,debt_consolidation,MORTGAGE,0
L03786,50,69889,48978,48,8.21,624,2,1,0.701,car,RENT,0
L03787,28,94984,27282,12,19.28,766,5,3,0.287,vacation,RENT,0
L03788,24,58187,28201,24,6.59,438,8,4,0.485,debt_consolidation,MORTGAGE,1
L03789,41,59215,8833,36,15.74,541,9,9,0.149,car,OWN,0
L03790,41,55714,6752,48,15.49,615,8,3,0.121,education,RENT,0
L03791,51,74030,26507,12,12.38,434,16,3,0.358,debt_consolidation,MORTGAGE,0
L03792,56,62770,22169,60,21.05,487,9,4,0.353,home_improvement,OWN,0
L03793,56,44648,46746,60,5.08,368,5,9,1.047,education,RENT,0
L03794,60,75079,43495,36,14.88,738,15,9,0.579,education,MORTGAGE,0
L03795,48,46680,26930,36,9.13,376,16,1,0.577,vacation,OWN,0
L03796,47,26227,7023,48,19.13,699,10,8,0.268,car,RENT,0
L03797,35,26284,2982,36,5.82,673,19,1,0.113,home_improvement,OWN,0
L03798,38,51380,16305,12,20.8,311,6,2,0.317,education,OWN,0
L03799,39,56854,18146,12,20.92,786,3,5,0.319,medical,MORTGAGE,0
L03800,50,72201,13201,12,20.82,716,24,6,0.183,medical,MORTGAGE,0
L03801,41,66534,18910,48,7.9,506,29,2,0.284,home_improvement,RENT,0
L03802,48,56437,25031,48,16.98,640,9,5,0.444,car,RENT,0
L03803,39,73207,25636,36,5.27,610,20,3,0.35,car,MORTGAGE,0
L03804,25,55229,19314,48,21.11,607,13,7,0.35,vacation,MORTGAGE,0
L03805,22,31771,29332,12,18.74,592,24,1,0.923,home_improvement,RENT,1
L03806,22,27847,20330,24,15.09,675,16,5,0.73,medical,RENT,0
L03807,47,78016,17365,12,18.88,826,28,3,0.223,home_improvement,MORTGAGE,0
L03808,41,15000,45501,24,6.79,639,27,2,3.033,debt_consolidation,MORTGAGE,1
L03809,44,51386,12108,36,15.04,382,13,3,0.236,car,RENT,0
L03810,31,108672,5360,60,10.53,751,19,4,0.049,education,MORTGAGE,0
L03811,32,63266,44553,48,23.48,302,22,2,0.704,debt_consolidation,RENT,1
L03812,62,51246,42880,48,21.29,755,12,2,0.837,medical,RENT,0
L03813,62,24679,5625,12,18.93,535,1,3,0.228,car,RENT,0
L03814,26,84112,40237,12,22.74,688,8,2,0.478,medical,OWN,0
L03815,22,76848,3223,24,11.59,692,2,6,0.042,medical,MORTGAGE,0
L03816,38,67326,41878,48,22.12,329,3,2,0.622,medical,OWN,0
L03817,43,54989,11157,36,11.18,447,11,1,0.203,vacation,RENT,0
L03818,55,65296,48019,12,18.92,582,29,8,0.735,medical,MORTGAGE,0
L03819,62,52324,39760,48,18.99,537,14,4,0.76,medical,RENT,1
L03820,50,37481,15646,60,5.35,618,19,2,0.417,debt_consolidation,MORTGAGE,0
L03821,25,72214,46638,24,11.86,636,7,4,0.646,debt_consolidation,MORTGAGE,0
L03822,26,54088,31024,12,5.37,330,17,2,0.574,debt_consolidation,RENT,0
L03823,32,64394,6787,12,23.94,506,4,5,0.105,car,RENT,0
L03824,42,52819,25202,36,7.32,528,1,7,0.477,vacation,MORTGAGE,0
L03825,56,63312,45908,12,15.31,641,27,6,0.725,car,OWN,0
L03826,33,54739,38067,48,20.02,759,21,2,0.695,vacation,RENT,0
L03827,47,53334,11360,48,8.82,435,8,4,0.213,vacation,MORTGAGE,0
L03828,40,55539,34692,48,14.22,583,27,8,0.625,home_improvement,RENT,0
L03829,28,108295,41219,60,16.54,650,24,7,0.381,education,RENT,0
L03830,28,69443,14941,60,8.04,316,13,7,0.215,home_improvement,OWN,0
L03831,47,101549,17993,12,19.79,514,0,4,0.177,home_improvement,MORTGAGE,1
L03832,61,54854,16620,60,10.69,694,19,1,0.303,vacation,RENT,0
L03833,26,49436,22193,60,9.01,698,3,7,0.449,vacation,RENT,0
L03834,42,35664,23248,36,15.61,713,16,6,0.652,car,OWN,0
L03835,35,83858,47852,60,12.8,543,9,8,0.571,vacation,OWN,0
L03836,25,38706,7027,24,22.49,394,1,5,0.182,medical,MORTGAGE,0
L03837,44,87572,6260,24,21.72,305,5,8,0.071,medical,OWN,0
L03838,63,36708,39596,24,14.18,386,25,8,1.079,vacation,OWN,0
L03839,41,70959,43540,12,11.83,488,18,9,0.614,medical,RENT,0
L03840,36,26361,11012,48,11.18,719,8,1,0.418,vacation,MORTGAGE,0
L03841,50,47044,27823,36,10.08,366,18,3,0.591,home_improvement,RENT,1
L03842,29,55397,10315,12,15.35,547,18,6,0.186,vacation,OWN,0
L03843,62,44245,49027,48,20.29,506,8,4,1.108,home_improvement,MORTGAGE,0
L03844,40,51952,14631,36,10.9,504,2,8,0.282,debt_consolidation,MORTGAGE,0
L03845,60,52038,20258,36,8.61,618,5,1,0.389,medical,OWN,0
L03846,49,69524,27099,36,14.03,382,5,5,0.39,debt_consolidation,MORTGAGE,0
L03847,48,17438,37891,24,6.31,723,16,4,2.173,medical,MORTGAGE,1
L03848,25,44867,38992,24,18.32,381,12,1,0.869,education,MORTGAGE,1
L03849,36,77583,33376,24,14.85,848,12,6,0.43,education,OWN,0
L03850,56,65124,12977,36,14.43,786,6,3,0.199,education,MORTGAGE,0
L03851,58,77883,28694,36,10.71,432,8,5,0.368,debt_consolidation,RENT,0
L03852,22,68658,49376,24,22.19,414,24,6,0.719,education,OWN,0
L03853,24,35496,35978,36,6.72,676,24,4,1.014,vacation,RENT,0
L03854,45,66896,11218,24,21.53,510,17,6,0.168,education,RENT,0
L03855,48,56803,23788,24,12.16,431,0,7,0.419,debt_consolidation,MORTGAGE,0
L03856,61,95825,22501,24,21.73,673,21,2,0.235,medical,RENT,0
L03857,57,69438,14453,48,18.85,453,21,7,0.208,car,RENT,0
L03858,55,64420,40197,36,6.98,722,19,7,0.624,medical,RENT,0
L03859,50,67049,17210,12,20.8,665,12,2,0.257,car,RENT,0
L03860,45,63439,10689,24,17.96,446,7,3,0.168,vacation,RENT,0
L03861,45,62952,47489,12,5.61,426,20,3,0.754,medical,MORTGAGE,0
L03862,63,50206,29381,48,7.54,607,22,1,0.585,debt_consolidation,MORTGAGE,0
L03863,25,64638,31508,36,17.08,417,8,1,0.487,vacation,RENT,0
L03864,24,72072,44653,24,17.59,530,28,6,0.62,medical,RENT,0
L03865,55,74085,23142,24,19.19,750,0,9,0.312,vacation,OWN,0
L03866,44,71904,42950,24,18.68,799,8,9,0.597,car,MORTGAGE,0
L03867,44,82145,10916,12,17.53,444,28,1,0.133,vacation,OWN,0
L03868,26,75212,2375,48,19.56,348,28,7,0.032,debt_consolidation,RENT,0
L03869,52,66313,33449,36,15.93,406,19,6,0.504,medical,RENT,0
L03870,62,34414,25797,48,9.96,392,22,4,0.75,car,RENT,0
L03871,27,34421,22782,24,22.34,439,10,3,0.662,vacation,OWN,0
L03872,58,50533,29028,48,5.35,613,19,9,0.574,home_improvement,MORTGAGE,0
L03873,31,55841,22243,12,11.96,310,3,5,0.398,car,MORTGAGE,0
L03874,61,80164,31379,60,18.85,747,28,8,0.391,car,RENT,0
L03875,28,15000,39780,60,13.12,694,15,4,2.652,debt_consolidation,MORTGAGE,1
L03876,60,36402,32740,36,5.47,804,13,4,0.899,debt_consolidation,MORTGAGE,0
L03877,59,51504,21984,36,6.25,677,19,6,0.427,vacation,MORTGAGE,0
L03878,42,37056,2050,48,17.32,660,21,6,0.055,home_improvement,MORTGAGE,0
L03879,41,40634,8590,36,23.33,847,20,3,0.211,car,MORTGAGE,0
L03880,24,46015,42205,12,15.49,695,17,2,0.917,vacation,RENT,0
L03881,43,37975,17162,24,14.63,485,24,9,0.452,education,RENT,0
L03882,25,41096,15105,24,11.05,520,26,2,0.368,home_improvement,MORTGAGE,0
L03883,49,79538,39499,48,9.88,817,21,9,0.497,vacation,OWN,0
L03884,33,66057,38641,24,5.4,599,25,8,0.585,car,MORTGAGE,0
L03885,59,68750,13628,48,10.19,474,21,7,0.198,vacation,MORTGAGE,0
L03886,57,54385,44032,36,13.53,670,8,5,0.81,debt_consolidation,RENT,0
L03887,62,73199,40516,36,8.76,808,0,3,0.554,debt_consolidation,OWN,0
L03888,26,70260,23621,12,6.66,503,22,2,0.336,medical,OWN,0
L03889,34,65773,3476,24,18.64,581,2,8,0.053,home_improvement,RENT,0
L03890,44,43225,42800,12,22.0,715,19,2,0.99,education,RENT,0
L03891,51,47043,37788,60,22.8,332,0,8,0.803,car,OWN,1
L03892,58,74046,26437,12,16.74,381,2,5,0.357,home_improvement,RENT,0
L03893,46,45698,28240,48,6.0,782,13,9,0.618,debt_consolidation,RENT,0
L03894,48,31806,47452,48,19.08,447,29,4,1.492,education,RENT,0
L03895,35,45351,12922,12,7.09,794,13,8,0.285,car,MORTGAGE,0
L03896,57,83069,10066,36,17.73,469,22,7,0.121,medical,MORTGAGE,0
L03897,60,45369,14089,60,19.81,306,29,8,0.311,debt_consolidation,OWN,1
L03898,37,60897,34600,12,18.79,679,21,5,0.568,debt_consolidation,RENT,0
L03899,43,43917,48176,36,23.09,733,12,2,1.097,education,MORTGAGE,1
L03900,42,68741,10167,12,19.02,333,0,7,0.148,home_improvement,RENT,0
L03901,42,64662,14816,24,18.17,437,14,3,0.229,vacation,RENT,0
L03902,29,28158,23164,48,9.97,666,24,2,0.823,home_improvement,RENT,0
L03903,37,59824,22429,24,22.57,405,19,3,0.375,debt_consolidation,RENT,0
L03904,52,24713,37001,24,8.41,331,6,4,1.497,home_improvement,RENT,1
L03905,63,45026,33415,60,22.19,823,15,7,0.742,vacation,RENT,0
L03906,31,54794,10117,36,10.94,467,19,1,0.185,medical,RENT,0
L03907,53,88243,49318,48,7.47,377,22,6,0.559,car,OWN,0
L03908,55,60722,8359,24,20.71,845,20,6,0.138,debt_consolidation,RENT,1
L03909,30,41192,16364,48,5.05,508,0,8,0.397,home_improvement,OWN,0
L03910,38,49290,38965,36,20.81,710,14,2,0.791,debt_consolidation,OWN,1
L03911,32,71635,30794,12,9.98,307,19,2,0.43,car,RENT,0
L03912,53,41436,12293,24,21.81,526,14,1,0.297,home_improvement,MORTGAGE,0
L03913,31,74745,11332,36,18.14,474,18,3,0.152,medical,OWN,0
L03914,43,45585,2615,48,17.66,380,5,7,0.057,car,RENT,0
L03915,38,38524,47612,36,11.94,356,5,8,1.236,vacation,RENT,1
L03916,25,46161,14401,12,6.13,434,0,7,0.312,vacation,MORTGAGE,0
L03917,46,25906,43936,36,20.77,537,29,9,1.696,debt_consolidation,MORTGAGE,0
L03918,42,15893,31372,48,8.25,771,29,8,1.974,vacation,OWN,0
L03919,58,53514,44276,24,12.07,516,15,8,0.827,home_improvement,RENT,0
L03920,59,53788,4339,24,16.41,325,26,2,0.081,vacation,OWN,0
L03921,22,59616,18246,60,14.16,486,17,1,0.306,medical,OWN,0
L03922,46,53425,10109,48,8.77,415,12,6,0.189,education,MORTGAGE,1
L03923,57,96926,25758,60,7.67,462,11,7,0.266,home_improvement,OWN,0
L03924,38,58031,25091,60,7.34,713,17,6,0.432,education,RENT,0
L03925,62,30223,45056,12,21.4,477,27,7,1.491,debt_consolidation,RENT,1
L03926,45,34841,15317,48,5.6,579,9,8,0.44,debt_consolidation,RENT,0
L03927,23,55005,18762,24,23.56,511,13,2,0.341,vacation,MORTGAGE,0
L03928,61,47162,5465,48,8.77,353,19,1,0.116,vacation,RENT,0
L03929,36,32887,27622,12,7.1,366,28,8,0.84,debt_consolidation,OWN,1
L03930,53,53940,8800,48,15.96,843,24,8,0.163,home_improvement,MORTGAGE,0
L03931,60,54203,37539,48,6.52,819,10,8,0.693,car,RENT,0
L03932,27,83722,38651,60,16.45,798,17,7,0.462,debt_consolidation,MORTGAGE,0
L03933,22,38510,4600,48,21.16,730,26,2,0.119,medical,OWN,0
L03934,44,47480,7518,60,5.91,345,23,4,0.158,home_improvement,RENT,0
L03935,60,83667,21627,60,20.2,334,26,9,0.258,car,MORTGAGE,0
L03936,38,60914,31369,36,12.5,488,11,8,0.515,car,MORTGAGE,0
L03937,55,38404,33445,12,8.03,388,16,4,0.871,home_improvement,RENT,0
L03938,62,42134,18689,60,8.35,634,27,8,0.444,debt_consolidation,MORTGAGE,0
L03939,50,33145,17923,48,22.46,435,23,6,0.541,car,MORTGAGE,0
L03940,30,56390,40469,60,7.1,845,2,9,0.718,medical,MORTGAGE,0
L03941,34,73560,32403,60,21.47,412,29,1,0.44,education,OWN,0
L03942,27,84356,2958,60,15.34,471,20,6,0.035,home_improvement,RENT,0
L03943,27,28246,42363,24,5.74,638,0,4,1.5,vacation,RENT,0
L03944,41,70644,5538,24,13.83,824,0,3,0.078,education,MORTGAGE,0
L03945,24,57957,25404,24,20.53,473,5,5,0.438,debt_consolidation,RENT,1
L03946,38,50285,11983,24,18.8,631,18,8,0.238,home_improvement,MORTGAGE,0
L03947,33,47487,37371,36,14.29,506,23,6,0.787,medical,RENT,0
L03948,22,20423,26642,60,21.34,642,3,1,1.305,education,OWN,0
L03949,38,66483,15467,36,7.29,403,21,6,0.233,education,OWN,0
L03950,24,31260,2205,48,22.29,339,12,7,0.071,car,OWN,0
L03951,47,41532,29409,12,21.08,322,25,6,0.708,debt_consolidation,MORTGAGE,1
L03952,36,62523,14442,36,18.46,551,11,3,0.231,debt_consolidation,OWN,0
L03953,57,22300,28290,24,20.54,589,24,9,1.269,home_improvement,RENT,0
L03954,53,31225,28108,24,15.33,501,29,4,0.9,home_improvement,RENT,0
L03955,53,76935,7691,48,17.83,454,7,5,0.1,medical,MORTGAGE,0
L03956,25,57197,40909,60,15.65,405,19,5,0.715,vacation,MORTGAGE,0
L03957,39,43080,21504,12,11.75,559,25,3,0.499,home_improvement,RENT,0
L03958,40,57267,32162,36,15.81,499,23,2,0.562,education,RENT,0
L03959,64,67050,41496,60,9.89,516,6,8,0.619,home_improvement,RENT,0
L03960,56,75245,40798,60,13.37,710,20,7,0.542,home_improvement,MORTGAGE,0
L03961,61,34976,23551,36,10.33,416,6,5,0.673,medical,RENT,0
L03962,35,36552,15383,36,7.33,723,6,1,0.421,car,RENT,0
L03963,54,65950,18496,36,11.12,511,13,1,0.28,vacation,RENT,0
L03964,35,66527,43716,36,21.19,454,28,8,0.657,medical,MORTGAGE,0
L03965,55,30808,11088,24,12.24,562,25,4,0.36,home_improvement,MORTGAGE,0
L03966,25,37228,48982,60,19.21,806,17,4,1.316,car,RENT,0
L03967,45,51512,29444,60,8.33,450,22,9,0.572,home_improvement,RENT,0
L03968,50,55424,26734,24,13.06,511,18,2,0.482,medical,OWN,0
L03969,40,55934,43745,60,7.18,491,23,5,0.782,debt_consolidation,RENT,0
L03970,27,30532,36571,36,7.63,397,23,6,1.198,home_improvement,RENT,0
L03971,54,55752,28415,12,16.73,840,24,6,0.51,car,MORTGAGE,0
L03972,61,42087,17389,60,16.54,471,26,3,0.413,vacation,MORTGAGE,0
L03973,40,34006,29744,12,9.05,670,19,6,0.875,debt_consolidation,MORTGAGE,0
L03974,22,54802,20682,12,14.01,454,25,5,0.377,home_improvement,OWN,0
L03975,26,52966,47038,24,21.4,439,18,8,0.888,home_improvement,RENT,0
L03976,48,69430,36310,48,8.31,555,24,4,0.523,car,MORTGAGE,0
L03977,37,39502,9259,60,5.37,715,24,3,0.234,debt_consolidation,RENT,0
L03978,27,59233,47168,24,17.39,628,17,6,0.796,debt_consolidation,RENT,0
L03979,61,26763,14546,24,6.02,677,5,9,0.544,debt_consolidation,RENT,0
L03980,34,50052,4154,12,23.62,565,15,8,0.083,home_improvement,MORTGAGE,0
L03981,56,63346,10766,60,16.58,840,2,8,0.17,debt_consolidation,MORTGAGE,0
L03982,40,64864,13230,24,13.94,438,20,3,0.204,home_improvement,RENT,1
L03983,33,64987,19765,36,13.17,811,1,1,0.304,home_improvement,RENT,0
L03984,37,69478,7902,24,15.89,548,14,3,0.114,education,MORTGAGE,0
L03985,64,46975,3222,36,6.72,607,19,3,0.069,debt_consolidation,MORTGAGE,0
L03986,31,63923,29050,48,22.67,518,10,6,0.454,medical,MORTGAGE,1
L03987,46,88637,36269,36,16.89,592,18,3,0.409,vacation,RENT,1
L03988,41,46591,11050,36,8.5,709,17,2,0.237,vacation,OWN,0
L03989,52,79843,5574,12,15.69,497,21,9,0.07,medical,OWN,0
L03990,25,70776,38497,24,7.53,379,10,6,0.544,debt_consolidation,MORTGAGE,0
L03991,44,50206,13157,48,5.33,684,2,5,0.262,home_improvement,RENT,0
L03992,23,51708,21575,24,16.98,436,3,3,0.417,car,OWN,0
L03993,43,57131,42244,36,17.32,512,5,7,0.739,medical,RENT,0
L03994,58,69762,19945,36,16.09,506,11,7,0.286,vacation,RENT,0
L03995,29,62247,16962,24,8.49,432,28,4,0.272,vacation,RENT,0
L03996,28,46450,37290,48,16.47,465,27,2,0.803,home_improvement,MORTGAGE,0
L03997,35,17523,37159,48,6.07,802,20,2,2.121,vacation,RENT,0
L03998,24,67099,26852,12,16.58,729,3,8,0.4,vacation,RENT,0
L03999,37,20215,32684,36,15.53,479,28,4,1.617,home_improvement,RENT,0
L04000,40,30412,46842,36,17.45,420,29,7,1.54,debt_consolidation,MORTGAGE,0
L04001,39,47755,13796,12,22.01,473,11,3,0.289,education,MORTGAGE,0
L04002,37,33146,26450,24,21.16,630,3,9,0.798,vacation,RENT,0
L04003,29,60715,36846,36,23.63,367,1,9,0.607,education,RENT,0
L04004,54,49668,47037,24,23.55,437,11,7,0.947,education,OWN,0
L04005,33,69134,49130,48,19.67,607,12,7,0.711,debt_consolidation,RENT,0
L04006,32,26061,19504,60,23.17,629,25,1,0.748,car,RENT,0
L04007,26,43085,47728,12,21.48,537,28,8,1.108,debt_consolidation,MORTGAGE,0
L04008,48,55075,32041,36,18.82,829,15,2,0.582,home_improvement,RENT,0
L04009,33,55769,12715,12,6.43,375,3,8,0.228,home_improvement,MORTGAGE,0
L04010,38,67492,23803,48,5.93,450,27,2,0.353,home_improvement,RENT,0
L04011,27,38537,5370,48,20.91,615,7,1,0.139,vacation,RENT,0
L04012,54,46575,3908,48,14.3,336,4,8,0.084,medical,RENT,1
L04013,26,64132,39075,48,20.48,425,29,4,0.609,vacation,OWN,0
L04014,49,15425,23134,60,10.95,585,13,6,1.5,debt_consolidation,RENT,0
L04015,35,61928,46065,24,12.56,539,14,1,0.744,car,MORTGAGE,0
L04016,26,68751,5587,24,18.3,519,29,9,0.081,car,RENT,0
L04017,54,30994,32023,60,22.39,306,10,7,1.033,car,RENT,1
L04018,62,49329,47153,24,6.67,515,9,5,0.956,education,MORTGAGE,0
L04019,40,81867,4413,48,21.37,592,9,6,0.054,car,MORTGAGE,0
L04020,43,66876,27038,24,20.07,838,23,3,0.404,education,OWN,0
L04021,26,63045,24555,12,11.0,783,5,9,0.389,medical,MORTGAGE,0
L04022,23,72837,12952,24,11.75,342,15,2,0.178,car,RENT,0
L04023,51,87481,5457,12,5.88,606,27,1,0.062,education,RENT,0
L04024,60,55333,10464,36,5.3,392,25,1,0.189,vacation,RENT,0
L04025,25,47670,3150,12,14.06,568,20,2,0.066,car,MORTGAGE,0
L04026,54,72793,49305,12,6.82,514,3,6,0.677,home_improvement,OWN,0
L04027,34,51625,34264,48,8.69,413,25,6,0.664,debt_consolidation,RENT,1
L04028,41,38295,42222,48,21.09,484,8,9,1.103,vacation,RENT,0
L04029,28,45278,49553,48,15.85,424,9,4,1.094,medical,RENT,0
L04030,36,60621,46349,12,17.04,404,29,8,0.765,vacation,RENT,0
L04031,44,46907,34786,60,8.56,536,4,4,0.742,home_improvement,OWN,0
L04032,35,48250,11808,48,20.74,457,9,3,0.245,car,RENT,0
L04033,44,36508,40345,48,21.49,773,15,4,1.105,car,RENT,0
L04034,40,80836,6081,12,14.94,804,10,1,0.075,medical,RENT,0
L04035,50,48832,41222,36,22.34,573,5,9,0.844,debt_consolidation,OWN,0
L04036,41,42192,10933,36,21.05,416,6,5,0.259,car,MORTGAGE,0
L04037,50,44107,4671,24,18.9,835,26,7,0.106,education,RENT,0
L04038,45,69445,45739,36,18.95,359,11,3,0.659,medical,MORTGAGE,0
L04039,39,65317,49738,48,7.0,700,26,5,0.761,car,RENT,0
L04040,31,45966,33217,60,10.15,479,12,4,0.723,education,RENT,0
L04041,62,55581,41155,24,6.27,531,16,7,0.74,vacation,MORTGAGE,0
L04042,29,59980,41601,60,5.16,775,8,5,0.694,medical,RENT,0
L04043,47,42326,21008,60,8.01,544,27,2,0.496,medical,RENT,0
L04044,50,27268,23883,48,21.73,512,7,3,0.876,medical,MORTGAGE,1
L04045,31,64270,35282,12,9.56,758,27,8,0.549,car,RENT,0
L04046,38,43322,34974,12,23.43,427,26,3,0.807,medical,RENT,0
L04047,23,62926,35715,12,16.35,516,15,7,0.568,vacation,MORTGAGE,0
L04048,27,60778,45401,36,9.51,319,20,5,0.747,debt_consolidation,RENT,0
L04049,26,56004,17380,12,14.45,359,2,7,0.31,debt_consolidation,MORTGAGE,0
L04050,49,47329,20212,48,9.16,428,4,9,0.427,home_improvement,RENT,0
L04051,62,43589,30174,36,23.7,496,20,7,0.692,vacation,OWN,0
L04052,26,34508,8861,12,21.1,791,24,6,0.257,vacation,OWN,0
L04053,39,43934,8094,60,5.5,803,22,1,0.184,medical,RENT,0
L04054,47,65238,41113,48,23.01,546,12,4,0.63,home_improvement,MORTGAGE,0
L04055,41,80160,48728,48,18.7,559,17,8,0.608,education,MORTGAGE,0
L04056,62,77519,26363,24,6.57,646,20,1,0.34,education,RENT,0
L04057,48,57617,24310,48,17.74,496,15,6,0.422,vacation,MORTGAGE,0
L04058,33,80151,41300,60,17.29,406,24,2,0.515,vacation,RENT,0
L04059,28,49477,7943,48,9.16,459,13,9,0.161,vacation,RENT,0
L04060,24,31761,16569,24,19.41,721,10,8,0.522,car,MORTGAGE,0
L04061,31,89575,44616,48,6.65,506,28,9,0.498,vacation,OWN,0
L04062,55,64590,10793,48,14.3,612,17,9,0.167,education,RENT,0
L04063,46,27376,40207,24,5.19,731,7,2,1.469,car,OWN,0
L04064,56,83062,27287,48,23.41,534,11,2,0.329,education,RENT,0
L04065,37,41618,35971,36,19.28,626,18,9,0.864,vacation,OWN,0
L04066,23,45534,44351,48,8.02,778,19,2,0.974,education,OWN,0
L04067,45,73384,49179,12,11.49,727,1,4,0.67,debt_consolidation,MORTGAGE,0
L04068,31,79510,33369,12,8.05,399,8,2,0.42,car,RENT,1
L04069,59,36986,25023,36,19.57,537,21,1,0.677,car,RENT,0
L04070,43,81477,47885,48,6.12,406,8,7,0.588,medical,RENT,0
L04071,47,70736,25897,60,20.97,663,13,5,0.366,vacation,RENT,0
L04072,64,40604,25010,48,22.9,792,14,3,0.616,home_improvement,MORTGAGE,0
L04073,60,50573,42154,12,17.86,342,10,8,0.834,home_improvement,MORTGAGE,0
L04074,48,82290,37899,24,9.05,372,28,5,0.461,home_improvement,MORTGAGE,0
L04075,50,26909,22114,36,11.84,603,12,1,0.822,home_improvement,OWN,0
L04076,59,79852,21050,24,14.07,304,23,9,0.264,debt_consolidation,MORTGAGE,1
L04077,41,70235,23125,60,16.49,648,27,5,0.329,home_improvement,RENT,0
L04078,48,64164,30558,48,17.7,699,24,3,0.476,education,RENT,0
L04079,62,57370,46846,60,15.53,732,4,6,0.817,medical,RENT,0
L04080,41,90462,22396,24,11.67,406,5,8,0.248,home_improvement,MORTGAGE,0
L04081,40,93122,29125,48,21.93,416,22,2,0.313,medical,OWN,0
L04082,41,43925,24580,60,6.55,682,4,3,0.56,car,OWN,1
L04083,56,66019,40973,12,13.86,381,0,7,0.621,education,RENT,0
L04084,23,88738,25574,12,19.74,709,24,2,0.288,vacation,OWN,0
L04085,51,40869,26619,36,6.16,369,17,5,0.651,home_improvement,MORTGAGE,0
L04086,55,59376,15869,12,18.4,686,22,9,0.267,medical,RENT,0
L04087,43,73069,2658,12,20.57,823,27,7,0.036,education,OWN,0
L04088,24,18731,49150,24,17.56,596,23,3,2.624,medical,RENT,1
L04089,27,69913,14122,12,5.25,364,7,2,0.202,vacation,MORTGAGE,0
L04090,36,35408,45827,12,8.42,477,16,9,1.294,car,OWN,1
L04091,48,58461,15335,24,11.5,307,25,9,0.262,home_improvement,RENT,1
L04092,31,75598,23677,12,9.44,458,22,9,0.313,medical,RENT,0
L04093,30,15000,30223,12,23.29,310,24,3,2.015,home_improvement,RENT,1
L04094,54,69145,31814,36,17.38,710,10,1,0.46,education,MORTGAGE,0
L04095,53,91689,20075,12,10.64,454,29,9,0.219,debt_consolidation,MORTGAGE,0
L04096,27,45400,45185,12,22.66,505,29,7,0.995,medical,OWN,0
L04097,62,65380,13258,36,19.07,414,10,2,0.203,car,RENT,0
L04098,57,79035,32527,24,10.41,678,2,6,0.412,education,MORTGAGE,0
L04099,23,26326,12139,12,12.2,649,7,9,0.461,vacation,OWN,0
L04100,50,68632,44325,60,8.79,397,7,8,0.646,medical,RENT,0
L04101,25,73427,42503,24,23.45,318,24,6,0.579,debt_consolidation,RENT,0
L04102,22,66495,21514,24,14.83,612,23,6,0.324,vacation,MORTGAGE,0
L04103,40,56559,22917,12,22.03,827,20,8,0.405,car,MORTGAGE,0
L04104,47,36992,31097,36,11.58,744,20,9,0.841,home_improvement,MORTGAGE,0
L04105,46,80045,19788,24,21.36,530,2,8,0.247,home_improvement,RENT,0
L04106,31,55621,27061,36,6.02,658,27,1,0.487,medical,MORTGAGE,0
L04107,36,38730,11947,60,23.66,682,21,2,0.308,vacation,OWN,0
L04108,43,49275,17544,36,22.33,811,9,6,0.356,debt_consolidation,RENT,0
L04109,42,61630,22014,48,11.9,343,18,8,0.357,debt_consolidation,MORTGAGE,1
L04110,43,26898,16795,36,19.72,664,13,4,0.624,car,MORTGAGE,0
L04111,57,55322,34632,24,19.29,410,17,4,0.626,education,MORTGAGE,0
L04112,55,47496,21352,36,22.12,522,22,2,0.45,vacation,MORTGAGE,0
L04113,51,79048,25653,36,10.84,685,25,1,0.325,vacation,MORTGAGE,0
L04114,46,21251,3579,48,13.84,564,2,9,0.168,home_improvement,MORTGAGE,0
L04115,49,71897,33758,48,21.43,570,28,7,0.47,car,MORTGAGE,0
L04116,22,80507,45755,12,19.79,511,19,9,0.568,car,OWN,0
L04117,25,21932,40760,24,12.48,795,13,2,1.858,education,RENT,0
L04118,28,24090,34818,12,21.07,613,10,5,1.445,car,MORTGAGE,0
L04119,30,87146,8452,48,5.89,686,9,2,0.097,vacation,MORTGAGE,0
L04120,57,38721,39921,36,19.86,546,23,7,1.031,home_improvement,RENT,0
L04121,40,110706,17340,48,8.93,649,13,9,0.157,car,MORTGAGE,0
L04122,22,22494,48668,60,10.44,371,0,3,2.164,home_improvement,RENT,0
L04123,31,58060,49738,36,14.37,595,15,1,0.857,education,MORTGAGE,1
L04124,57,54578,4787,12,13.54,512,24,4,0.088,car,MORTGAGE,0
L04125,30,51252,48149,36,14.89,594,29,4,0.939,vacation,OWN,0
L04126,63,63333,17839,60,15.35,470,5,6,0.282,home_improvement,MORTGAGE,0
L04127,53,64371,4155,48,11.3,545,17,5,0.065,medical,MORTGAGE,0
L04128,53,51982,9019,24,8.33,440,15,5,0.174,education,MORTGAGE,0
L04129,27,36744,22614,24,19.6,539,18,9,0.615,car,MORTGAGE,0
L04130,59,73859,28190,24,12.6,610,15,1,0.382,vacation,RENT,0
L04131,38,66304,42375,48,14.61,715,4,8,0.639,home_improvement,RENT,0
L04132,31,57062,12928,24,17.25,697,26,8,0.227,debt_consolidation,MORTGAGE,0
L04133,48,65734,10598,60,22.28,321,11,8,0.161,vacation,MORTGAGE,0
L04134,56,68840,46339,48,18.44,377,5,3,0.673,vacation,RENT,1
L04135,42,41288,22581,24,5.86,774,24,8,0.547,debt_consolidation,RENT,0
L04136,46,65092,46655,12,20.93,652,1,2,0.717,debt_consolidation,RENT,0
L04137,49,45045,49796,48,23.8,670,15,8,1.105,medical,RENT,0
L04138,36,69436,48607,48,13.98,320,20,8,0.7,medical,MORTGAGE,0
L04139,25,51536,15919,36,23.42,806,22,3,0.309,medical,RENT,0
L04140,50,66010,40180,24,15.4,459,10,4,0.609,vacation,RENT,1
L04141,30,47191,6499,12,13.73,660,11,9,0.138,vacation,MORTGAGE,0
L04142,48,66946,39677,60,11.3,596,10,9,0.593,vacation,RENT,0
L04143,47,37382,45862,48,17.49,651,22,9,1.227,medical,MORTGAGE,0
L04144,40,55651,27602,60,9.37,479,19,6,0.496,home_improvement,RENT,0
L04145,49,72651,31692,60,6.99,771,18,1,0.436,vacation,MORTGAGE,0
L04146,38,63409,42422,60,5.52,694,28,8,0.669,vacation,RENT,0
L04147,64,58456,23760,36,10.56,512,7,9,0.406,vacation,RENT,0
L04148,62,87464,4920,60,12.52,829,28,8,0.056,medical,RENT,0
L04149,63,73425,26085,24,15.49,694,17,1,0.355,car,MORTGAGE,0
L04150,41,70399,24925,24,10.56,326,4,6,0.354,medical,OWN,0
L04151,61,66844,7615,12,23.7,748,11,9,0.114,car,RENT,0
L04152,60,69088,39083,12,10.54,737,9,9,0.566,medical,MORTGAGE,0
L04153,44,84827,47228,60,13.38,584,14,7,0.557,home_improvement,RENT,0
L04154,53,47481,4783,60,6.96,488,4,7,0.101,home_improvement,MORTGAGE,0
L04155,54,73169,11605,36,9.95,498,16,4,0.159,vacation,RENT,0
L04156,26,61416,47557,60,5.92,401,22,7,0.774,medical,OWN,0
L04157,64,48103,46608,60,15.63,778,3,5,0.969,car,RENT,0
L04158,55,53204,21192,60,19.27,523,25,5,0.398,car,OWN,0
L04159,61,58944,5331,48,8.72,816,11,1,0.09,home_improvement,OWN,0
L04160,32,39521,33856,48,11.99,826,17,2,0.857,vacation,RENT,0
L04161,24,70552,4846,36,5.32,740,7,9,0.069,car,RENT,0
L04162,54,53148,35697,36,20.95,816,19,2,0.672,medical,MORTGAGE,0
L04163,32,56528,39586,24,19.82,529,16,2,0.7,vacation,MORTGAGE,0
L04164,37,79429,37030,36,6.2,413,7,9,0.466,education,OWN,0
L04165,39,57335,14775,24,11.93,815,12,3,0.258,medical,OWN,0
L04166,51,82948,9549,60,23.15,483,26,2,0.115,medical,MORTGAGE,1
L04167,31,45553,24437,36,12.45,333,22,7,0.536,home_improvement,RENT,0
L04168,39,35252,25958,36,15.0,595,2,9,0.736,medical,MORTGAGE,0
L04169,59,49780,26243,36,11.75,752,2,6,0.527,debt_consolidation,RENT,1
L04170,40,15000,44177,24,16.33,804,6,7,2.945,vacation,MORTGAGE,0
L04171,57,71303,44424,24,23.58,705,17,3,0.623,debt_consolidation,OWN,0
L04172,34,36299,30984,12,23.95,426,20,3,0.854,medical,OWN,1
L04173,24,43881,38942,24,19.72,441,6,8,0.887,medical,MORTGAGE,0
L04174,31,67893,39538,24,12.68,427,21,7,0.582,home_improvement,RENT,0
L04175,59,57144,7833,48,14.39,649,25,5,0.137,home_improvement,MORTGAGE,0
L04176,22,47070,25386,36,11.78,823,22,6,0.539,education,OWN,0
L04177,48,18342,36813,24,23.73,762,1,9,2.007,home_improvement,RENT,0
L04178,29,78414,35805,36,18.45,543,6,3,0.457,education,RENT,0
L04179,63,68015,8242,36,13.53,485,1,3,0.121,home_improvement,MORTGAGE,0
L04180,38,92002,30704,48,5.23,532,6,6,0.334,education,RENT,0
L04181,30,44265,44419,36,14.89,813,13,8,1.003,car,OWN,0
L04182,27,28819,26832,24,23.69,300,14,5,0.931,home_improvement,OWN,1
L04183,64,72905,14321,36,14.94,538,15,1,0.196,medical,OWN,0
L04184,46,51614,40930,12,8.47,354,23,3,0.793,education,MORTGAGE,0
L04185,60,66307,34407,12,5.42,794,25,8,0.519,medical,RENT,0
L04186,49,84158,6073,48,11.74,717,7,4,0.072,education,OWN,0
L04187,54,61986,19667,24,22.45,747,15,9,0.317,vacation,RENT,0
L04188,58,58011,18035,48,23.93,637,20,6,0.311,education,RENT,0
L04189,30,59140,8732,12,22.96,576,6,4,0.148,debt_consolidation,MORTGAGE,0
L04190,39,25529,5487,24,18.86,309,10,4,0.215,education,RENT,0
L04191,42,74944,36952,36,15.6,640,23,5,0.493,education,RENT,0
L04192,23,76097,31425,24,16.22,403,3,7,0.413,car,MORTGAGE,0
L04193,64,64550,48658,60,15.24,644,17,7,0.754,car,RENT,0
L04194,59,27722,21571,24,18.43,669,22,7,0.778,vacation,MORTGAGE,0
L04195,61,52819,31075,36,12.96,497,12,5,0.588,vacation,MORTGAGE,0
L04196,57,80893,44185,60,17.71,313,16,9,0.546,home_improvement,RENT,0
L04197,64,44816,7495,48,7.31,637,11,2,0.167,vacation,RENT,0
L04198,58,76316,20681,24,10.05,841,17,8,0.271,car,RENT,0
L04199,36,55991,16781,48,20.88,756,9,8,0.3,debt_consolidation,RENT,0
L04200,49,67825,41865,24,22.17,825,6,3,0.617,education,RENT,0
L04201,39,47581,10469,12,15.24,735,11,5,0.22,debt_consolidation,MORTGAGE,0
L04202,55,56518,47167,12,5.6,665,11,8,0.835,car,MORTGAGE,0
L04203,43,62860,18202,36,22.61,700,25,9,0.29,home_improvement,RENT,0
L04204,32,35501,21928,12,18.34,781,12,7,0.618,debt_consolidation,MORTGAGE,0
L04205,34,59930,12985,60,12.87,409,0,4,0.217,education,RENT,0
L04206,25,15000,41599,60,16.37,705,6,4,2.773,education,MORTGAGE,0
L04207,43,44172,18775,24,13.17,608,15,3,0.425,debt_consolidation,RENT,0
L04208,28,64789,2968,48,13.84,459,15,8,0.046,home_improvement,RENT,0
L04209,64,75164,12382,60,21.85,354,20,6,0.165,debt_consolidation,MORTGAGE,0
L04210,45,63509,7151,24,8.06,555,15,6,0.113,medical,OWN,0
L04211,25,29974,28804,48,6.97,833,15,9,0.961,car,OWN,0
L04212,49,73591,45586,12,5.05,721,13,3,0.619,debt_consolidation,RENT,0
L04213,36,34495,34259,24,10.97,563,10,4,0.993,debt_consolidation,RENT,0
L04214,22,66055,22748,48,7.8,532,18,3,0.344,home_improvement,MORTGAGE,0
L04215,24,35094,21691,36,9.18,532,10,3,0.618,debt_consolidation,MORTGAGE,0
L04216,35,41082,34020,36,5.21,816,1,1,0.828,home_improvement,RENT,0
L04217,59,37785,45560,60,9.32,344,6,6,1.206,car,RENT,1
L04218,22,57501,29256,48,11.32,735,8,9,0.509,medical,OWN,0
L04219,59,51480,8125,36,5.6,634,8,5,0.158,vacation,OWN,0
L04220,59,64160,6370,60,16.55,703,13,2,0.099,car,OWN,0
L04221,42,54664,6838,24,15.81,463,25,4,0.125,debt_consolidation,MORTGAGE,0
L04222,50,27678,5134,24,6.84,555,9,6,0.185,medical,MORTGAGE,0
L04223,26,59964,47459,48,16.31,365,15,7,0.791,vacation,RENT,1
L04224,31,23281,45199,48,23.97,387,23,7,1.941,vacation,OWN,1
L04225,49,39090,13556,48,22.94,539,17,4,0.347,education,MORTGAGE,0
L04226,42,48449,35822,48,5.05,610,0,5,0.739,education,OWN,0
L04227,28,47202,29977,36,20.11,557,23,4,0.635,debt_consolidation,RENT,0
L04228,24,25346,22113,36,11.72,813,1,6,0.872,education,OWN,0
L04229,41,79680,32566,60,6.21,733,19,7,0.409,vacation,MORTGAGE,0
L04230,40,84664,4669,36,10.62,428,27,2,0.055,vacation,OWN,0
L04231,56,95513,18081,24,11.11,625,3,3,0.189,car,RENT,0
L04232,25,75657,14938,60,14.94,316,1,8,0.197,education,OWN,0
L04233,26,47881,7717,36,17.56,641,3,7,0.161,education,MORTGAGE,0
L04234,22,47571,14282,48,19.23,548,22,1,0.3,car,MORTGAGE,0
L04235,25,46577,49659,36,9.67,476,5,4,1.066,vacation,MORTGAGE,0
L04236,33,90741,44065,12,11.11,656,25,5,0.486,home_improvement,MORTGAGE,0
L04237,48,52920,16201,60,10.86,794,21,3,0.306,debt_consolidation,RENT,0
L04238,63,77846,18289,36,11.89,334,3,4,0.235,home_improvement,OWN,0
L04239,44,76445,26406,36,23.99,706,17,7,0.345,home_improvement,RENT,0
L04240,46,58411,33286,24,19.78,309,4,8,0.57,vacation,MORTGAGE,0
L04241,42,28870,14873,48,23.52,830,10,9,0.515,debt_consolidation,RENT,0
L04242,45,53309,18512,48,18.17,834,12,2,0.347,home_improvement,MORTGAGE,0
L04243,46,57645,30927,24,12.72,394,2,4,0.537,car,MORTGAGE,0
L04244,53,78002,25461,24,12.41,749,18,1,0.326,car,MORTGAGE,0
L04245,53,55350,22710,12,14.28,519,19,3,0.41,debt_consolidation,MORTGAGE,0
L04246,26,33245,21952,60,12.92,395,10,8,0.66,home_improvement,OWN,0
L04247,57,72782,15448,48,20.74,680,10,7,0.212,medical,OWN,0
L04248,63,50904,17198,24,13.84,506,20,8,0.338,education,RENT,0
L04249,63,15000,9622,24,10.62,545,26,6,0.641,medical,RENT,0
L04250,60,60849,42848,60,19.72,809,1,5,0.704,debt_consolidation,RENT,0
L04251,37,64013,4402,24,21.23,382,21,9,0.069,education,RENT,1
L04252,54,39827,38324,12,12.99,616,14,5,0.962,debt_consolidation,MORTGAGE,0
L04253,42,51543,30467,60,17.69,404,21,9,0.591,medical,RENT,1
L04254,30,66838,36961,12,6.12,669,7,4,0.553,home_improvement,MORTGAGE,0
L04255,27,60972,45007,36,15.06,479,1,5,0.738,home_improvement,RENT,0
L04256,56,26872,22739,48,5.85,382,7,1,0.846,vacation,MORTGAGE,0
L04257,60,77563,20518,24,5.55,831,23,6,0.265,education,RENT,0
L04258,43,85713,28547,60,16.65,800,19,3,0.333,debt_consolidation,RENT,0
L04259,62,45816,30936,12,10.76,647,22,2,0.675,home_improvement,RENT,0
L04260,26,20622,22287,48,19.11,571,14,6,1.081,medical,MORTGAGE,0
L04261,63,68880,43351,48,22.03,630,15,1,0.629,education,RENT,0
L04262,44,42884,27476,24,7.65,688,12,9,0.641,medical,MORTGAGE,0
L04263,38,64638,14875,48,18.77,436,22,5,0.23,car,MORTGAGE,0
L04264,33,94639,12686,24,14.78,660,16,7,0.134,home_improvement,RENT,0
L04265,44,27166,19536,36,7.13,581,13,9,0.719,vacation,RENT,0
L04266,37,40660,36062,24,17.38,501,28,9,0.887,vacation,MORTGAGE,0
L04267,24,51499,27041,12,16.58,830,13,7,0.525,education,RENT,0
L04268,51,78250,33653,48,14.8,315,0,4,0.43,debt_consolidation,MORTGAGE,0
L04269,43,119001,23673,48,22.6,413,23,4,0.199,car,RENT,0
L04270,30,59447,12367,48,14.9,367,26,7,0.208,education,OWN,0
L04271,50,25619,21629,24,23.82,329,0,8,0.844,medical,MORTGAGE,0
L04272,58,48780,48105,60,14.68,818,2,7,0.986,medical,MORTGAGE,0
L04273,44,41052,25100,24,7.2,321,21,4,0.611,debt_consolidation,RENT,0
L04274,34,67988,8654,12,13.94,730,23,4,0.127,vacation,MORTGAGE,0
L04275,53,61783,27063,24,8.46,329,14,8,0.438,vacation,MORTGAGE,0
L04276,44,36247,21322,48,16.35,709,4,9,0.588,medical,OWN,0
L04277,38,39997,21010,36,18.17,348,4,7,0.525,debt_consolidation,OWN,0
L04278,61,48518,14693,12,13.9,624,3,3,0.303,education,OWN,0
L04279,42,50691,11241,36,6.86,787,13,1,0.222,home_improvement,MORTGAGE,0
L04280,23,54240,31778,12,13.9,597,19,5,0.586,education,MORTGAGE,0
L04281,58,55879,38843,12,6.55,480,6,6,0.695,car,RENT,0
L04282,27,77227,14651,48,17.96,421,21,9,0.19,vacation,RENT,1
L04283,39,47868,27966,24,20.02,423,23,5,0.584,education,MORTGAGE,0
L04284,51,45215,11275,48,23.29,752,14,1,0.249,vacation,RENT,0
L04285,43,30902,47606,48,7.83,565,10,4,1.541,vacation,MORTGAGE,0
L04286,54,50970,3658,48,15.12,327,13,2,0.072,home_improvement,OWN,0
L04287,51,59611,30963,36,15.78,558,5,4,0.519,home_improvement,RENT,0
L04288,38,23966,8932,12,22.53,376,26,7,0.373,education,RENT,0
L04289,64,48836,16248,60,16.92,731,9,9,0.333,car,OWN,0
L04290,53,75885,26437,24,7.76,334,6,3,0.348,vacation,MORTGAGE,1
L04291,63,66669,41727,48,13.29,735,9,3,0.626,medical,RENT,0
L04292,35,61721,20201,12,17.44,413,13,4,0.327,vacation,RENT,0
L04293,31,66181,43150,24,18.31,361,25,7,0.652,car,MORTGAGE,1
L04294,57,44673,26355,60,21.4,351,4,6,0.59,education,RENT,0
L04295,55,42275,16999,60,8.43,415,21,5,0.402,car,OWN,0
L04296,30,77894,8376,48,23.08,346,0,4,0.108,medical,OWN,0
L04297,63,69915,5476,60,6.12,737,18,8,0.078,home_improvement,RENT,0
L04298,49,41567,6366,60,23.69,711,27,4,0.153,medical,RENT,0
L04299,32,21182,27733,24,21.3,400,7,3,1.309,car,RENT,1
L04300,35,41940,14458,24,17.55,578,18,7,0.345,medical,RENT,0
L04301,60,64783,34795,48,18.96,406,29,2,0.537,vacation,OWN,1
L04302,40,43151,22615,12,6.38,334,16,4,0.524,car,OWN,1
L04303,36,60941,13164,48,5.79,658,18,8,0.216,education,MORTGAGE,0
L04304,49,80555,41316,36,6.93,301,27,4,0.513,home_improvement,OWN,0
L04305,45,53325,5024,60,6.66,791,15,7,0.094,home_improvement,RENT,0
L04306,29,59211,31559,12,15.4,571,3,2,0.533,medical,RENT,0
L04307,64,67328,3264,24,9.09,443,7,5,0.048,medical,RENT,0
L04308,30,35522,11047,36,21.34,734,24,4,0.311,medical,RENT,0
L04309,54,41085,46985,36,13.47,750,3,9,1.144,education,MORTGAGE,0
L04310,54,68070,8587,60,18.21,527,12,7,0.126,vacation,RENT,0
L04311,40,55665,8577,24,17.4,844,27,9,0.154,home_improvement,RENT,0
L04312,24,57191,19635,12,11.08,513,6,7,0.343,car,MORTGAGE,0
L04313,31,55599,47564,24,9.62,547,0,2,0.855,car,MORTGAGE,0
L04314,61,72609,5870,60,11.51,707,8,2,0.081,home_improvement,MORTGAGE,0
L04315,63,62842,36094,36,20.14,352,26,2,0.574,education,RENT,0
L04316,22,63078,11217,60,16.14,613,27,5,0.178,medical,RENT,0
L04317,50,76999,19602,48,9.82,673,3,1,0.255,debt_consolidation,RENT,0
L04318,55,83918,2605,36,20.54,336,13,7,0.031,medical,RENT,0
L04319,34,95384,24343,60,6.04,823,29,2,0.255,education,OWN,0
L04320,22,44577,15003,12,18.28,383,8,4,0.337,home_improvement,MORTGAGE,0
L04321,55,99449,45257,12,13.34,393,29,9,0.455,vacation,MORTGAGE,0
L04322,50,35258,34089,12,18.89,714,2,8,0.967,medical,RENT,0
L04323,34,89834,19661,48,22.62,641,14,2,0.219,car,RENT,0
L04324,50,43588,18782,24,19.25,849,26,4,0.431,vacation,MORTGAGE,0
L04325,60,53759,32029,12,13.4,720,28,4,0.596,home_improvement,OWN,0
L04326,45,55334,15487,48,7.87,647,4,2,0.28,debt_consolidation,MORTGAGE,0
L04327,47,39394,49501,12,20.32,427,0,2,1.257,medical,MORTGAGE,0
L04328,38,56560,41042,48,13.75,451,10,5,0.726,vacation,MORTGAGE,0
L04329,28,40323,24065,12,6.43,821,18,4,0.597,vacation,MORTGAGE,0
L04330,34,32771,12844,24,18.66,337,4,8,0.392,car,RENT,0
L04331,26,54302,21323,60,10.55,726,21,4,0.393,medical,MORTGAGE,0
L04332,47,83617,27397,12,5.93,404,28,8,0.328,debt_consolidation,OWN,0
L04333,24,50427,47957,60,22.15,464,23,5,0.951,vacation,RENT,1
L04334,28,71938,19328,12,14.18,843,16,1,0.269,car,RENT,0
L04335,60,39778,45739,24,10.34,511,18,9,1.15,medical,RENT,0
L04336,22,31897,40733,60,18.61,825,16,8,1.277,medical,RENT,0
L04337,38,63169,47389,48,21.83,431,4,1,0.75,debt_consolidation,RENT,0
L04338,64,86601,31715,12,5.01,451,23,3,0.366,car,OWN,0
L04339,46,58761,41116,12,18.07,395,19,3,0.7,debt_consolidation,MORTGAGE,0
L04340,24,69879,19580,48,19.57,802,28,5,0.28,vacation,OWN,0
L04341,36,81912,2823,24,8.99,821,26,7,0.034,education,RENT,0
L04342,50,54342,28472,36,14.3,673,8,1,0.524,home_improvement,RENT,0
L04343,64,52262,9084,12,6.7,315,21,1,0.174,home_improvement,RENT,0
L04344,53,63497,14455,48,19.19,317,5,6,0.228,debt_consolidation,MORTGAGE,0
L04345,47,66700,12607,36,21.1,708,26,5,0.189,debt_consolidation,MORTGAGE,0
L04346,37,29818,18919,12,7.06,306,20,3,0.634,education,RENT,0
L04347,46,60323,49004,60,20.51,544,12,3,0.812,education,OWN,1
L04348,49,54987,21394,48,19.66,428,25,4,0.389,education,MORTGAGE,0
L04349,30,40788,12819,60,11.59,754,20,2,0.314,education,RENT,1
L04350,22,53743,13969,24,18.12,371,10,9,0.26,home_improvement,RENT,0
L04351,50,34024,19333,36,5.0,459,22,4,0.568,vacation,MORTGAGE,0
L04352,43,27803,13700,48,22.7,386,23,3,0.493,education,MORTGAGE,1
L04353,37,56203,33792,12,15.46,700,22,7,0.601,education,RENT,0
L04354,62,71237,35311,12,16.79,761,0,9,0.496,debt_consolidation,RENT,0
L04355,62,48748,38668,36,17.63,828,16,2,0.793,education,MORTGAGE,0
L04356,28,37706,13945,60,15.67,388,25,6,0.37,vacation,RENT,0
L04357,35,40504,38992,60,21.28,305,5,5,0.963,vacation,MORTGAGE,0
L04358,50,64881,48526,48,16.58,383,2,1,0.748,car,RENT,0
L04359,40,85012,49717,48,22.25,549,15,7,0.585,vacation,RENT,0
L04360,40,68868,37634,60,16.06,715,12,1,0.546,education,RENT,0
L04361,23,78414,20630,48,8.25,371,11,9,0.263,medical,MORTGAGE,0
L04362,62,36142,43036,60,22.36,411,24,4,1.191,education,MORTGAGE,0
L04363,36,53669,26944,36,17.95,471,10,8,0.502,home_improvement,MORTGAGE,0
L04364,24,73336,25360,48,18.29,572,22,1,0.346,home_improvement,RENT,0
L04365,32,29814,14813,60,23.72,829,1,5,0.497,debt_consolidation,MORTGAGE,0
L04366,51,43149,6601,48,6.43,618,27,3,0.153,debt_consolidation,MORTGAGE,0
L04367,61,71956,14930,12,13.14,381,29,4,0.207,car,RENT,0
L04368,39,59651,6333,12,9.54,374,18,4,0.106,education,MORTGAGE,0
L04369,23,37628,7399,24,16.98,728,7,8,0.197,car,MORTGAGE,0
L04370,53,25645,19839,60,20.33,759,12,3,0.774,medical,MORTGAGE,0
L04371,29,79071,42204,24,23.36,645,13,1,0.534,debt_consolidation,MORTGAGE,0
L04372,43,18039,22195,60,13.64,548,14,5,1.23,home_improvement,MORTGAGE,0
L04373,27,66383,29848,48,19.94,686,16,2,0.45,medical,MORTGAGE,0
L04374,33,45405,25693,60,22.42,662,14,6,0.566,debt_consolidation,RENT,0
L04375,61,73847,49715,12,17.98,595,20,4,0.673,medical,MORTGAGE,0
L04376,57,36241,48729,48,9.61,367,9,9,1.345,education,RENT,0
L04377,36,102066,42854,12,16.55,737,0,7,0.42,vacation,MORTGAGE,0
L04378,49,62241,38450,48,23.43,831,11,2,0.618,vacation,MORTGAGE,0
L04379,39,65207,3854,60,23.76,432,8,7,0.059,medical,MORTGAGE,0
L04380,23,41085,33558,60,17.2,594,22,8,0.817,debt_consolidation,MORTGAGE,0
L04381,34,52599,4985,12,21.85,595,4,3,0.095,vacation,RENT,0
L04382,36,53065,45585,36,8.81,332,21,3,0.859,vacation,OWN,0
L04383,41,87329,21278,60,9.68,673,26,2,0.244,medical,RENT,0
L04384,50,62210,42264,36,23.1,331,14,1,0.679,vacation,RENT,0
L04385,63,64788,35326,48,7.57,604,2,3,0.545,education,OWN,1
L04386,50,64587,21280,36,8.63,407,18,7,0.329,home_improvement,OWN,0
L04387,24,66314,36022,12,12.99,395,6,9,0.543,vacation,RENT,0
L04388,40,29989,17667,24,16.2,365,6,9,0.589,education,RENT,0
L04389,24,91886,20065,24,16.47,820,6,6,0.218,medical,RENT,0
L04390,35,39205,23655,12,10.55,529,1,6,0.603,vacation,MORTGAGE,0
L04391,61,54308,12006,24,22.49,657,1,5,0.221,vacation,OWN,0
L04392,25,82566,8283,12,22.39,701,26,2,0.1,car,RENT,0
L04393,32,89823,43622,60,12.45,398,11,7,0.486,medical,MORTGAGE,0
L04394,52,69507,47076,36,13.25,570,4,1,0.677,medical,RENT,0
L04395,64,45915,5325,24,18.35,661,3,6,0.116,education,MORTGAGE,0
L04396,53,57299,32783,60,17.6,463,6,4,0.572,car,RENT,0
L04397,48,58005,5143,24,12.26,827,15,3,0.089,car,MORTGAGE,0
L04398,51,58643,37805,48,12.87,468,2,1,0.645,education,RENT,1
L04399,64,32859,14417,12,11.61,320,20,6,0.439,home_improvement,MORTGAGE,0
L04400,23,77681,33300,12,9.47,839,1,7,0.429,vacation,OWN,0
L04401,30,57422,28526,60,13.7,696,16,1,0.497,debt_consolidation,RENT,0
L04402,49,42000,30896,48,18.04,335,8,1,0.736,debt_consolidation,RENT,0
L04403,52,46028,39443,36,19.1,794,28,7,0.857,car,RENT,0
L04404,55,59857,29606,48,19.8,613,19,6,0.495,medical,MORTGAGE,0
L04405,36,29747,41916,48,12.12,789,7,7,1.409,medical,RENT,0
L04406,46,70811,9551,36,19.53,575,28,8,0.135,education,MORTGAGE,0
L04407,57,59225,37436,36,5.12,532,11,8,0.632,home_improvement,MORTGAGE,0
L04408,29,83182,49680,48,14.06,735,6,9,0.597,debt_consolidation,RENT,0
L04409,30,56396,4246,24,20.08,305,13,9,0.075,education,RENT,0
L04410,58,35465,41421,24,16.97,834,27,7,1.168,education,MORTGAGE,0
L04411,60,33439,45901,48,14.01,543,15,9,1.373,medical,RENT,0
L04412,53,47967,9649,24,17.25,540,0,6,0.201,home_improvement,RENT,1
L04413,38,49871,43209,36,22.23,572,9,9,0.866,home_improvement,MORTGAGE,0
L04414,56,44789,2888,36,15.76,374,10,2,0.064,car,RENT,0
L04415,58,57312,43983,24,20.2,582,6,2,0.767,debt_consolidation,OWN,0
L04416,40,44332,31424,36,23.63,834,17,6,0.709,home_improvement,RENT,0
L04417,50,59575,43559,12,18.41,386,18,3,0.731,home_improvement,MORTGAGE,1
L04418,28,45628,13075,36,15.89,448,13,2,0.287,home_improvement,RENT,0
L04419,49,66370,24699,48,5.71,449,16,8,0.372,debt_consolidation,MORTGAGE,0
L04420,30,49418,49972,60,12.12,459,22,7,1.011,car,RENT,0
L04421,49,77431,11950,24,15.74,745,18,8,0.154,vacation,RENT,0
L04422,27,66741,7413,24,20.15,381,21,6,0.111,medical,MORTGAGE,0
L04423,50,58484,41305,36,13.32,306,27,9,0.706,education,RENT,1
L04424,38,51261,5569,36,23.24,481,12,9,0.109,education,RENT,0
L04425,37,27657,3242,60,10.16,825,22,2,0.117,debt_consolidation,RENT,0
L04426,44,80443,39097,60,19.15,777,2,5,0.486,debt_consolidation,MORTGAGE,0
L04427,52,42746,32085,48,12.96,482,1,9,0.751,education,RENT,0
L04428,24,56633,12487,12,14.23,613,24,3,0.22,debt_consolidation,MORTGAGE,0
L04429,42,61188,20309,48,20.25,473,8,5,0.332,vacation,OWN,0
L04430,47,51696,32771,24,10.63,313,6,8,0.634,medical,RENT,0
L04431,57,79382,28638,36,6.84,599,13,2,0.361,medical,RENT,0
L04432,63,33015,38163,48,14.88,372,4,6,1.156,home_improvement,MORTGAGE,1
L04433,58,86210,23615,36,15.05,813,19,4,0.274,education,MORTGAGE,0
L04434,43,67088,10039,36,20.15,642,14,6,0.15,education,MORTGAGE,1
L04435,63,50564,10198,48,23.4,695,19,3,0.202,education,RENT,0
L04436,33,50765,36354,48,6.05,632,0,6,0.716,home_improvement,RENT,0
L04437,63,15097,5824,60,16.24,654,19,7,0.386,education,MORTGAGE,0
L04438,34,39731,25999,12,17.94,462,6,3,0.654,car,OWN,0
L04439,32,48629,5436,60,23.73,415,29,5,0.112,debt_consolidation,MORTGAGE,0
L04440,37,58169,30014,12,22.91,702,4,8,0.516,car,RENT,0
L04441,29,77672,42857,48,18.54,378,24,2,0.552,debt_consolidation,MORTGAGE,0
L04442,61,91675,18057,12,14.91,746,3,7,0.197,medical,RENT,0
L04443,61,59900,3310,24,8.07,307,10,1,0.055,education,RENT,0
L04444,23,58700,11819,60,12.3,322,18,7,0.201,car,MORTGAGE,0
L04445,51,46173,15457,60,16.12,842,5,1,0.335,medical,OWN,0
L04446,51,24128,2477,60,18.78,713,19,4,0.103,home_improvement,RENT,0
L04447,33,44095,10906,36,17.07,708,26,4,0.247,education,MORTGAGE,0
L04448,31,51300,11868,36,18.57,321,28,5,0.231,medical,OWN,0
L04449,32,72557,20546,48,13.15,702,17,2,0.283,vacation,RENT,0
L04450,36,64351,35276,48,18.82,456,4,6,0.548,car,MORTGAGE,0
L04451,37,58987,9319,36,7.73,629,29,6,0.158,education,RENT,0
L04452,38,44545,35149,60,8.09,321,28,8,0.789,education,RENT,0
L04453,47,19321,3845,36,8.09,771,19,1,0.199,debt_consolidation,RENT,0
L04454,23,20408,25684,12,21.93,563,14,4,1.259,medical,OWN,0
L04455,33,25052,31858,60,6.44,602,20,2,1.272,education,RENT,0
L04456,47,49743,47330,36,20.23,764,27,8,0.951,education,MORTGAGE,0
L04457,44,72892,44678,48,9.44,463,24,4,0.613,car,OWN,0
L04458,39,72407,28667,36,13.9,435,19,8,0.396,debt_consolidation,RENT,0
L04459,53,69286,27293,24,22.4,551,5,2,0.394,education,MORTGAGE,0
L04460,59,45728,26893,36,16.13,504,3,4,0.588,education,MORTGAGE,0
L04461,24,75596,6629,60,8.99,601,16,9,0.088,car,OWN,0
L04462,59,38240,7704,36,10.4,541,14,5,0.201,car,RENT,0
L04463,24,70361,3776,48,22.49,360,17,6,0.054,vacation,RENT,0
L04464,51,24857,49996,12,13.12,764,5,9,2.011,medical,MORTGAGE,0
L04465,22,33811,33236,24,16.15,601,23,9,0.983,vacation,RENT,0
L04466,51,84747,3244,60,13.74,771,24,7,0.038,home_improvement,RENT,0
L04467,53,51330,3333,48,12.19,693,19,2,0.065,education,OWN,0
L04468,49,42742,5669,24,9.24,558,21,7,0.133,car,RENT,0
L04469,42,74849,19584,36,18.04,841,18,9,0.262,medical,MORTGAGE,0
L04470,34,76912,29277,24,18.65,829,11,2,0.381,home_improvement,MORTGAGE,0
L04471,48,47200,3933,12,10.22,486,8,7,0.083,education,OWN,0
L04472,57,60012,35514,24,19.99,511,7,7,0.592,home_improvement,MORTGAGE,0
L04473,28,57464,43800,24,21.24,334,27,3,0.762,vacation,OWN,1
L04474,43,15000,26357,36,22.49,446,14,6,1.757,home_improvement,MORTGAGE,0
L04475,31,29874,29071,36,8.06,581,0,8,0.973,debt_consolidation,OWN,0
L04476,60,71960,8827,60,10.77,846,28,8,0.123,debt_consolidation,RENT,0
L04477,36,40013,32844,36,21.35,548,1,3,0.821,debt_consolidation,MORTGAGE,0
L04478,36,64537,27664,24,8.77,356,25,6,0.429,education,MORTGAGE,0
L04479,25,59734,2792,12,5.07,604,29,2,0.047,home_improvement,MORTGAGE,0
L04480,53,76877,41695,36,21.55,821,24,2,0.542,education,MORTGAGE,0
L04481,44,30451,19651,60,11.2,660,25,8,0.645,education,RENT,1
L04482,27,62095,44510,60,12.88,536,2,5,0.717,car,RENT,0
L04483,45,53822,41137,24,13.48,533,29,5,0.764,medical,RENT,1
L04484,41,40784,49568,36,21.12,522,18,4,1.215,debt_consolidation,RENT,0
L04485,58,40657,21074,36,11.42,626,9,4,0.518,debt_consolidation,RENT,0
L04486,41,59094,9874,60,21.95,397,24,8,0.167,debt_consolidation,OWN,0
L04487,33,66334,18676,36,16.72,525,13,3,0.282,vacation,MORTGAGE,0
L04488,54,56144,41632,24,15.02,788,18,3,0.742,vacation,RENT,0
L04489,49,56704,38790,12,11.19,777,25,8,0.684,debt_consolidation,OWN,0
L04490,29,46027,20032,24,9.63,633,27,3,0.435,debt_consolidation,RENT,0
L04491,22,47220,32885,36,16.86,811,10,2,0.696,education,MORTGAGE,0
L04492,58,40735,13008,24,13.49,681,20,5,0.319,vacation,MORTGAGE,0
L04493,43,45665,46870,48,22.3,722,5,3,1.026,medical,MORTGAGE,0
L04494,27,65704,45878,48,14.34,647,18,6,0.698,car,RENT,0
L04495,42,67715,7171,36,14.72,452,13,7,0.106,medical,OWN,0
L04496,53,32034,11589,36,12.92,751,25,3,0.362,education,MORTGAGE,0
L04497,56,38864,20077,12,20.0,589,7,9,0.517,car,OWN,0
L04498,36,42212,8710,24,13.07,418,1,1,0.206,home_improvement,MORTGAGE,0
L04499,26,53847,22236,12,10.12,513,21,7,0.413,home_improvement,RENT,0
L04500,27,24703,40227,36,21.38,738,17,4,1.628,medical,RENT,0
L04501,46,39179,16937,36,16.34,746,24,7,0.432,vacation,RENT,0
L04502,61,30059,11754,60,16.24,341,21,9,0.391,debt_consolidation,MORTGAGE,0
L04503,50,62208,27688,12,16.61,694,24,9,0.445,home_improvement,OWN,0
L04504,28,54465,9048,36,18.66,546,29,1,0.166,education,RENT,0
L04505,61,46674,24568,48,10.95,590,3,4,0.526,vacation,RENT,0
L04506,34,35861,34047,60,5.64,547,27,7,0.949,vacation,OWN,1
L04507,59,46952,11483,24,20.4,748,2,6,0.245,car,MORTGAGE,0
L04508,39,44835,19545,60,7.45,383,1,9,0.436,home_improvement,RENT,0
L04509,23,84423,19413,24,18.71,520,23,7,0.23,medical,RENT,0
L04510,29,72946,30913,48,6.56,350,3,3,0.424,education,OWN,1
L04511,32,42567,47217,24,12.13,849,17,7,1.109,vacation,RENT,0
L04512,54,57973,35746,12,6.2,486,10,5,0.617,medical,OWN,0
L04513,59,71995,10709,24,14.92,824,8,2,0.149,medical,OWN,0
L04514,48,42561,27358,24,17.41,522,27,3,0.643,education,MORTGAGE,0
L04515,41,29492,13023,60,8.26,764,7,6,0.442,home_improvement,MORTGAGE,0
L04516,33,22656,31851,48,12.06,718,20,6,1.406,education,RENT,0
L04517,64,77900,30756,24,22.67,386,7,7,0.395,medical,MORTGAGE,0
L04518,52,51560,13145,12,13.41,558,4,6,0.255,medical,MORTGAGE,0
L04519,48,60243,23192,60,20.25,480,12,9,0.385,debt_consolidation,RENT,1
L04520,53,44663,49259,48,22.62,610,6,5,1.103,education,RENT,0
L04521,31,32177,20839,48,23.51,472,20,5,0.648,medical,MORTGAGE,0
L04522,24,35536,29410,36,22.07,621,28,8,0.828,debt_consolidation,MORTGAGE,0
L04523,48,30861,42160,12,11.03,639,4,8,1.366,home_improvement,RENT,0
L04524,56,70299,13447,60,23.29,795,12,1,0.191,medical,RENT,0
L04525,52,81866,23033,60,20.44,544,19,3,0.281,vacation,OWN,0
L04526,36,55670,43355,12,20.91,804,28,6,0.779,education,RENT,0
L04527,37,27679,12129,48,5.29,628,15,6,0.438,medical,MORTGAGE,0
L04528,34,63938,32358,24,23.13,495,29,1,0.506,debt_consolidation,MORTGAGE,0
L04529,56,77769,15907,12,19.78,361,13,2,0.205,vacation,MORTGAGE,0
L04530,32,72490,23637,60,19.59,324,4,7,0.326,home_improvement,OWN,0
L04531,42,54475,40196,12,6.55,677,22,1,0.738,education,OWN,0
L04532,32,50779,24369,48,9.42,594,18,5,0.48,car,OWN,0
L04533,51,54331,31481,36,23.28,351,3,1,0.579,car,RENT,0
L04534,56,77054,33681,36,14.51,339,23,6,0.437,debt_consolidation,MORTGAGE,1
L04535,43,68686,4589,24,12.56,756,21,7,0.067,home_improvement,MORTGAGE,0
L04536,59,48056,25560,24,20.96,301,23,8,0.532,home_improvement,MORTGAGE,0
L04537,52,47603,5034,48,6.66,768,10,3,0.106,medical,MORTGAGE,0
L04538,35,46329,2169,24,12.92,405,1,3,0.047,car,OWN,0
L04539,45,35836,28913,36,12.14,515,12,1,0.807,medical,RENT,0
L04540,53,79333,5239,48,11.65,713,15,3,0.066,home_improvement,MORTGAGE,0
L04541,57,40819,5415,48,10.85,509,8,5,0.133,debt_consolidation,RENT,0
L04542,53,63824,21952,48,8.99,357,15,6,0.344,debt_consolidation,MORTGAGE,0
L04543,36,43094,13408,12,8.29,342,6,3,0.311,vacation,RENT,0
L04544,64,46409,5484,24,17.17,437,15,4,0.118,debt_consolidation,RENT,0
L04545,56,52950,20225,60,22.47,788,12,5,0.382,car,MORTGAGE,0
L04546,24,64814,16923,36,14.67,768,4,5,0.261,vacation,MORTGAGE,0
L04547,37,50333,22936,24,10.66,688,26,9,0.456,car,MORTGAGE,0
L04548,26,34494,41612,36,8.02,497,14,8,1.206,medical,RENT,0
L04549,42,55343,21410,24,20.77,501,6,1,0.387,medical,MORTGAGE,0
L04550,31,41199,31997,60,23.46,491,17,2,0.777,debt_consolidation,OWN,0
L04551,40,82789,38733,36,11.63,406,26,5,0.468,vacation,OWN,0
L04552,46,50320,41952,60,10.53,626,19,3,0.834,car,MORTGAGE,0
L04553,25,42976,23863,36,16.43,656,22,7,0.555,car,MORTGAGE,0
L04554,50,90546,7380,12,19.73,800,1,6,0.082,home_improvement,RENT,0
L04555,40,68300,22710,12,13.65,583,7,2,0.333,debt_consolidation,OWN,0
L04556,64,38858,17285,36,16.97,767,29,8,0.445,education,OWN,0
L04557,23,40763,29260,36,18.61,807,9,5,0.718,medical,MORTGAGE,0
L04558,31,63535,34879,60,23.25,405,9,6,0.549,education,RENT,0
L04559,64,55782,18143,48,8.14,593,10,8,0.325,home_improvement,MORTGAGE,0
L04560,46,71023,9413,36,23.95,365,20,6,0.133,medical,MORTGAGE,0
L04561,41,43071,33578,24,12.45,494,28,3,0.78,medical,RENT,0
L04562,40,67619,16726,24,18.74,487,20,7,0.247,car,RENT,0
L04563,44,15000,29015,24,15.88,346,7,4,1.934,medical,OWN,1
L04564,45,52220,7983,12,14.25,661,15,6,0.153,vacation,MORTGAGE,0
L04565,32,43890,21178,60,18.26,836,15,6,0.483,medical,OWN,0
L04566,55,46809,28990,12,12.52,786,28,5,0.619,vacation,MORTGAGE,0
L04567,49,53148,12321,24,7.4,545,28,1,0.232,medical,OWN,0
L04568,26,75493,45829,36,14.29,477,27,8,0.607,home_improvement,MORTGAGE,0
L04569,26,34227,38366,24,14.92,414,16,2,1.121,car,RENT,0
L04570,42,15615,36294,36,8.84,464,5,4,2.324,home_improvement,RENT,0
L04571,33,36315,42677,60,22.78,518,17,3,1.175,car,MORTGAGE,0
L04572,25,73403,36737,48,9.32,496,16,6,0.5,home_improvement,MORTGAGE,0
L04573,63,25390,43911,36,12.78,700,11,1,1.729,debt_consolidation,OWN,1
L04574,41,44704,19886,12,7.94,375,14,9,0.445,medical,OWN,0
L04575,59,70112,46296,24,15.18,725,28,5,0.66,medical,OWN,0
L04576,46,53948,24791,24,10.85,586,6,5,0.46,debt_consolidation,RENT,0
L04577,35,75316,10301,24,14.3,844,27,4,0.137,debt_consolidation,MORTGAGE,0
L04578,32,18371,37122,36,9.27,598,13,4,2.021,vacation,OWN,0
L04579,53,49211,40087,60,6.02,593,29,1,0.815,home_improvement,OWN,0
L04580,32,79069,34993,36,19.81,746,3,9,0.443,medical,OWN,0
L04581,39,34716,49288,12,17.18,713,16,9,1.42,vacation,MORTGAGE,0
L04582,48,73626,37779,24,11.47,730,25,4,0.513,education,RENT,0
L04583,39,50757,38894,36,5.9,529,10,4,0.766,medical,RENT,0
L04584,44,62814,35381,24,21.45,395,26,7,0.563,debt_consolidation,RENT,1
L04585,32,77763,16082,12,8.23,738,5,4,0.207,vacation,MORTGAGE,0
L04586,42,62737,7458,48,22.68,470,9,1,0.119,education,RENT,0
L04587,26,44357,43770,48,14.09,616,28,9,0.987,vacation,RENT,0
L04588,44,65117,24300,48,11.47,843,27,2,0.373,vacation,MORTGAGE,0
L04589,62,43087,4699,24,19.09,790,14,5,0.109,home_improvement,OWN,0
L04590,46,59920,31485,36,21.66,687,28,4,0.525,education,RENT,0
L04591,62,32466,42285,24,12.04,371,5,8,1.302,vacation,MORTGAGE,0
L04592,31,55523,3019,60,12.74,831,15,6,0.054,medical,MORTGAGE,0
L04593,43,76407,34471,36,13.23,538,11,7,0.451,home_improvement,OWN,0
L04594,40,49622,22270,12,22.52,388,18,2,0.449,medical,OWN,0
L04595,22,74686,24615,48,18.16,834,15,4,0.33,education,RENT,0
L04596,28,110681,15698,36,9.71,453,13,4,0.142,vacation,RENT,0
L04597,25,54478,40346,36,8.51,489,5,2,0.741,vacation,RENT,0
L04598,22,66055,8729,48,9.38,714,25,4,0.132,education,RENT,0
L04599,36,63583,41729,12,10.01,453,8,9,0.656,medical,OWN,0
L04600,61,59051,13171,24,9.37,638,21,8,0.223,car,RENT,0
L04601,33,69182,15947,24,17.51,816,0,1,0.231,vacation,OWN,0
L04602,43,50534,36725,36,7.2,334,25,8,0.727,vacation,OWN,0
L04603,43,43074,21450,48,12.36,825,21,9,0.498,home_improvement,RENT,0
L04604,38,27526,15300,60,16.88,836,7,8,0.556,medical,RENT,0
L04605,50,48830,21064,12,10.53,517,6,1,0.431,vacation,RENT,0
L04606,35,71225,6441,24,6.24,553,13,8,0.09,medical,RENT,0
L04607,41,38083,47779,12,6.55,502,7,5,1.255,home_improvement,MORTGAGE,1
L04608,54,59440,21332,12,7.39,400,10,9,0.359,medical,MORTGAGE,0
L04609,64,52784,22115,12,20.88,660,27,9,0.419,medical,MORTGAGE,0
L04610,36,43827,35869,48,17.5,477,23,6,0.818,home_improvement,OWN,0
L04611,33,21645,23868,48,6.23,575,8,3,1.103,vacation,RENT,0
L04612,61,79531,43997,48,12.43,611,18,7,0.553,medical,MORTGAGE,0
L04613,41,64309,22615,36,10.29,709,6,3,0.352,car,OWN,0
L04614,51,102975,15615,48,15.98,587,5,7,0.152,vacation,RENT,0
L04615,59,74429,16732,36,14.93,824,17,8,0.225,home_improvement,MORTGAGE,0
L04616,24,79129,27367,24,14.14,700,4,5,0.346,debt_consolidation,RENT,0
L04617,49,23511,47134,24,10.98,516,18,5,2.005,education,OWN,0
L04618,47,23196,44738,24,7.62,769,10,4,1.929,car,OWN,1
L04619,51,55761,47760,24,19.11,326,4,3,0.857,vacation,MORTGAGE,0
L04620,34,34333,2981,24,21.72,721,29,8,0.087,education,MORTGAGE,0
L04621,34,42736,23554,48,22.94,313,26,6,0.551,home_improvement,MORTGAGE,1
L04622,23,100472,27319,60,6.11,800,24,6,0.272,car,OWN,0
L04623,58,76417,18130,48,19.06,624,29,2,0.237,vacation,MORTGAGE,0
L04624,59,38158,20815,60,18.8,623,23,4,0.545,education,RENT,0
L04625,23,15000,10566,48,23.0,584,24,5,0.704,debt_consolidation,OWN,0
L04626,57,36641,28329,24,9.81,388,8,5,0.773,vacation,MORTGAGE,1
L04627,47,44970,8349,12,19.1,344,26,3,0.186,debt_consolidation,OWN,0
L04628,32,49217,12728,60,6.04,797,23,5,0.259,debt_consolidation,RENT,0
L04629,29,31977,42316,12,16.99,797,29,5,1.323,medical,RENT,0
L04630,61,75337,20375,24,11.67,444,7,2,0.27,home_improvement,RENT,0
L04631,64,42193,23814,60,19.61,817,10,5,0.564,medical,RENT,0
L04632,43,66674,38214,12,21.4,381,26,3,0.573,debt_consolidation,RENT,1
L04633,41,55969,23545,48,11.93,466,21,3,0.421,home_improvement,RENT,0
L04634,29,71892,47588,24,14.99,404,5,5,0.662,home_improvement,RENT,0
L04635,50,50717,20953,48,7.23,787,29,9,0.413,home_improvement,RENT,0
L04636,61,38350,4872,48,12.92,609,14,2,0.127,car,MORTGAGE,0
L04637,47,44225,11368,24,11.86,381,5,9,0.257,vacation,MORTGAGE,0
L04638,51,44479,36103,60,8.48,393,25,3,0.812,debt_consolidation,OWN,0
L04639,38,92161,7413,36,22.0,620,21,7,0.08,home_improvement,OWN,0
L04640,41,56377,31269,36,7.81,642,28,1,0.555,education,RENT,0
L04641,37,55083,22156,24,17.08,660,29,1,0.402,car,MORTGAGE,0
L04642,64,70876,15423,36,21.91,365,10,8,0.218,car,MORTGAGE,0
L04643,28,54998,40062,12,22.33,728,28,9,0.728,education,RENT,0
L04644,37,75190,44805,60,20.07,700,14,3,0.596,debt_consolidation,RENT,0
L04645,48,48302,3987,48,8.35,470,11,6,0.083,medical,MORTGAGE,0
L04646,44,46474,39597,48,20.53,367,8,3,0.852,car,RENT,0
L04647,45,37355,20369,24,10.25,791,9,6,0.545,debt_consolidation,MORTGAGE,0
L04648,30,88300,29868,48,22.53,333,28,7,0.338,car,MORTGAGE,0
L04649,56,53743,13434,12,18.47,300,14,5,0.25,debt_consolidation,RENT,0
L04650,41,33867,16548,12,19.92,450,16,3,0.489,home_improvement,RENT,0
L04651,58,58542,18636,24,6.62,557,15,8,0.318,medical,MORTGAGE,0
L04652,63,43299,34383,48,16.07,318,25,5,0.794,education,RENT,1
L04653,38,47987,44196,36,20.6,334,21,1,0.921,car,MORTGAGE,0
L04654,52,60593,19007,36,21.37,670,7,9,0.314,education,RENT,0
L04655,29,82377,37924,60,5.54,790,16,3,0.46,car,MORTGAGE,0
L04656,36,56828,32211,24,22.84,540,10,2,0.567,car,RENT,0
L04657,52,42201,13328,60,5.82,306,10,3,0.316,vacation,MORTGAGE,1
L04658,51,45911,5389,36,16.68,848,5,7,0.117,vacation,RENT,0
L04659,41,66816,11458,36,18.17,670,24,8,0.171,education,RENT,0
L04660,60,19749,4945,36,7.04,549,21,2,0.25,home_improvement,OWN,0
L04661,33,36231,11352,60,5.91,414,29,7,0.313,car,RENT,1
L04662,38,58827,12486,24,19.91,636,1,5,0.212,medical,RENT,0
L04663,63,24279,43400,12,12.31,441,0,9,1.788,vacation,RENT,0
L04664,51,49374,4092,12,7.04,784,19,7,0.083,debt_consolidation,OWN,0
L04665,50,46391,38527,36,19.49,737,5,1,0.83,debt_consolidation,OWN,0
L04666,40,70794,7112,24,21.13,387,25,1,0.1,debt_consolidation,MORTGAGE,0
L04667,32,50494,18937,24,16.16,762,25,6,0.375,home_improvement,RENT,0
L04668,55,76360,39672,48,8.06,347,24,9,0.52,car,RENT,0
L04669,28,56419,48026,48,5.29,780,4,1,0.851,car,RENT,0
L04670,55,86976,3112,60,18.32,823,22,3,0.036,education,MORTGAGE,0
L04671,41,30025,37545,48,15.45,510,21,5,1.25,vacation,MORTGAGE,0
L04672,59,84108,33740,60,17.37,543,21,4,0.401,debt_consolidation,OWN,0
L04673,45,47599,25481,12,20.45,538,8,1,0.535,home_improvement,MORTGAGE,1
L04674,31,81531,12025,36,13.25,496,4,4,0.147,education,MORTGAGE,0
L04675,53,76334,36082,24,7.37,534,17,4,0.473,medical,RENT,0
L04676,36,15000,15562,12,22.86,486,23,4,1.037,car,RENT,0
L04677,58,63625,13304,12,15.36,589,26,3,0.209,car,RENT,0
L04678,41,72957,9015,60,16.69,520,29,7,0.124,home_improvement,RENT,0
L04679,24,78914,46885,36,22.73,796,18,1,0.594,education,OWN,0
L04680,58,33820,7710,60,22.7,795,14,2,0.228,education,OWN,0
L04681,61,65626,14588,12,15.87,601,29,1,0.222,vacation,OWN,0
L04682,29,58511,22967,24,10.65,486,14,4,0.393,home_improvement,RENT,0
L04683,61,62765,23904,48,23.95,749,8,5,0.381,education,MORTGAGE,0
L04684,44,72980,26256,60,17.94,711,13,5,0.36,vacation,RENT,0
L04685,61,75820,27052,12,12.76,544,4,2,0.357,education,OWN,0
L04686,32,43196,17436,48,15.64,612,29,3,0.404,car,MORTGAGE,1
L04687,29,59777,23815,48,12.9,795,16,4,0.398,vacation,RENT,0
L04688,50,55740,17196,12,21.88,321,14,6,0.309,education,RENT,0
L04689,51,50691,20089,36,14.17,367,19,6,0.396,vacation,MORTGAGE,0
L04690,31,52412,19604,12,20.65,691,24,2,0.374,vacation,MORTGAGE,0
L04691,60,58527,4506,24,20.96,615,16,2,0.077,education,RENT,0
L04692,49,44164,34584,48,20.66,364,23,9,0.783,vacation,MORTGAGE,1
L04693,57,70894,22709,24,18.72,840,23,2,0.32,debt_consolidation,MORTGAGE,0
L04694,34,77847,46840,60,21.24,511,24,2,0.602,debt_consolidation,RENT,0
L04695,53,40229,49111,48,12.36,499,8,3,1.221,education,RENT,0
L04696,57,78729,40247,36,7.18,477,12,9,0.511,debt_consolidation,MORTGAGE,0
L04697,58,40263,45202,12,21.01,722,21,6,1.123,debt_consolidation,RENT,0
L04698,47,71160,5090,60,14.47,761,12,6,0.072,home_improvement,RENT,0
L04699,43,78696,41265,24,7.42,343,4,5,0.524,medical,MORTGAGE,0
L04700,25,53298,23552,60,7.19,730,27,7,0.442,education,OWN,0
L04701,52,40411,31135,36,8.03,467,27,4,0.77,vacation,RENT,0
L04702,39,44403,16691,12,19.27,586,13,3,0.376,home_improvement,RENT,0
L04703,59,61513,41761,60,18.51,636,29,7,0.679,education,OWN,0
L04704,45,90363,35741,24,8.87,470,6,1,0.396,debt_consolidation,OWN,0
L04705,44,24530,23661,60,21.09,482,24,6,0.965,vacation,MORTGAGE,1
L04706,43,56804,43025,12,10.34,315,4,2,0.757,medical,MORTGAGE,0
L04707,23,53414,8092,60,20.07,795,11,2,0.151,education,OWN,0
L04708,52,46782,37674,24,14.29,409,2,8,0.805,vacation,MORTGAGE,0
L04709,32,53545,2570,12,18.9,605,8,3,0.048,car,MORTGAGE,0
L04710,49,45240,14084,36,12.25,305,9,9,0.311,car,RENT,0
L04711,53,77376,2307,36,11.6,572,28,4,0.03,education,RENT,0
L04712,26,79164,5742,48,20.99,660,0,6,0.073,home_improvement,RENT,0
L04713,59,56586,43742,60,5.67,484,13,1,0.773,medical,RENT,0
L04714,31,52459,30792,24,23.52,399,0,3,0.587,home_improvement,RENT,1
L04715,61,46125,2765,60,17.32,389,9,4,0.06,vacation,RENT,0
L04716,45,56625,43732,12,13.22,545,29,5,0.772,medical,RENT,0
L04717,56,88260,26198,48,16.93,538,10,1,0.297,education,RENT,0
L04718,44,53132,9735,24,7.33,380,27,4,0.183,home_improvement,RENT,0
L04719,38,39890,18202,60,14.77,414,19,5,0.456,vacation,RENT,0
L04720,22,47840,49199,24,23.72,575,1,4,1.028,debt_consolidation,OWN,0
L04721,52,68562,13377,12,9.47,379,22,7,0.195,vacation,RENT,0
L04722,52,42080,48042,48,18.72,478,1,8,1.142,home_improvement,MORTGAGE,1
L04723,63,54393,16297,24,13.26,608,22,8,0.3,education,RENT,0
L04724,63,63511,10036,12,17.4,808,23,3,0.158,education,MORTGAGE,0
L04725,55,43446,42364,36,8.89,559,27,5,0.975,medical,RENT,0
L04726,30,23240,26369,24,13.94,591,10,8,1.135,medical,OWN,0
L04727,43,35715,36817,48,23.62,590,7,7,1.031,debt_consolidation,RENT,0
L04728,34,39542,39443,24,8.71,841,2,9,0.997,home_improvement,MORTGAGE,0
L04729,46,50881,3663,24,17.09,362,8,7,0.072,education,RENT,0
L04730,39,55797,41244,12,15.94,704,25,2,0.739,education,MORTGAGE,0
L04731,33,69826,14028,60,15.74,779,15,4,0.201,debt_consolidation,RENT,0
L04732,61,32909,21823,60,16.69,624,25,8,0.663,car,RENT,0
L04733,38,67209,17077,24,14.54,680,15,9,0.254,education,OWN,0
L04734,36,48323,41911,48,5.32,609,9,7,0.867,vacation,MORTGAGE,0
L04735,63,22860,21631,48,22.1,642,5,5,0.946,car,MORTGAGE,0
L04736,36,55244,3910,12,20.71,774,19,1,0.071,car,RENT,0
L04737,36,78692,35500,24,8.31,355,23,9,0.451,debt_consolidation,MORTGAGE,0
L04738,60,70896,21897,24,12.85,724,19,6,0.309,debt_consolidation,MORTGAGE,0
L04739,34,53627,39377,60,19.64,441,19,2,0.734,vacation,OWN,0
L04740,38,75263,13134,12,23.62,675,10,2,0.175,debt_consolidation,MORTGAGE,0
L04741,53,58460,39224,36,23.07,525,7,1,0.671,debt_consolidation,RENT,0
L04742,30,72661,28897,48,22.09,773,19,4,0.398,debt_consolidation,RENT,0
L04743,61,25091,49280,48,8.01,324,0,2,1.964,education,MORTGAGE,1
L04744,41,32505,38103,24,22.38,664,5,9,1.172,debt_consolidation,OWN,0
L04745,47,68122,47582,12,21.69,394,27,2,0.698,debt_consolidation,MORTGAGE,0
L04746,48,82707,9056,36,12.16,807,7,9,0.109,car,MORTGAGE,0
L04747,42,62511,30950,48,12.5,475,29,1,0.495,car,MORTGAGE,0
L04748,39,46047,4753,12,13.74,707,13,7,0.103,vacation,RENT,0
L04749,34,39690,33941,36,17.47,789,2,6,0.855,medical,RENT,0
L04750,37,49324,36140,24,9.96,758,1,6,0.733,vacation,RENT,0
L04751,30,76845,16234,60,5.44,712,21,2,0.211,education,MORTGAGE,0
L04752,33,48834,11636,48,7.68,637,0,1,0.238,education,RENT,0
L04753,59,73859,5376,48,13.36,630,10,8,0.073,education,RENT,0
L04754,40,66746,32783,36,10.36,512,20,8,0.491,home_improvement,RENT,0
L04755,28,85850,43249,60,19.53,644,5,2,0.504,vacation,RENT,0
L04756,56,58604,45025,12,7.03,846,7,4,0.768,vacation,RENT,0
L04757,39,54107,18447,24,22.43,823,6,4,0.341,debt_consolidation,RENT,0
L04758,37,74758,22329,12,22.01,645,5,2,0.299,debt_consolidation,RENT,0
L04759,60,38165,18713,36,22.27,547,17,9,0.49,debt_consolidation,MORTGAGE,0
L04760,25,47007,6858,48,19.05,624,11,4,0.146,medical,MORTGAGE,0
L04761,46,24759,21472,48,7.03,766,7,4,0.867,education,MORTGAGE,0
L04762,53,32422,18524,12,13.32,390,23,4,0.571,debt_consolidation,OWN,0
L04763,61,89620,48387,24,7.5,593,26,5,0.54,home_improvement,MORTGAGE,0
L04764,34,67461,6539,36,23.77,840,20,8,0.097,car,MORTGAGE,0
L04765,38,30327,20857,24,11.33,823,18,4,0.688,home_improvement,MORTGAGE,0
L04766,58,76506,40362,36,16.12,558,27,3,0.528,medical,RENT,1
L04767,27,42333,38671,24,19.81,386,26,1,0.913,debt_consolidation,MORTGAGE,1
L04768,40,66537,7364,12,22.49,457,23,2,0.111,vacation,RENT,0
L04769,34,66268,2449,60,19.36,793,4,4,0.037,car,RENT,0
L04770,47,84969,22830,36,17.82,485,18,9,0.269,education,RENT,0
L04771,35,45320,23078,12,13.85,643,8,1,0.509,medical,MORTGAGE,0
L04772,52,41675,39574,48,16.5,815,24,6,0.95,home_improvement,OWN,0
L04773,25,15000,2869,48,6.79,808,11,6,0.191,debt_consolidation,RENT,0
L04774,60,52808,40847,24,21.79,839,14,3,0.774,medical,MORTGAGE,0
L04775,29,68055,42075,48,15.33,315,22,9,0.618,medical,RENT,0
L04776,46,70515,30140,60,5.76,824,12,3,0.427,vacation,RENT,0
L04777,34,77543,5659,36,22.48,499,23,1,0.073,education,RENT,0
L04778,53,60216,38370,24,14.3,483,12,2,0.637,vacation,OWN,1
L04779,59,64086,43352,36,21.5,608,20,4,0.676,vacation,RENT,1
L04780,59,56226,16385,36,21.28,807,20,4,0.291,education,RENT,0
L04781,49,67734,45751,12,20.5,580,4,2,0.675,home_improvement,MORTGAGE,0
L04782,51,38183,21337,48,6.17,457,1,6,0.559,vacation,MORTGAGE,0
L04783,24,29647,7131,36,9.69,659,18,6,0.241,education,RENT,0
L04784,49,40082,3358,60,21.64,558,7,3,0.084,medical,OWN,0
L04785,24,58845,27614,60,22.08,456,13,1,0.469,medical,RENT,0
L04786,55,31592,18771,48,13.7,724,28,9,0.594,education,OWN,0
L04787,37,43601,15603,48,13.36,320,5,4,0.358,medical,OWN,0
L04788,43,44176,18246,24,8.33,646,24,9,0.413,car,RENT,0
L04789,53,69072,19216,24,23.4,649,6,5,0.278,car,RENT,0
L04790,59,66881,43209,24,9.05,684,13,7,0.646,education,RENT,0
L04791,29,56268,44987,48,8.63,737,5,3,0.8,education,OWN,0
L04792,29,63119,44488,36,17.55,755,15,3,0.705,home_improvement,MORTGAGE,0
L04793,27,63474,22577,12,9.61,845,26,8,0.356,education,MORTGAGE,0
L04794,35,48454,44320,24,22.84,379,29,1,0.915,vacation,MORTGAGE,0
L04795,53,45235,13301,12,5.21,751,3,8,0.294,medical,MORTGAGE,0
L04796,56,82660,11515,60,5.11,840,6,8,0.139,vacation,RENT,0
L04797,31,15000,28802,48,14.59,788,15,3,1.92,education,MORTGAGE,0
L04798,24,41656,2891,60,14.27,822,3,1,0.069,medical,RENT,0
L04799,33,51331,23972,24,8.1,691,6,9,0.467,car,MORTGAGE,0
L04800,52,65079,49853,36,14.4,658,20,4,0.766,medical,MORTGAGE,0
L04801,50,75439,22932,24,12.82,332,1,7,0.304,home_improvement,RENT,0
L04802,26,88421,6192,12,21.92,435,22,9,0.07,debt_consolidation,OWN,0
L04803,46,53349,18128,24,5.18,709,7,3,0.34,medical,RENT,0
L04804,62,54554,24836,36,23.55,828,9,5,0.455,education,RENT,0
L04805,52,61526,26837,36,16.86,390,26,3,0.436,home_improvement,MORTGAGE,0
L04806,42,45439,24778,48,7.89,712,1,5,0.545,car,MORTGAGE,0
L04807,41,33683,45130,48,5.89,598,5,2,1.34,car,RENT,0
L04808,60,53267,18708,36,15.22,786,3,4,0.351,debt_consolidation,RENT,0
L04809,43,68416,43945,36,9.46,372,20,2,0.642,education,RENT,0
L04810,25,50627,26232,12,10.72,560,0,3,0.518,vacation,MORTGAGE,0
L04811,34,62441,41412,24,9.66,611,5,5,0.663,vacation,MORTGAGE,0
L04812,63,21361,6782,48,17.35,464,27,9,0.317,medical,OWN,0
L04813,41,55331,28315,12,15.52,634,11,3,0.512,car,MORTGAGE,0
L04814,34,47737,12052,24,6.48,801,26,6,0.252,home_improvement,MORTGAGE,0
L04815,38,32047,21521,48,15.0,460,13,4,0.672,debt_consolidation,RENT,0
L04816,57,66829,5898,12,20.03,689,14,4,0.088,vacation,MORTGAGE,0
L04817,54,88221,19219,60,6.54,370,23,5,0.218,medical,OWN,0
L04818,22,72819,6154,60,21.91,391,17,7,0.085,medical,RENT,0
L04819,36,73967,37546,48,15.99,660,16,4,0.508,car,RENT,0
L04820,34,67824,15809,12,23.06,620,8,8,0.233,home_improvement,OWN,0
L04821,38,66636,27972,24,7.81,544,14,9,0.42,home_improvement,RENT,0
L04822,45,22610,41177,24,23.88,323,17,9,1.821,vacation,MORTGAGE,1
L04823,29,52696,14523,12,17.24,702,23,9,0.276,medical,MORTGAGE,0
L04824,48,64156,39081,60,15.78,672,20,2,0.609,car,MORTGAGE,0
L04825,44,64565,24030,12,14.79,585,17,3,0.372,home_improvement,OWN,0
L04826,29,77890,42376,60,5.45,740,4,5,0.544,medical,OWN,0
L04827,29,36416,22105,60,22.85,651,15,1,0.607,home_improvement,RENT,0
L04828,47,65930,48485,24,17.24,518,8,4,0.735,debt_consolidation,OWN,0
L04829,34,35829,26295,48,6.74,784,21,5,0.734,home_improvement,RENT,0
L04830,60,51189,13864,36,5.4,742,2,9,0.271,home_improvement,MORTGAGE,0
L04831,58,53884,45982,12,5.96,517,11,8,0.853,medical,MORTGAGE,0
L04832,49,70526,14876,60,16.58,366,23,1,0.211,home_improvement,RENT,0
L04833,46,68409,20055,12,16.67,330,13,3,0.293,home_improvement,MORTGAGE,0
L04834,37,57165,35684,48,14.49,621,0,3,0.624,debt_consolidation,MORTGAGE,0
L04835,23,16263,23972,48,10.83,549,8,6,1.474,home_improvement,MORTGAGE,0
L04836,39,63007,27493,36,15.1,309,8,4,0.436,home_improvement,OWN,0
L04837,38,50181,11325,36,14.81,584,19,4,0.226,medical,MORTGAGE,0
L04838,51,80052,38775,60,5.37,452,12,1,0.484,car,OWN,1
L04839,60,75762,22373,36,10.37,843,7,4,0.295,debt_consolidation,RENT,0
L04840,34,38115,38253,60,6.01,828,10,1,1.004,home_improvement,RENT,0
L04841,53,65479,23181,24,22.1,670,29,5,0.354,car,RENT,0
L04842,50,65834,12961,60,18.78,600,13,3,0.197,medical,RENT,0
L04843,51,64525,19705,36,23.93,445,15,5,0.305,debt_consolidation,RENT,0
L04844,39,62192,46676,12,10.74,351,10,3,0.751,education,MORTGAGE,0
L04845,34,66342,38122,36,21.69,703,18,5,0.575,medical,MORTGAGE,0
L04846,64,82026,28104,48,16.46,440,28,4,0.343,car,MORTGAGE,0
L04847,42,45075,15509,36,13.61,387,21,9,0.344,debt_consolidation,RENT,0
L04848,51,38695,9101,24,9.23,726,9,6,0.235,home_improvement,MORTGAGE,0
L04849,42,69088,6743,60,19.03,383,25,2,0.098,car,OWN,0
L04850,38,21099,10951,48,22.18,542,7,1,0.519,medical,OWN,0
L04851,61,66772,9014,60,9.47,405,10,1,0.135,debt_consolidation,MORTGAGE,0
L04852,40,63584,38180,60,8.33,654,24,1,0.6,car,MORTGAGE,0
L04853,36,15000,43908,36,18.23,320,7,9,2.927,education,RENT,1
L04854,30,43545,45039,12,23.56,305,24,5,1.034,car,MORTGAGE,1
L04855,31,83367,10219,48,19.25,520,19,4,0.123,medical,MORTGAGE,0
L04856,52,28770,9163,24,10.41,386,9,5,0.318,medical,MORTGAGE,0
L04857,44,58826,4470,24,12.98,752,16,9,0.076,home_improvement,MORTGAGE,0
L04858,51,36911,45498,12,12.3,641,22,3,1.233,home_improvement,MORTGAGE,0
L04859,54,42238,18543,12,21.19,692,10,3,0.439,car,MORTGAGE,0
L04860,30,89493,21276,36,19.66,651,11,2,0.238,medical,MORTGAGE,0
L04861,22,57221,38881,24,16.19,545,9,8,0.679,car,MORTGAGE,0
L04862,56,64305,15414,48,10.22,412,19,7,0.24,vacation,MORTGAGE,0
L04863,32,52975,9749,12,22.82,457,16,2,0.184,education,MORTGAGE,0
L04864,55,27727,26182,12,17.41,536,2,4,0.944,medical,RENT,0
L04865,37,33671,13914,12,23.44,542,6,7,0.413,vacation,MORTGAGE,0
L04866,30,76211,17007,48,16.02,465,26,1,0.223,vacation,RENT,0
L04867,53,57752,32951,24,20.6,333,2,1,0.571,medical,OWN,1
L04868,36,41134,46691,48,20.45,554,16,8,1.135,home_improvement,RENT,0
L04869,33,54603,34608,48,11.41,601,22,6,0.634,car,RENT,0
L04870,54,66908,23383,36,23.32,519,7,2,0.349,debt_consolidation,RENT,0
L04871,35,63180,15042,12,5.42,331,20,1,0.238,debt_consolidation,MORTGAGE,0
L04872,29,41143,27412,24,19.61,808,21,3,0.666,education,MORTGAGE,0
L04873,29,26644,15181,36,23.35,781,29,4,0.57,medical,OWN,0
L04874,48,47673,46898,36,11.44,532,18,5,0.984,home_improvement,MORTGAGE,0
L04875,33,74962,5405,60,17.31,514,13,3,0.072,home_improvement,MORTGAGE,0
L04876,22,70378,32868,12,15.68,541,4,5,0.467,home_improvement,RENT,0
L04877,64,62387,12862,24,19.47,544,18,7,0.206,debt_consolidation,OWN,0
L04878,61,51924,30688,24,21.46,319,12,9,0.591,vacation,OWN,0
L04879,63,45698,32945,24,16.46,509,17,5,0.721,education,MORTGAGE,0
L04880,32,52258,14939,12,20.5,725,29,4,0.286,debt_consolidation,RENT,0
L04881,60,69071,48735,24,10.93,371,22,9,0.706,home_improvement,MORTGAGE,0
L04882,64,73183,30931,48,9.34,477,25,8,0.423,debt_consolidation,RENT,0
L04883,52,50287,40616,48,13.18,822,10,5,0.808,debt_consolidation,RENT,0
L04884,38,100652,41585,12,17.88,598,22,9,0.413,education,RENT,0
L04885,54,56663,40911,24,8.56,565,11,9,0.722,car,RENT,0
L04886,53,48754,49277,60,17.93,819,7,1,1.011,medical,OWN,0
L04887,50,81562,44826,60,12.49,794,11,6,0.55,vacation,OWN,0
L04888,42,18310,43164,60,20.12,574,0,5,2.357,car,RENT,0
L04889,42,63640,24942,48,5.7,352,17,6,0.392,medical,OWN,0
L04890,61,53689,46539,60,17.69,699,1,3,0.867,home_improvement,MORTGAGE,0
L04891,44,81067,7272,24,17.35,713,11,3,0.09,education,MORTGAGE,0
L04892,27,65888,46134,24,22.88,788,18,5,0.7,education,MORTGAGE,1
L04893,43,57503,26265,60,18.55,801,22,7,0.457,car,MORTGAGE,0
L04894,59,66927,30668,36,20.13,606,6,4,0.458,medical,OWN,1
L04895,58,35999,48196,60,22.19,716,6,6,1.339,education,RENT,0
L04896,29,72402,18024,36,17.83,808,0,5,0.249,car,RENT,0
L04897,62,30797,33899,12,10.51,829,17,2,1.101,education,RENT,0
L04898,56,61452,5747,12,21.53,305,7,1,0.094,debt_consolidation,OWN,0
L04899,32,55641,11297,24,19.2,721,24,6,0.203,debt_consolidation,MORTGAGE,0
L04900,45,23265,3607,48,13.06,750,9,5,0.155,car,MORTGAGE,0
L04901,42,56240,23458,24,18.5,726,28,9,0.417,car,RENT,0
L04902,23,60075,29973,24,21.49,689,22,7,0.499,vacation,OWN,0
L04903,61,43212,25117,48,23.54,633,28,1,0.581,home_improvement,MORTGAGE,0
L04904,40,36776,18450,24,23.09,747,0,6,0.502,debt_consolidation,MORTGAGE,0
L04905,60,63859,17535,48,11.18,637,14,7,0.275,education,RENT,0
L04906,49,61521,31355,24,13.01,387,14,3,0.51,car,OWN,0
L04907,38,59082,9645,12,7.08,568,27,9,0.163,medical,MORTGAGE,1
L04908,27,55159,44238,36,9.7,364,3,2,0.802,education,MORTGAGE,0
L04909,40,44801,6158,24,21.77,363,9,1,0.137,home_improvement,RENT,0
L04910,59,95899,43773,36,11.86,569,7,9,0.456,medical,RENT,0
L04911,49,49630,18786,60,16.79,676,13,7,0.379,education,OWN,0
L04912,23,39427,42693,24,17.65,628,12,1,1.083,home_improvement,MORTGAGE,0
L04913,59,55979,32911,12,19.85,817,20,4,0.588,medical,RENT,0
L04914,58,51743,28578,48,8.47,720,16,3,0.552,debt_consolidation,MORTGAGE,0
L04915,25,49212,48408,12,10.79,612,6,7,0.984,car,RENT,0
L04916,43,88736,6166,36,13.52,608,5,5,0.069,education,OWN,0
L04917,47,34664,21309,48,11.93,488,8,9,0.615,car,MORTGAGE,0
L04918,64,55673,17076,12,23.68,341,19,3,0.307,vacation,RENT,0
L04919,57,35871,21377,12,20.86,619,19,6,0.596,education,RENT,0
L04920,34,45261,11278,12,14.11,744,7,2,0.249,car,OWN,0
L04921,53,86250,35539,48,21.71,673,13,3,0.412,education,MORTGAGE,0
L04922,38,60066,13440,12,11.61,585,29,4,0.224,debt_consolidation,RENT,0
L04923,62,59848,28245,12,19.93,470,19,6,0.472,home_improvement,OWN,0
L04924,57,38089,24097,36,9.25,562,2,1,0.633,home_improvement,MORTGAGE,0
L04925,40,47356,10167,12,19.67,834,22,6,0.215,car,OWN,0
L04926,56,87816,3556,12,13.67,441,12,4,0.04,medical,MORTGAGE,0
L04927,61,63988,45918,60,7.04,447,20,8,0.718,car,OWN,0
L04928,49,48885,3151,48,10.19,739,8,9,0.064,education,OWN,0
L04929,22,62930,23698,60,12.64,715,20,8,0.377,home_improvement,OWN,0
L04930,63,59817,19601,36,19.24,324,8,8,0.328,education,MORTGAGE,0
L04931,39,39890,28807,60,6.39,393,21,2,0.722,vacation,RENT,0
L04932,61,48361,47302,24,17.53,604,21,2,0.978,home_improvement,MORTGAGE,0
L04933,54,95581,22328,48,18.6,484,10,6,0.234,medical,RENT,0
L04934,33,62056,10039,12,17.42,582,5,5,0.162,medical,OWN,0
L04935,29,26757,49427,60,19.45,454,22,6,1.847,vacation,OWN,0
L04936,45,64183,8303,60,8.39,313,11,9,0.129,education,RENT,0
L04937,37,78455,21053,12,16.15,640,26,7,0.268,education,RENT,0
L04938,25,38721,33644,12,22.88,772,3,5,0.869,education,RENT,0
L04939,59,46776,37745,36,16.6,407,3,7,0.807,medical,RENT,0
L04940,48,81167,47309,60,16.62,630,24,8,0.583,car,MORTGAGE,0
L04941,30,55628,22762,60,18.99,839,27,1,0.409,car,MORTGAGE,0
L04942,37,52428,25611,24,11.33,738,22,7,0.488,home_improvement,RENT,0
L04943,33,30950,2422,24,18.31,683,26,4,0.078,debt_consolidation,RENT,0
L04944,52,74270,33275,60,22.41,459,25,5,0.448,car,MORTGAGE,0
L04945,45,51607,28597,24,5.21,731,21,2,0.554,car,RENT,1
L04946,35,15922,13985,60,21.53,695,16,5,0.878,education,MORTGAGE,0
L04947,46,26692,30707,48,9.15,787,6,9,1.15,education,RENT,0
L04948,55,44891,5372,36,13.66,488,5,1,0.12,vacation,MORTGAGE,0
L04949,24,35688,18083,24,21.19,717,27,3,0.507,car,RENT,0
L04950,45,38512,36710,60,20.65,642,19,4,0.953,home_improvement,RENT,1
L04951,63,97204,27816,24,21.95,660,28,9,0.286,education,RENT,0
L04952,30,67735,11950,36,22.87,408,7,2,0.176,vacation,MORTGAGE,0
L04953,47,15000,36247,48,13.5,600,6,7,2.416,car,RENT,1
L04954,41,49342,6626,12,17.47,667,7,9,0.134,home_improvement,OWN,0
L04955,61,53389,28408,12,12.42,554,8,4,0.532,vacation,RENT,0
L04956,31,28415,12777,24,11.66,615,0,5,0.45,debt_consolidation,RENT,0
L04957,40,64618,7147,60,13.2,370,2,4,0.111,education,OWN,0
L04958,24,18254,7443,36,19.12,568,17,7,0.408,home_improvement,RENT,0
L04959,45,74745,2079,48,14.53,800,18,8,0.028,car,RENT,0
L04960,26,80947,33282,48,20.47,508,26,8,0.411,vacation,OWN,0
L04961,24,97346,40345,48,19.16,777,10,3,0.414,debt_consolidation,MORTGAGE,0
L04962,48,26662,14901,12,5.39,475,15,2,0.559,home_improvement,MORTGAGE,0
L04963,37,30323,4223,36,16.97,538,17,6,0.139,debt_consolidation,MORTGAGE,0
L04964,36,67468,37337,12,13.29,741,26,1,0.553,home_improvement,RENT,0
L04965,56,76288,44732,24,13.68,791,5,9,0.586,car,RENT,0
L04966,33,69561,15768,48,20.55,398,24,7,0.227,home_improvement,RENT,0
L04967,62,74434,19507,36,15.4,628,1,8,0.262,car,RENT,0
L04968,47,79782,18249,48,21.83,625,3,7,0.229,home_improvement,RENT,0
L04969,55,58640,37391,12,18.54,744,4,5,0.638,vacation,RENT,0
L04970,44,51174,36171,12,15.5,594,20,5,0.707,home_improvement,RENT,0
L04971,52,30372,9485,12,19.34,741,13,7,0.312,home_improvement,RENT,0
L04972,41,49634,46568,48,5.73,330,0,7,0.938,medical,RENT,0
L04973,33,52392,31784,36,5.51,430,28,2,0.607,medical,RENT,0
L04974,44,37905,47566,36,6.58,826,21,2,1.255,home_improvement,RENT,0
L04975,25,54311,26617,24,13.31,737,13,7,0.49,medical,MORTGAGE,0
L04976,44,35877,39748,48,9.47,625,20,5,1.108,car,RENT,0
L04977,22,75039,5878,24,23.7,566,12,2,0.078,medical,RENT,0
L04978,46,62664,3949,24,15.3,585,21,1,0.063,home_improvement,RENT,0
L04979,23,46727,21844,24,17.59,590,15,9,0.467,education,OWN,0
L04980,51,58399,22881,24,10.3,667,29,8,0.392,debt_consolidation,MORTGAGE,0
L04981,24,35108,23614,12,11.11,785,3,2,0.673,education,RENT,0
L04982,42,36933,25828,24,11.37,467,28,2,0.699,education,OWN,0
L04983,46,43590,11958,36,18.28,770,26,3,0.274,education,MORTGAGE,0
L04984,41,51545,10697,24,14.0,469,5,4,0.208,education,OWN,0
L04985,43,57541,23624,12,14.84,645,8,9,0.411,debt_consolidation,MORTGAGE,0
L04986,42,57612,17493,60,16.25,377,0,6,0.304,home_improvement,MORTGAGE,0
L04987,54,31262,44801,60,19.61,384,21,3,1.433,home_improvement,RENT,0
L04988,59,53546,23199,60,6.72,500,16,8,0.433,debt_consolidation,RENT,0
L04989,36,40275,44354,48,19.76,660,27,6,1.101,vacation,MORTGAGE,0
L04990,36,15000,2256,36,15.7,601,22,8,0.15,medical,MORTGAGE,0
L04991,46,110360,36488,12,17.71,592,3,2,0.331,vacation,MORTGAGE,0
L04992,42,40624,32493,60,11.22,593,5,8,0.8,car,RENT,0
L04993,45,41623,48009,12,12.78,408,15,5,1.153,education,RENT,1
L04994,26,30764,25731,12,9.39,664,6,4,0.836,education,MORTGAGE,0
L04995,27,35965,9076,48,23.61,793,28,3,0.252,debt_consolidation,OWN,0
L04996,64,51603,3071,60,14.44,566,26,9,0.06,debt_consolidation,OWN,0
L04997,44,79332,36390,24,23.93,392,4,7,0.459,vacation,OWN,0
L04998,25,51501,4066,12,14.31,363,8,7,0.079,car,RENT,0
L04999,48,49175,27645,60,9.18,727,23,6,0.562,vacation,MORTGAGE,0
L05000,39,76604,43410,12,14.64,667,18,9,0.567,car,MORTGAGE,0
